#ifndef HPBD_H
#define HPBD_H

#include <Arduino.h>

const uint8_t PROGMEM frame0[1024] = {
  0x00, 0x00, 0x00, 0x00, 0x00, 0x00, 0x00, 0x00, 0x00, 0x00, 0x00, 0x00, 0x00, 0x00, 0x00, 0x00,
  0x00, 0x00, 0x00, 0x00, 0x00, 0x00, 0x00, 0x00, 0x00, 0x18, 0x00, 0x00, 0x00, 0x00, 0x00, 0x00,
  0x00, 0x00, 0x00, 0x00, 0x00, 0x00, 0x00, 0x00, 0x00, 0x18, 0x00, 0x00, 0x00, 0x00, 0x00, 0x00,
  0x00, 0x00, 0x00, 0x00, 0x00, 0x00, 0x00, 0x00, 0x10, 0x38, 0x00, 0x00, 0x00, 0x00, 0x00, 0x00,
  0x00, 0x00, 0x00, 0x00, 0x00, 0x00, 0x00, 0x00, 0x18, 0x30, 0x00, 0x00, 0x00, 0x00, 0x00, 0x00,
  0x00, 0x00, 0x00, 0x00, 0x00, 0x00, 0x00, 0x00, 0x0c, 0x00, 0x00, 0x00, 0x00, 0x00, 0x00, 0x00,
  0x00, 0x00, 0x00, 0x00, 0x00, 0x00, 0x00, 0x00, 0x00, 0x00, 0x00, 0x00, 0x00, 0x00, 0x00, 0x00,
  0x00, 0x00, 0x00, 0x00, 0x00, 0x00, 0x00, 0x00, 0x01, 0xe0, 0x10, 0x00, 0x00, 0x00, 0x00, 0x00,
  0x00, 0x00, 0x00, 0x00, 0x00, 0x00, 0x00, 0x00, 0x03, 0xf9, 0xf0, 0x00, 0x00, 0x00, 0x00, 0x00,
  0x10, 0x00, 0x00, 0x00, 0x00, 0x00, 0x00, 0x00, 0x07, 0xf1, 0xf0, 0x00, 0x00, 0x00, 0x00, 0x00,
  0x00, 0x00, 0x00, 0x00, 0x00, 0x00, 0x00, 0x00, 0x07, 0xf8, 0x00, 0x00, 0x00, 0x00, 0x00, 0x00,
  0x08, 0x80, 0x00, 0x00, 0x00, 0x00, 0x00, 0x01, 0xe7, 0xf8, 0x00, 0x00, 0x00, 0x00, 0x00, 0x00,
  0x02, 0x81, 0x40, 0x00, 0x00, 0x00, 0x00, 0x01, 0xa3, 0xf0, 0x00, 0x00, 0x00, 0x00, 0x00, 0x00,
  0x00, 0x04, 0x10, 0x00, 0x00, 0x00, 0x00, 0x00, 0x01, 0xa2, 0x00, 0x00, 0x00, 0x00, 0x00, 0x00,
  0x05, 0x09, 0x40, 0x00, 0x00, 0x00, 0x00, 0x00, 0x00, 0x03, 0x00, 0x00, 0x00, 0x00, 0x00, 0x00,
  0x02, 0x02, 0x00, 0x00, 0x00, 0x00, 0x00, 0x00, 0x02, 0x03, 0xc0, 0x00, 0x00, 0x00, 0x00, 0x00,
  0x24, 0x10, 0x20, 0x00, 0x00, 0x00, 0x00, 0x00, 0x07, 0x00, 0xc0, 0x00, 0x00, 0x00, 0x00, 0x00,
  0x11, 0x0a, 0x80, 0x00, 0x00, 0x00, 0x00, 0x00, 0x06, 0x00, 0x01, 0x00, 0x00, 0x00, 0x00, 0x00,
  0x00, 0x20, 0x00, 0x00, 0x00, 0x02, 0x00, 0x00, 0x0e, 0x01, 0x03, 0x00, 0x00, 0x00, 0x00, 0x00,
  0x02, 0x89, 0x50, 0x00, 0x0c, 0x06, 0x00, 0x00, 0x00, 0x01, 0x83, 0x00, 0x00, 0x00, 0x20, 0x00,
  0x02, 0x22, 0x04, 0x00, 0x08, 0x02, 0x00, 0x00, 0x00, 0x01, 0xc6, 0x00, 0x00, 0x00, 0x00, 0x00,
  0x0b, 0x88, 0x42, 0x00, 0x0c, 0x06, 0x02, 0x01, 0xf0, 0x00, 0x63, 0x00, 0x00, 0x00, 0x02, 0x00,
  0x04, 0x01, 0x28, 0x00, 0x08, 0x04, 0x07, 0x03, 0xb8, 0x00, 0x76, 0x00, 0x00, 0x08, 0x29, 0x04,
  0x22, 0x04, 0x81, 0x00, 0x0c, 0x06, 0x0e, 0x06, 0x18, 0x00, 0x3e, 0x00, 0x00, 0x02, 0x04, 0x09,
  0x00, 0x02, 0x20, 0x00, 0x08, 0x06, 0x0f, 0x02, 0x0c, 0x00, 0x1c, 0x00, 0x00, 0x20, 0x04, 0x10,
  0x02, 0x48, 0x80, 0x00, 0x0c, 0x7e, 0x0b, 0x83, 0x18, 0xfc, 0x0c, 0x00, 0x00, 0x00, 0x90, 0x24,
  0x14, 0x00, 0x40, 0x00, 0x0f, 0xfe, 0x1d, 0x06, 0x18, 0xfe, 0x0c, 0x00, 0x00, 0x00, 0x08, 0x00,
  0x40, 0x82, 0x00, 0x00, 0x0f, 0x04, 0x7f, 0x83, 0xf0, 0xc6, 0x18, 0x00, 0x02, 0x10, 0x42, 0x2a,
  0x08, 0xa0, 0x10, 0x00, 0x08, 0x06, 0x35, 0xc3, 0xd0, 0xc2, 0x18, 0x18, 0x07, 0x80, 0x08, 0x04,
  0x28, 0x10, 0x40, 0x00, 0x0c, 0x06, 0x11, 0x83, 0x00, 0xce, 0x18, 0x1c, 0x02, 0x00, 0x01, 0x50,
  0x11, 0x02, 0x00, 0x00, 0x0c, 0x06, 0x00, 0xc1, 0x00, 0x7c, 0x30, 0x0c, 0x06, 0x42, 0x0e, 0x05,
  0x20, 0x48, 0x00, 0x00, 0x18, 0x04, 0x00, 0xc3, 0x80, 0xf0, 0x30, 0x06, 0x06, 0x10, 0x94, 0xa0,
  0x00, 0x00, 0x00, 0x00, 0x0c, 0x06, 0x00, 0x01, 0x00, 0x40, 0x70, 0x03, 0x06, 0x44, 0x09, 0x0a,
  0x41, 0x02, 0x00, 0x00, 0x18, 0x06, 0x00, 0x03, 0x00, 0xe0, 0x20, 0x03, 0x8c, 0x00, 0x48, 0x00,
  0x00, 0x00, 0x00, 0x00, 0x08, 0x06, 0x00, 0x00, 0x80, 0xc0, 0x20, 0x01, 0x8c, 0x00, 0x00, 0x0a,
  0x01, 0x40, 0x00, 0x00, 0x18, 0x00, 0x00, 0x00, 0x00, 0x00, 0x00, 0x60, 0xcc, 0x12, 0x04, 0x00,
  0x00, 0x80, 0x00, 0x00, 0x10, 0x00, 0x00, 0x00, 0x00, 0x00, 0x00, 0xe0, 0xec, 0x40, 0x28, 0x12,
  0x00, 0x80, 0x00, 0x00, 0x80, 0x40, 0x68, 0xfe, 0x30, 0x40, 0x01, 0xe0, 0x78, 0x01, 0x01, 0x40,
  0x00, 0x80, 0x00, 0x07, 0xc0, 0x60, 0xf9, 0xf4, 0x70, 0xe0, 0x01, 0xb0, 0x38, 0x04, 0x54, 0x00,
  0x00, 0x00, 0x00, 0x0e, 0xe0, 0x01, 0x9c, 0x10, 0x30, 0x40, 0x01, 0xb0, 0x18, 0x00, 0x21, 0x48,
  0x00, 0x80, 0x00, 0x08, 0x70, 0x00, 0xc8, 0x30, 0x31, 0x60, 0x0f, 0xf0, 0x10, 0x12, 0x80, 0x00,
  0x00, 0x80, 0x00, 0x0e, 0x60, 0x01, 0xdc, 0x30, 0x7f, 0xe1, 0x07, 0xf8, 0x30, 0x00, 0x22, 0x22,
  0x00, 0x80, 0x00, 0x05, 0xe0, 0x60, 0xf0, 0x30, 0x35, 0x47, 0x82, 0x18, 0x30, 0x01, 0x00, 0x08,
  0x00, 0x00, 0x00, 0x0f, 0xfc, 0x71, 0xf0, 0x30, 0x60, 0x66, 0xe6, 0x18, 0x30, 0x04, 0x41, 0x00,
  0x00, 0x40, 0x00, 0x0f, 0x1e, 0x21, 0x5c, 0x10, 0x60, 0xc4, 0xe0, 0x0c, 0x60, 0x00, 0x02, 0x00,
  0x00, 0x80, 0x00, 0x06, 0x04, 0x71, 0x9c, 0x30, 0x60, 0x6e, 0x30, 0x08, 0x40, 0x00, 0x00, 0x00,
  0x00, 0x00, 0x00, 0x0e, 0x06, 0x21, 0x06, 0x38, 0x60, 0xc4, 0x70, 0x00, 0x60, 0x00, 0x03, 0x00,
  0x00, 0x00, 0x00, 0x06, 0x0e, 0x70, 0x00, 0x30, 0x50, 0x0e, 0x30, 0x00, 0xc0, 0x00, 0x01, 0x00,
  0x00, 0x00, 0x00, 0x0c, 0x0c, 0x20, 0x00, 0x30, 0x00, 0x04, 0x60, 0x00, 0xc0, 0x00, 0x02, 0x00,
  0x00, 0x00, 0x00, 0x06, 0x1c, 0x60, 0x00, 0x38, 0x00, 0x0c, 0xe0, 0x00, 0x80, 0x00, 0x00, 0x00,
  0x00, 0x00, 0x00, 0x06, 0x38, 0x20, 0x00, 0x10, 0x00, 0x0f, 0xc0, 0x00, 0xc0, 0x00, 0x02, 0x00,
  0x00, 0x40, 0x00, 0x06, 0x70, 0x00, 0x00, 0x00, 0x00, 0x07, 0x40, 0x00, 0x00, 0x00, 0x01, 0x00,
  0x00, 0x00, 0x00, 0x0e, 0xe0, 0x00, 0x00, 0x00, 0x00, 0x05, 0x00, 0x00, 0x00, 0x00, 0x01, 0x00,
  0x00, 0x00, 0x00, 0x07, 0x80, 0x00, 0x00, 0x00, 0x00, 0x00, 0x00, 0x00, 0x00, 0x00, 0x00, 0x00,
  0x00, 0x00, 0x00, 0x07, 0x00, 0x00, 0x00, 0x00, 0x00, 0x00, 0x00, 0x00, 0x00, 0x00, 0x01, 0x00,
  0x00, 0x00, 0x00, 0x00, 0x00, 0x00, 0x60, 0x10, 0x00, 0x00, 0x00, 0x00, 0x00, 0x00, 0x00, 0x00,
  0x00, 0x00, 0x00, 0x00, 0x00, 0x00, 0x40, 0x10, 0x00, 0x00, 0x00, 0x00, 0x00, 0x00, 0x01, 0x00,
  0x00, 0x00, 0x00, 0x00, 0x00, 0x00, 0x00, 0x00, 0x00, 0x00, 0x00, 0x00, 0x00, 0x00, 0x00, 0x00,
  0x00, 0x00, 0x00, 0x00, 0x00, 0x06, 0x00, 0x06, 0x00, 0x00, 0x00, 0x00, 0x00, 0x00, 0x00, 0x00,
  0x00, 0x00, 0x00, 0x00, 0x00, 0x03, 0x80, 0x0e, 0x00, 0x00, 0x00, 0x00, 0x00, 0x00, 0x01, 0x00,
  0x00, 0x00, 0x00, 0x00, 0x00, 0x01, 0xc0, 0x78, 0x00, 0x00, 0x00, 0x00, 0x00, 0x00, 0x00, 0x00,
  0x00, 0x00, 0x00, 0x00, 0x00, 0x00, 0xff, 0xe8, 0x00, 0x00, 0x00, 0x00, 0x00, 0x00, 0x00, 0x00,
  0x00, 0x00, 0x00, 0x00, 0x00, 0x00, 0x1f, 0xa0, 0x00, 0x00, 0x00, 0x00, 0x00, 0x00, 0x00, 0x00,
  0x00, 0x00, 0x00, 0x00, 0x00, 0x00, 0x00, 0x00, 0x00, 0x00, 0x00, 0x00, 0x00, 0x00, 0x00, 0x00
};

const uint8_t PROGMEM frame1[1024] = {
  0x00, 0x00, 0x00, 0x00, 0x00, 0x00, 0x00, 0x00, 0x00, 0x00, 0x00, 0x00, 0x00, 0x00, 0x00, 0x00,
  0x00, 0x00, 0x00, 0x00, 0x00, 0x00, 0x00, 0x00, 0x00, 0x18, 0x00, 0x00, 0x00, 0x00, 0x00, 0x00,
  0x00, 0x00, 0x00, 0x00, 0x00, 0x00, 0x00, 0x00, 0x00, 0x18, 0x00, 0x00, 0x00, 0x00, 0x00, 0x00,
  0x00, 0x00, 0x00, 0x00, 0x00, 0x00, 0x00, 0x00, 0x10, 0x38, 0x00, 0x00, 0x00, 0x00, 0x00, 0x00,
  0x00, 0x00, 0x00, 0x00, 0x00, 0x00, 0x00, 0x00, 0x18, 0x30, 0x00, 0x00, 0x00, 0x00, 0x00, 0x00,
  0x00, 0x00, 0x00, 0x00, 0x00, 0x00, 0x00, 0x00, 0x0c, 0x00, 0x00, 0x00, 0x00, 0x00, 0x00, 0x00,
  0x00, 0x00, 0x00, 0x00, 0x00, 0x00, 0x00, 0x00, 0x00, 0x00, 0x00, 0x00, 0x00, 0x00, 0x00, 0x00,
  0x00, 0x00, 0x00, 0x00, 0x00, 0x00, 0x00, 0x00, 0x01, 0xe0, 0x10, 0x00, 0x00, 0x00, 0x00, 0x00,
  0x00, 0x00, 0x00, 0x00, 0x00, 0x00, 0x00, 0x00, 0x03, 0xf9, 0xf0, 0x00, 0x00, 0x00, 0x00, 0x00,
  0x10, 0x00, 0x00, 0x00, 0x00, 0x00, 0x00, 0x00, 0x07, 0xf1, 0xf0, 0x00, 0x00, 0x00, 0x00, 0x00,
  0x00, 0x00, 0x00, 0x00, 0x00, 0x00, 0x00, 0x00, 0x07, 0xf8, 0x00, 0x00, 0x00, 0x00, 0x00, 0x00,
  0x08, 0x80, 0x00, 0x00, 0x00, 0x00, 0x00, 0x01, 0xe7, 0xf8, 0x00, 0x00, 0x00, 0x00, 0x00, 0x00,
  0x02, 0x81, 0x40, 0x00, 0x00, 0x00, 0x00, 0x01, 0xa3, 0xf0, 0x00, 0x00, 0x00, 0x00, 0x00, 0x00,
  0x00, 0x04, 0x10, 0x00, 0x00, 0x00, 0x00, 0x00, 0x01, 0xa2, 0x00, 0x00, 0x00, 0x00, 0x00, 0x00,
  0x05, 0x09, 0x40, 0x00, 0x00, 0x00, 0x00, 0x00, 0x00, 0x03, 0x00, 0x00, 0x00, 0x00, 0x00, 0x00,
  0x02, 0x02, 0x00, 0x00, 0x00, 0x00, 0x00, 0x00, 0x02, 0x03, 0xc0, 0x00, 0x00, 0x00, 0x00, 0x00,
  0x24, 0x10, 0x20, 0x00, 0x00, 0x00, 0x00, 0x00, 0x07, 0x00, 0xc0, 0x00, 0x00, 0x00, 0x00, 0x00,
  0x11, 0x0a, 0x80, 0x00, 0x00, 0x00, 0x00, 0x00, 0x06, 0x00, 0x01, 0x00, 0x00, 0x00, 0x00, 0x00,
  0x00, 0x20, 0x00, 0x00, 0x00, 0x02, 0x00, 0x00, 0x0e, 0x01, 0x03, 0x00, 0x00, 0x00, 0x00, 0x00,
  0x02, 0x89, 0x50, 0x00, 0x0c, 0x06, 0x00, 0x00, 0x00, 0x01, 0x83, 0x00, 0x00, 0x00, 0x20, 0x00,
  0x02, 0x22, 0x04, 0x00, 0x08, 0x02, 0x00, 0x00, 0x00, 0x01, 0xc6, 0x00, 0x00, 0x00, 0x00, 0x00,
  0x0b, 0x88, 0x42, 0x00, 0x0c, 0x06, 0x02, 0x01, 0xf0, 0x00, 0x63, 0x00, 0x00, 0x00, 0x02, 0x00,
  0x04, 0x01, 0x28, 0x00, 0x08, 0x04, 0x07, 0x03, 0xb8, 0x00, 0x76, 0x00, 0x00, 0x08, 0x29, 0x04,
  0x22, 0x04, 0x81, 0x00, 0x0c, 0x06, 0x0e, 0x06, 0x18, 0x00, 0x3e, 0x00, 0x00, 0x02, 0x04, 0x09,
  0x00, 0x02, 0x20, 0x00, 0x08, 0x06, 0x0f, 0x02, 0x0c, 0x00, 0x1c, 0x00, 0x00, 0x20, 0x04, 0x10,
  0x02, 0x48, 0x80, 0x00, 0x0c, 0x7e, 0x0b, 0x83, 0x18, 0xfc, 0x0c, 0x00, 0x00, 0x00, 0x90, 0x24,
  0x14, 0x00, 0x40, 0x00, 0x0f, 0xfe, 0x1d, 0x06, 0x18, 0xfe, 0x0c, 0x00, 0x00, 0x00, 0x08, 0x00,
  0x40, 0x82, 0x00, 0x00, 0x0f, 0x04, 0x7f, 0x83, 0xf0, 0xc6, 0x18, 0x00, 0x02, 0x10, 0x42, 0x2a,
  0x08, 0xa0, 0x10, 0x00, 0x08, 0x06, 0x35, 0xc3, 0xd0, 0xc2, 0x18, 0x18, 0x07, 0x80, 0x08, 0x04,
  0x28, 0x10, 0x40, 0x00, 0x0c, 0x06, 0x11, 0x83, 0x00, 0xce, 0x18, 0x1c, 0x02, 0x00, 0x01, 0x50,
  0x11, 0x02, 0x00, 0x00, 0x0c, 0x06, 0x00, 0xc1, 0x00, 0x7c, 0x30, 0x0c, 0x06, 0x42, 0x0e, 0x05,
  0x20, 0x48, 0x00, 0x00, 0x18, 0x04, 0x00, 0xc3, 0x80, 0xf0, 0x30, 0x06, 0x06, 0x10, 0x94, 0xa0,
  0x00, 0x00, 0x00, 0x00, 0x0c, 0x06, 0x00, 0x01, 0x00, 0x40, 0x70, 0x03, 0x06, 0x44, 0x09, 0x0a,
  0x41, 0x02, 0x00, 0x00, 0x18, 0x06, 0x00, 0x03, 0x00, 0xe0, 0x20, 0x03, 0x8c, 0x00, 0x48, 0x00,
  0x00, 0x00, 0x00, 0x00, 0x08, 0x06, 0x00, 0x00, 0x80, 0xc0, 0x20, 0x01, 0x8c, 0x00, 0x00, 0x0a,
  0x01, 0x40, 0x00, 0x00, 0x18, 0x00, 0x00, 0x00, 0x00, 0x00, 0x00, 0x60, 0xcc, 0x12, 0x04, 0x00,
  0x00, 0x80, 0x00, 0x00, 0x10, 0x00, 0x00, 0x00, 0x00, 0x00, 0x00, 0xe0, 0xec, 0x40, 0x28, 0x12,
  0x00, 0x80, 0x00, 0x00, 0x80, 0x40, 0x68, 0xfe, 0x30, 0x40, 0x01, 0xe0, 0x78, 0x01, 0x01, 0x40,
  0x00, 0x80, 0x00, 0x07, 0xc0, 0x60, 0xf9, 0xf4, 0x70, 0xe0, 0x01, 0xb0, 0x38, 0x04, 0x54, 0x00,
  0x00, 0x00, 0x00, 0x0e, 0xe0, 0x01, 0x9c, 0x10, 0x30, 0x40, 0x01, 0xb0, 0x18, 0x00, 0x21, 0x48,
  0x00, 0x80, 0x00, 0x08, 0x70, 0x00, 0xc8, 0x30, 0x31, 0x60, 0x0f, 0xf0, 0x10, 0x12, 0x80, 0x00,
  0x00, 0x80, 0x00, 0x0e, 0x60, 0x01, 0xdc, 0x30, 0x7f, 0xe1, 0x07, 0xf8, 0x30, 0x00, 0x22, 0x22,
  0x00, 0x80, 0x00, 0x05, 0xe0, 0x60, 0xf0, 0x30, 0x35, 0x47, 0x82, 0x18, 0x30, 0x01, 0x00, 0x08,
  0x00, 0x00, 0x00, 0x0f, 0xfc, 0x71, 0xf0, 0x30, 0x60, 0x66, 0xe6, 0x18, 0x30, 0x04, 0x41, 0x00,
  0x00, 0x40, 0x00, 0x0f, 0x1e, 0x21, 0x5c, 0x10, 0x60, 0xc4, 0xe0, 0x0c, 0x60, 0x00, 0x02, 0x00,
  0x00, 0x80, 0x00, 0x06, 0x04, 0x71, 0x9c, 0x30, 0x60, 0x6e, 0x30, 0x08, 0x40, 0x00, 0x00, 0x00,
  0x00, 0x00, 0x00, 0x0e, 0x06, 0x21, 0x06, 0x38, 0x60, 0xc4, 0x70, 0x00, 0x60, 0x00, 0x03, 0x00,
  0x00, 0x00, 0x00, 0x06, 0x0e, 0x70, 0x00, 0x30, 0x50, 0x0e, 0x30, 0x00, 0xc0, 0x00, 0x01, 0x00,
  0x00, 0x00, 0x00, 0x0c, 0x0c, 0x20, 0x00, 0x30, 0x00, 0x04, 0x60, 0x00, 0xc0, 0x00, 0x02, 0x00,
  0x00, 0x00, 0x00, 0x06, 0x1c, 0x60, 0x00, 0x38, 0x00, 0x0c, 0xe0, 0x00, 0x80, 0x00, 0x00, 0x00,
  0x00, 0x00, 0x00, 0x06, 0x38, 0x20, 0x00, 0x10, 0x00, 0x0f, 0xc0, 0x00, 0xc0, 0x00, 0x02, 0x00,
  0x00, 0x40, 0x00, 0x06, 0x70, 0x00, 0x00, 0x00, 0x00, 0x07, 0x40, 0x00, 0x00, 0x00, 0x01, 0x00,
  0x00, 0x00, 0x00, 0x0e, 0xe0, 0x00, 0x00, 0x00, 0x00, 0x05, 0x00, 0x00, 0x00, 0x00, 0x01, 0x00,
  0x00, 0x00, 0x00, 0x07, 0x80, 0x00, 0x00, 0x00, 0x00, 0x00, 0x00, 0x00, 0x00, 0x00, 0x00, 0x00,
  0x00, 0x00, 0x00, 0x07, 0x00, 0x00, 0x00, 0x00, 0x00, 0x00, 0x00, 0x00, 0x00, 0x00, 0x01, 0x00,
  0x00, 0x00, 0x00, 0x00, 0x00, 0x00, 0x60, 0x10, 0x00, 0x00, 0x00, 0x00, 0x00, 0x00, 0x00, 0x00,
  0x00, 0x00, 0x00, 0x00, 0x00, 0x00, 0x40, 0x10, 0x00, 0x00, 0x00, 0x00, 0x00, 0x00, 0x01, 0x00,
  0x00, 0x00, 0x00, 0x00, 0x00, 0x00, 0x00, 0x00, 0x00, 0x00, 0x00, 0x00, 0x00, 0x00, 0x00, 0x00,
  0x00, 0x00, 0x00, 0x00, 0x00, 0x06, 0x00, 0x06, 0x00, 0x00, 0x00, 0x00, 0x00, 0x00, 0x00, 0x00,
  0x00, 0x00, 0x00, 0x00, 0x00, 0x03, 0x80, 0x0e, 0x00, 0x00, 0x00, 0x00, 0x00, 0x00, 0x01, 0x00,
  0x00, 0x00, 0x00, 0x00, 0x00, 0x01, 0xc0, 0x78, 0x00, 0x00, 0x00, 0x00, 0x00, 0x00, 0x00, 0x00,
  0x00, 0x00, 0x00, 0x00, 0x00, 0x00, 0xff, 0xe8, 0x00, 0x00, 0x00, 0x00, 0x00, 0x00, 0x00, 0x00,
  0x00, 0x00, 0x00, 0x00, 0x00, 0x00, 0x1f, 0xa0, 0x00, 0x00, 0x00, 0x00, 0x00, 0x00, 0x00, 0x00,
  0x00, 0x00, 0x00, 0x00, 0x00, 0x00, 0x00, 0x00, 0x00, 0x00, 0x00, 0x00, 0x00, 0x00, 0x00, 0x00
};

const uint8_t PROGMEM frame2[1024] = {
  0x00, 0x00, 0x00, 0x00, 0x00, 0x00, 0x00, 0x00, 0x00, 0x00, 0x00, 0x00, 0x00, 0x00, 0x00, 0x00,
  0x00, 0x00, 0x00, 0x00, 0x00, 0x00, 0x00, 0x00, 0x00, 0x18, 0x00, 0x00, 0x00, 0x00, 0x00, 0x00,
  0x00, 0x00, 0x00, 0x00, 0x00, 0x00, 0x00, 0x00, 0x00, 0x18, 0x00, 0x00, 0x00, 0x00, 0x00, 0x00,
  0x00, 0x00, 0x00, 0x00, 0x00, 0x00, 0x00, 0x00, 0x10, 0x38, 0x00, 0x00, 0x00, 0x00, 0x00, 0x00,
  0x00, 0x00, 0x00, 0x00, 0x00, 0x00, 0x00, 0x00, 0x18, 0x30, 0x00, 0x00, 0x00, 0x00, 0x00, 0x00,
  0x00, 0x00, 0x00, 0x00, 0x00, 0x00, 0x00, 0x00, 0x0c, 0x00, 0x00, 0x00, 0x00, 0x00, 0x00, 0x00,
  0x00, 0x00, 0x00, 0x00, 0x00, 0x00, 0x00, 0x00, 0x00, 0x00, 0x00, 0x00, 0x00, 0x00, 0x00, 0x00,
  0x00, 0x00, 0x00, 0x00, 0x00, 0x00, 0x00, 0x00, 0x01, 0xe0, 0x10, 0x00, 0x00, 0x00, 0x00, 0x00,
  0x00, 0x00, 0x00, 0x00, 0x00, 0x00, 0x00, 0x00, 0x03, 0xf9, 0xf0, 0x00, 0x00, 0x00, 0x00, 0x00,
  0x10, 0x00, 0x00, 0x00, 0x00, 0x00, 0x00, 0x00, 0x07, 0xf1, 0xf0, 0x00, 0x00, 0x00, 0x00, 0x00,
  0x00, 0x00, 0x00, 0x00, 0x00, 0x00, 0x00, 0x00, 0x07, 0xf8, 0x00, 0x00, 0x00, 0x00, 0x00, 0x00,
  0x08, 0x80, 0x00, 0x00, 0x00, 0x00, 0x00, 0x01, 0xe7, 0xf8, 0x00, 0x00, 0x00, 0x00, 0x00, 0x00,
  0x02, 0x81, 0x40, 0x00, 0x00, 0x00, 0x00, 0x01, 0xa3, 0xf0, 0x00, 0x00, 0x00, 0x00, 0x00, 0x00,
  0x00, 0x04, 0x10, 0x00, 0x00, 0x00, 0x00, 0x00, 0x01, 0xa2, 0x00, 0x00, 0x00, 0x00, 0x00, 0x00,
  0x05, 0x09, 0x40, 0x00, 0x00, 0x00, 0x00, 0x00, 0x00, 0x03, 0x00, 0x00, 0x00, 0x00, 0x00, 0x00,
  0x02, 0x02, 0x00, 0x00, 0x00, 0x00, 0x00, 0x00, 0x02, 0x03, 0xc0, 0x00, 0x00, 0x00, 0x00, 0x00,
  0x24, 0x10, 0x20, 0x00, 0x00, 0x00, 0x00, 0x00, 0x07, 0x00, 0xc0, 0x00, 0x00, 0x00, 0x00, 0x00,
  0x11, 0x0a, 0x80, 0x00, 0x00, 0x00, 0x00, 0x00, 0x06, 0x00, 0x01, 0x00, 0x00, 0x00, 0x00, 0x00,
  0x00, 0x20, 0x00, 0x00, 0x00, 0x02, 0x00, 0x00, 0x0e, 0x01, 0x03, 0x00, 0x00, 0x00, 0x00, 0x00,
  0x02, 0x89, 0x50, 0x00, 0x0c, 0x06, 0x00, 0x00, 0x00, 0x01, 0x83, 0x00, 0x00, 0x00, 0x20, 0x00,
  0x02, 0x22, 0x04, 0x00, 0x08, 0x02, 0x00, 0x00, 0x00, 0x01, 0xc6, 0x00, 0x00, 0x00, 0x00, 0x00,
  0x0b, 0x88, 0x42, 0x00, 0x0c, 0x06, 0x02, 0x01, 0xf0, 0x00, 0x63, 0x00, 0x00, 0x00, 0x02, 0x00,
  0x04, 0x01, 0x28, 0x00, 0x08, 0x04, 0x07, 0x03, 0xb8, 0x00, 0x76, 0x00, 0x00, 0x08, 0x29, 0x04,
  0x22, 0x04, 0x81, 0x00, 0x0c, 0x06, 0x0e, 0x06, 0x18, 0x00, 0x3e, 0x00, 0x00, 0x02, 0x04, 0x09,
  0x00, 0x02, 0x20, 0x00, 0x08, 0x06, 0x0f, 0x02, 0x0c, 0x00, 0x1c, 0x00, 0x00, 0x20, 0x04, 0x10,
  0x02, 0x48, 0x80, 0x00, 0x0c, 0x7e, 0x0b, 0x83, 0x18, 0xfc, 0x0c, 0x00, 0x00, 0x00, 0x90, 0x24,
  0x14, 0x00, 0x40, 0x00, 0x0f, 0xfe, 0x1d, 0x06, 0x18, 0xfe, 0x0c, 0x00, 0x00, 0x00, 0x08, 0x00,
  0x40, 0x82, 0x00, 0x00, 0x0f, 0x04, 0x7f, 0x83, 0xf0, 0xc6, 0x18, 0x00, 0x02, 0x10, 0x42, 0x2a,
  0x08, 0xa0, 0x10, 0x00, 0x08, 0x06, 0x35, 0xc3, 0xd0, 0xc2, 0x18, 0x18, 0x07, 0x80, 0x08, 0x04,
  0x28, 0x10, 0x40, 0x00, 0x0c, 0x06, 0x11, 0x83, 0x00, 0xce, 0x18, 0x1c, 0x02, 0x00, 0x01, 0x50,
  0x11, 0x02, 0x00, 0x00, 0x0c, 0x06, 0x00, 0xc1, 0x00, 0x7c, 0x30, 0x0c, 0x06, 0x42, 0x0e, 0x05,
  0x20, 0x48, 0x00, 0x00, 0x18, 0x04, 0x00, 0xc3, 0x80, 0xf0, 0x30, 0x06, 0x06, 0x10, 0x94, 0xa0,
  0x00, 0x00, 0x00, 0x00, 0x0c, 0x06, 0x00, 0x01, 0x00, 0x40, 0x70, 0x03, 0x06, 0x44, 0x09, 0x0a,
  0x41, 0x02, 0x00, 0x00, 0x18, 0x06, 0x00, 0x03, 0x00, 0xe0, 0x20, 0x03, 0x8c, 0x00, 0x48, 0x00,
  0x00, 0x00, 0x00, 0x00, 0x08, 0x06, 0x00, 0x00, 0x80, 0xc0, 0x20, 0x01, 0x8c, 0x00, 0x00, 0x0a,
  0x01, 0x40, 0x00, 0x00, 0x18, 0x00, 0x00, 0x00, 0x00, 0x00, 0x00, 0x60, 0xcc, 0x12, 0x04, 0x00,
  0x00, 0x80, 0x00, 0x00, 0x10, 0x00, 0x00, 0x00, 0x00, 0x00, 0x00, 0xe0, 0xec, 0x40, 0x28, 0x12,
  0x00, 0x80, 0x00, 0x00, 0x80, 0x40, 0x68, 0xfe, 0x30, 0x40, 0x01, 0xe0, 0x78, 0x01, 0x01, 0x40,
  0x00, 0x80, 0x00, 0x07, 0xc0, 0x60, 0xf9, 0xf4, 0x70, 0xe0, 0x01, 0xb0, 0x38, 0x04, 0x54, 0x00,
  0x00, 0x00, 0x00, 0x0e, 0xe0, 0x01, 0x9c, 0x10, 0x30, 0x40, 0x01, 0xb0, 0x18, 0x00, 0x21, 0x48,
  0x00, 0x80, 0x00, 0x08, 0x70, 0x00, 0xc8, 0x30, 0x31, 0x60, 0x0f, 0xf0, 0x10, 0x12, 0x80, 0x00,
  0x00, 0x80, 0x00, 0x0e, 0x60, 0x01, 0xdc, 0x30, 0x7f, 0xe1, 0x07, 0xf8, 0x30, 0x00, 0x22, 0x22,
  0x00, 0x80, 0x00, 0x05, 0xe0, 0x60, 0xf0, 0x30, 0x35, 0x47, 0x82, 0x18, 0x30, 0x01, 0x00, 0x08,
  0x00, 0x00, 0x00, 0x0f, 0xfc, 0x71, 0xf0, 0x30, 0x60, 0x66, 0xe6, 0x18, 0x30, 0x04, 0x41, 0x00,
  0x00, 0x40, 0x00, 0x0f, 0x1e, 0x21, 0x5c, 0x10, 0x60, 0xc4, 0xe0, 0x0c, 0x60, 0x00, 0x02, 0x00,
  0x00, 0x80, 0x00, 0x06, 0x04, 0x71, 0x9c, 0x30, 0x60, 0x6e, 0x30, 0x08, 0x40, 0x00, 0x00, 0x00,
  0x00, 0x00, 0x00, 0x0e, 0x06, 0x21, 0x06, 0x38, 0x60, 0xc4, 0x70, 0x00, 0x60, 0x00, 0x03, 0x00,
  0x00, 0x00, 0x00, 0x06, 0x0e, 0x70, 0x00, 0x30, 0x50, 0x0e, 0x30, 0x00, 0xc0, 0x00, 0x01, 0x00,
  0x00, 0x00, 0x00, 0x0c, 0x0c, 0x20, 0x00, 0x30, 0x00, 0x04, 0x60, 0x00, 0xc0, 0x00, 0x02, 0x00,
  0x00, 0x00, 0x00, 0x06, 0x1c, 0x60, 0x00, 0x38, 0x00, 0x0c, 0xe0, 0x00, 0x80, 0x00, 0x00, 0x00,
  0x00, 0x00, 0x00, 0x06, 0x38, 0x20, 0x00, 0x10, 0x00, 0x0f, 0xc0, 0x00, 0xc0, 0x00, 0x02, 0x00,
  0x00, 0x40, 0x00, 0x06, 0x70, 0x00, 0x00, 0x00, 0x00, 0x07, 0x40, 0x00, 0x00, 0x00, 0x01, 0x00,
  0x00, 0x00, 0x00, 0x0e, 0xe0, 0x00, 0x00, 0x00, 0x00, 0x05, 0x00, 0x00, 0x00, 0x00, 0x01, 0x00,
  0x00, 0x00, 0x00, 0x07, 0x80, 0x00, 0x00, 0x00, 0x00, 0x00, 0x00, 0x00, 0x00, 0x00, 0x00, 0x00,
  0x00, 0x00, 0x00, 0x07, 0x00, 0x00, 0x00, 0x00, 0x00, 0x00, 0x00, 0x00, 0x00, 0x00, 0x01, 0x00,
  0x00, 0x00, 0x00, 0x00, 0x00, 0x00, 0x60, 0x10, 0x00, 0x00, 0x00, 0x00, 0x00, 0x00, 0x00, 0x00,
  0x00, 0x00, 0x00, 0x00, 0x00, 0x00, 0x40, 0x10, 0x00, 0x00, 0x00, 0x00, 0x00, 0x00, 0x01, 0x00,
  0x00, 0x00, 0x00, 0x00, 0x00, 0x00, 0x00, 0x00, 0x00, 0x00, 0x00, 0x00, 0x00, 0x00, 0x00, 0x00,
  0x00, 0x00, 0x00, 0x00, 0x00, 0x06, 0x00, 0x06, 0x00, 0x00, 0x00, 0x00, 0x00, 0x00, 0x00, 0x00,
  0x00, 0x00, 0x00, 0x00, 0x00, 0x03, 0x80, 0x0e, 0x00, 0x00, 0x00, 0x00, 0x00, 0x00, 0x01, 0x00,
  0x00, 0x00, 0x00, 0x00, 0x00, 0x01, 0xc0, 0x78, 0x00, 0x00, 0x00, 0x00, 0x00, 0x00, 0x00, 0x00,
  0x00, 0x00, 0x00, 0x00, 0x00, 0x00, 0xff, 0xe8, 0x00, 0x00, 0x00, 0x00, 0x00, 0x00, 0x00, 0x00,
  0x00, 0x00, 0x00, 0x00, 0x00, 0x00, 0x1f, 0xa0, 0x00, 0x00, 0x00, 0x00, 0x00, 0x00, 0x00, 0x00,
  0x00, 0x00, 0x00, 0x00, 0x00, 0x00, 0x00, 0x00, 0x00, 0x00, 0x00, 0x00, 0x00, 0x00, 0x00, 0x00
};

const uint8_t PROGMEM frame3[1024] = {
  0x00, 0x00, 0x00, 0x00, 0x00, 0x00, 0x00, 0x00, 0x00, 0x00, 0x00, 0x00, 0x00, 0x00, 0x00, 0x00,
  0x00, 0x00, 0x00, 0x00, 0x00, 0x00, 0x00, 0x00, 0x00, 0x18, 0x00, 0x00, 0x00, 0x00, 0x00, 0x00,
  0x00, 0x00, 0x00, 0x00, 0x00, 0x00, 0x00, 0x00, 0x00, 0x18, 0x00, 0x00, 0x00, 0x00, 0x00, 0x00,
  0x00, 0x00, 0x00, 0x00, 0x00, 0x00, 0x00, 0x00, 0x10, 0x38, 0x00, 0x00, 0x00, 0x00, 0x00, 0x00,
  0x00, 0x00, 0x00, 0x00, 0x00, 0x00, 0x00, 0x00, 0x18, 0x30, 0x00, 0x00, 0x00, 0x00, 0x00, 0x00,
  0x00, 0x00, 0x00, 0x00, 0x00, 0x00, 0x00, 0x00, 0x0c, 0x00, 0x00, 0x00, 0x00, 0x00, 0x00, 0x00,
  0x00, 0x00, 0x00, 0x00, 0x00, 0x00, 0x00, 0x00, 0x00, 0x00, 0x00, 0x00, 0x00, 0x00, 0x00, 0x00,
  0x00, 0x00, 0x00, 0x00, 0x00, 0x00, 0x00, 0x00, 0x01, 0xe0, 0x10, 0x00, 0x00, 0x00, 0x00, 0x00,
  0x10, 0x00, 0x00, 0x00, 0x00, 0x00, 0x00, 0x00, 0x03, 0xf9, 0xf0, 0x00, 0x00, 0x00, 0x00, 0x00,
  0x00, 0x80, 0x00, 0x00, 0x00, 0x00, 0x00, 0x00, 0x07, 0xf1, 0xf0, 0x00, 0x00, 0x00, 0x00, 0x00,
  0x09, 0x00, 0x00, 0x00, 0x00, 0x00, 0x00, 0x00, 0x07, 0xf8, 0x00, 0x00, 0x00, 0x00, 0x00, 0x00,
  0x00, 0x00, 0x80, 0x00, 0x00, 0x00, 0x00, 0x01, 0xe7, 0xf8, 0x00, 0x00, 0x00, 0x00, 0x00, 0x00,
  0x0a, 0x82, 0x00, 0x00, 0x00, 0x00, 0x00, 0x01, 0xa3, 0xf0, 0x00, 0x00, 0x00, 0x00, 0x00, 0x00,
  0x00, 0x04, 0x50, 0x00, 0x00, 0x00, 0x00, 0x00, 0x01, 0xa2, 0x00, 0x00, 0x00, 0x00, 0x00, 0x00,
  0x02, 0x81, 0x00, 0x00, 0x00, 0x00, 0x00, 0x00, 0x00, 0x03, 0x00, 0x00, 0x00, 0x00, 0x00, 0x00,
  0x48, 0x0a, 0x00, 0x00, 0x00, 0x00, 0x00, 0x00, 0x02, 0x03, 0xc0, 0x00, 0x00, 0x00, 0x00, 0x00,
  0x22, 0x04, 0x90, 0x00, 0x00, 0x00, 0x00, 0x00, 0x07, 0x00, 0xc0, 0x00, 0x00, 0x00, 0x00, 0x00,
  0x01, 0x12, 0x00, 0x00, 0x00, 0x00, 0x00, 0x00, 0x06, 0x00, 0x01, 0x00, 0x00, 0x00, 0x00, 0x00,
  0x00, 0x00, 0x84, 0x00, 0x00, 0x02, 0x00, 0x00, 0x0e, 0x01, 0x03, 0x00, 0x00, 0x00, 0x20, 0x00,
  0x02, 0x28, 0x20, 0x00, 0x0c, 0x06, 0x00, 0x00, 0x00, 0x01, 0x83, 0x00, 0x00, 0x00, 0x02, 0x00,
  0x03, 0x05, 0x44, 0x80, 0x08, 0x02, 0x00, 0x00, 0x00, 0x01, 0xc6, 0x00, 0x00, 0x00, 0x20, 0x00,
  0x05, 0x50, 0x02, 0x00, 0x0c, 0x06, 0x02, 0x01, 0xf0, 0x00, 0x63, 0x00, 0x00, 0x08, 0x05, 0x02,
  0x05, 0x00, 0xa8, 0x00, 0x08, 0x04, 0x07, 0x03, 0xb8, 0x00, 0x76, 0x00, 0x00, 0x00, 0x10, 0x00,
  0x20, 0x02, 0x00, 0x00, 0x0c, 0x06, 0x0e, 0x06, 0x18, 0x00, 0x3e, 0x00, 0x00, 0x04, 0x05, 0x0a,
  0x02, 0x01, 0x51, 0x00, 0x08, 0x06, 0x0f, 0x02, 0x0c, 0x00, 0x1c, 0x00, 0x00, 0x21, 0x10, 0x10,
  0x00, 0x00, 0x00, 0x00, 0x0c, 0x7e, 0x0b, 0x83, 0x18, 0xfc, 0x0c, 0x00, 0x00, 0x00, 0x82, 0x0a,
  0x04, 0x84, 0xa0, 0x00, 0x0f, 0xfe, 0x1d, 0x06, 0x18, 0xfe, 0x0c, 0x00, 0x00, 0x40, 0x48, 0x10,
  0x28, 0x20, 0x00, 0x00, 0x0f, 0x04, 0x7f, 0x83, 0xf0, 0xc6, 0x18, 0x00, 0x02, 0x00, 0x00, 0x4a,
  0x02, 0x80, 0x10, 0x00, 0x0c, 0x06, 0x35, 0xc3, 0xd0, 0xc2, 0x18, 0x18, 0x17, 0x00, 0x04, 0x00,
  0x28, 0x12, 0x42, 0x00, 0x08, 0x06, 0x11, 0x83, 0x00, 0xce, 0x18, 0x1c, 0x02, 0x00, 0x00, 0x51,
  0x08, 0x40, 0x00, 0x00, 0x0c, 0x06, 0x00, 0xc1, 0x00, 0x7c, 0x30, 0x0c, 0x06, 0x80, 0x0e, 0x24,
  0x41, 0x08, 0x00, 0x00, 0x18, 0x04, 0x00, 0xc3, 0x80, 0xf0, 0x30, 0x06, 0x06, 0x2a, 0x94, 0x80,
  0x20, 0x00, 0x80, 0x00, 0x0c, 0x06, 0x00, 0x01, 0x00, 0x40, 0x70, 0x03, 0x06, 0x00, 0x0a, 0x12,
  0x11, 0x04, 0x00, 0x00, 0x18, 0x06, 0x00, 0x03, 0x00, 0xe0, 0x20, 0x03, 0x8c, 0x00, 0x00, 0x00,
  0x00, 0x40, 0x00, 0x00, 0x18, 0x06, 0x00, 0x00, 0x80, 0xc0, 0x20, 0x01, 0x8c, 0x00, 0x08, 0x05,
  0x00, 0x80, 0x00, 0x00, 0x08, 0x00, 0x00, 0x00, 0x00, 0x00, 0x00, 0x60, 0xcc, 0x11, 0x02, 0x00,
  0x00, 0x80, 0x00, 0x00, 0x10, 0x00, 0x00, 0x00, 0x00, 0x00, 0x00, 0xe0, 0xe8, 0x84, 0x24, 0x12,
  0x00, 0x80, 0x00, 0x00, 0x80, 0x40, 0x68, 0xfe, 0x30, 0x40, 0x01, 0xe0, 0x7c, 0x00, 0x08, 0x80,
  0x00, 0x00, 0x00, 0x07, 0xc0, 0x60, 0xf9, 0xf4, 0x70, 0xe0, 0x01, 0xb0, 0x38, 0x01, 0x40, 0x00,
  0x01, 0x80, 0x00, 0x0e, 0xe0, 0x01, 0x9c, 0x10, 0x30, 0x40, 0x01, 0xb0, 0x10, 0x04, 0x25, 0x48,
  0x00, 0x00, 0x00, 0x04, 0x70, 0x00, 0xc8, 0x30, 0x31, 0x60, 0x0f, 0xf0, 0x18, 0x10, 0x90, 0x00,
  0x00, 0x80, 0x00, 0x0c, 0x60, 0x01, 0xdc, 0x30, 0x7f, 0xe1, 0x07, 0xf8, 0x30, 0x00, 0x00, 0x22,
  0x00, 0x00, 0x00, 0x0e, 0xe8, 0x60, 0xf0, 0x30, 0x35, 0x47, 0x82, 0x18, 0x30, 0x05, 0x42, 0x80,
  0x00, 0x40, 0x00, 0x07, 0xfc, 0x71, 0xf0, 0x30, 0x60, 0x66, 0xe6, 0x18, 0x30, 0x00, 0x00, 0x08,
  0x00, 0x00, 0x00, 0x0f, 0x8c, 0x21, 0x5c, 0x10, 0x60, 0xc4, 0xe0, 0x0c, 0x60, 0x00, 0x84, 0x00,
  0x00, 0x80, 0x00, 0x0e, 0x06, 0x71, 0x9c, 0x30, 0x60, 0x6e, 0x30, 0x08, 0x40, 0x00, 0x02, 0x00,
  0x00, 0x00, 0x00, 0x04, 0x06, 0x21, 0x06, 0x38, 0x60, 0xc4, 0x70, 0x00, 0x60, 0x01, 0x01, 0x00,
  0x00, 0x00, 0x00, 0x0e, 0x0c, 0x70, 0x00, 0x30, 0x50, 0x0e, 0x30, 0x00, 0xc0, 0x00, 0x02, 0x00,
  0x00, 0x40, 0x00, 0x06, 0x0e, 0x20, 0x00, 0x30, 0x00, 0x04, 0x60, 0x00, 0xc0, 0x00, 0x01, 0x00,
  0x00, 0x00, 0x00, 0x06, 0x1c, 0x60, 0x00, 0x38, 0x00, 0x0c, 0xe0, 0x00, 0x80, 0x00, 0x02, 0x00,
  0x00, 0x00, 0x00, 0x0c, 0x38, 0x20, 0x00, 0x10, 0x00, 0x0f, 0xc0, 0x00, 0xc0, 0x00, 0x00, 0x00,
  0x00, 0x00, 0x00, 0x06, 0x70, 0x00, 0x00, 0x00, 0x00, 0x07, 0x40, 0x00, 0x00, 0x00, 0x01, 0x00,
  0x00, 0x00, 0x00, 0x06, 0xe0, 0x00, 0x00, 0x00, 0x00, 0x05, 0x00, 0x00, 0x00, 0x00, 0x01, 0x00,
  0x00, 0x00, 0x00, 0x07, 0xc0, 0x00, 0x00, 0x00, 0x00, 0x00, 0x00, 0x00, 0x00, 0x00, 0x00, 0x00,
  0x00, 0x00, 0x00, 0x07, 0x00, 0x00, 0x00, 0x00, 0x00, 0x00, 0x00, 0x00, 0x00, 0x00, 0x01, 0x00,
  0x00, 0x20, 0x00, 0x00, 0x00, 0x00, 0x60, 0x10, 0x00, 0x00, 0x00, 0x00, 0x00, 0x00, 0x00, 0x00,
  0x00, 0x00, 0x00, 0x00, 0x00, 0x00, 0x40, 0x10, 0x00, 0x00, 0x00, 0x00, 0x00, 0x00, 0x01, 0x00,
  0x00, 0x00, 0x00, 0x00, 0x00, 0x00, 0x00, 0x00, 0x00, 0x00, 0x00, 0x00, 0x00, 0x00, 0x00, 0x00,
  0x00, 0x00, 0x00, 0x00, 0x00, 0x06, 0x00, 0x06, 0x00, 0x00, 0x00, 0x00, 0x00, 0x00, 0x00, 0x00,
  0x00, 0x00, 0x00, 0x00, 0x00, 0x03, 0x80, 0x0e, 0x00, 0x00, 0x00, 0x00, 0x00, 0x00, 0x00, 0x00,
  0x00, 0x00, 0x00, 0x00, 0x00, 0x01, 0xc0, 0x78, 0x00, 0x00, 0x00, 0x00, 0x00, 0x00, 0x01, 0x00,
  0x00, 0x00, 0x00, 0x00, 0x00, 0x00, 0xff, 0xe8, 0x00, 0x00, 0x00, 0x00, 0x00, 0x00, 0x00, 0x00,
  0x00, 0x00, 0x00, 0x00, 0x00, 0x00, 0x1f, 0xa0, 0x00, 0x00, 0x00, 0x00, 0x00, 0x00, 0x00, 0x00,
  0x00, 0x00, 0x00, 0x00, 0x00, 0x00, 0x00, 0x00, 0x00, 0x00, 0x00, 0x00, 0x00, 0x00, 0x00, 0x00
};

const uint8_t PROGMEM frame4[1024] = {
  0x00, 0x00, 0x00, 0x00, 0x00, 0x00, 0x00, 0x00, 0x00, 0x00, 0x00, 0x00, 0x00, 0x00, 0x00, 0x00,
  0x00, 0x00, 0x00, 0x00, 0x00, 0x00, 0x00, 0x00, 0x00, 0x18, 0x00, 0x00, 0x00, 0x00, 0x00, 0x00,
  0x00, 0x00, 0x00, 0x00, 0x00, 0x00, 0x00, 0x00, 0x00, 0x18, 0x00, 0x00, 0x00, 0x00, 0x00, 0x00,
  0x00, 0x00, 0x00, 0x00, 0x00, 0x00, 0x00, 0x00, 0x10, 0x38, 0x00, 0x00, 0x00, 0x00, 0x00, 0x00,
  0x00, 0x00, 0x00, 0x00, 0x00, 0x00, 0x00, 0x00, 0x18, 0x30, 0x00, 0x00, 0x00, 0x00, 0x00, 0x00,
  0x00, 0x00, 0x00, 0x00, 0x00, 0x00, 0x00, 0x00, 0x0c, 0x00, 0x00, 0x00, 0x00, 0x00, 0x00, 0x00,
  0x00, 0x00, 0x00, 0x00, 0x00, 0x00, 0x00, 0x00, 0x00, 0x00, 0x00, 0x00, 0x00, 0x00, 0x00, 0x00,
  0x00, 0x00, 0x00, 0x00, 0x00, 0x00, 0x00, 0x00, 0x01, 0xe0, 0x10, 0x00, 0x00, 0x00, 0x00, 0x00,
  0x10, 0x00, 0x00, 0x00, 0x00, 0x00, 0x00, 0x00, 0x03, 0xf9, 0xf0, 0x00, 0x00, 0x00, 0x00, 0x00,
  0x00, 0x80, 0x00, 0x00, 0x00, 0x00, 0x00, 0x00, 0x07, 0xf1, 0xf0, 0x00, 0x00, 0x00, 0x00, 0x00,
  0x09, 0x00, 0x00, 0x00, 0x00, 0x00, 0x00, 0x00, 0x07, 0xf8, 0x00, 0x00, 0x00, 0x00, 0x00, 0x00,
  0x00, 0x00, 0x80, 0x00, 0x00, 0x00, 0x00, 0x01, 0xe7, 0xf8, 0x00, 0x00, 0x00, 0x00, 0x00, 0x00,
  0x0a, 0x82, 0x00, 0x00, 0x00, 0x00, 0x00, 0x01, 0xa3, 0xf0, 0x00, 0x00, 0x00, 0x00, 0x00, 0x00,
  0x00, 0x04, 0x50, 0x00, 0x00, 0x00, 0x00, 0x00, 0x01, 0xa2, 0x00, 0x00, 0x00, 0x00, 0x00, 0x00,
  0x02, 0x81, 0x00, 0x00, 0x00, 0x00, 0x00, 0x00, 0x00, 0x03, 0x00, 0x00, 0x00, 0x00, 0x00, 0x00,
  0x48, 0x0a, 0x00, 0x00, 0x00, 0x00, 0x00, 0x00, 0x02, 0x03, 0xc0, 0x00, 0x00, 0x00, 0x00, 0x00,
  0x22, 0x04, 0x90, 0x00, 0x00, 0x00, 0x00, 0x00, 0x07, 0x00, 0xc0, 0x00, 0x00, 0x00, 0x00, 0x00,
  0x01, 0x12, 0x00, 0x00, 0x00, 0x00, 0x00, 0x00, 0x06, 0x00, 0x01, 0x00, 0x00, 0x00, 0x00, 0x00,
  0x00, 0x00, 0x84, 0x00, 0x00, 0x02, 0x00, 0x00, 0x0e, 0x01, 0x03, 0x00, 0x00, 0x00, 0x20, 0x00,
  0x02, 0x28, 0x20, 0x00, 0x0c, 0x06, 0x00, 0x00, 0x00, 0x01, 0x83, 0x00, 0x00, 0x00, 0x02, 0x00,
  0x03, 0x05, 0x44, 0x80, 0x08, 0x02, 0x00, 0x00, 0x00, 0x01, 0xc6, 0x00, 0x00, 0x00, 0x20, 0x00,
  0x05, 0x50, 0x02, 0x00, 0x0c, 0x06, 0x02, 0x01, 0xf0, 0x00, 0x63, 0x00, 0x00, 0x08, 0x05, 0x02,
  0x05, 0x00, 0xa8, 0x00, 0x08, 0x04, 0x07, 0x03, 0xb8, 0x00, 0x76, 0x00, 0x00, 0x00, 0x10, 0x00,
  0x20, 0x02, 0x00, 0x00, 0x0c, 0x06, 0x0e, 0x06, 0x18, 0x00, 0x3e, 0x00, 0x00, 0x04, 0x05, 0x0a,
  0x02, 0x01, 0x51, 0x00, 0x08, 0x06, 0x0f, 0x02, 0x0c, 0x00, 0x1c, 0x00, 0x00, 0x21, 0x10, 0x10,
  0x00, 0x00, 0x00, 0x00, 0x0c, 0x7e, 0x0b, 0x83, 0x18, 0xfc, 0x0c, 0x00, 0x00, 0x00, 0x82, 0x0a,
  0x04, 0x84, 0xa0, 0x00, 0x0f, 0xfe, 0x1d, 0x06, 0x18, 0xfe, 0x0c, 0x00, 0x00, 0x40, 0x48, 0x10,
  0x28, 0x20, 0x00, 0x00, 0x0f, 0x04, 0x7f, 0x83, 0xf0, 0xc6, 0x18, 0x00, 0x02, 0x00, 0x00, 0x4a,
  0x02, 0x80, 0x10, 0x00, 0x0c, 0x06, 0x35, 0xc3, 0xd0, 0xc2, 0x18, 0x18, 0x17, 0x00, 0x04, 0x00,
  0x28, 0x12, 0x42, 0x00, 0x08, 0x06, 0x11, 0x83, 0x00, 0xce, 0x18, 0x1c, 0x02, 0x00, 0x00, 0x51,
  0x08, 0x40, 0x00, 0x00, 0x0c, 0x06, 0x00, 0xc1, 0x00, 0x7c, 0x30, 0x0c, 0x06, 0x80, 0x0e, 0x24,
  0x41, 0x08, 0x00, 0x00, 0x18, 0x04, 0x00, 0xc3, 0x80, 0xf0, 0x30, 0x06, 0x06, 0x2a, 0x94, 0x80,
  0x20, 0x00, 0x80, 0x00, 0x0c, 0x06, 0x00, 0x01, 0x00, 0x40, 0x70, 0x03, 0x06, 0x00, 0x0a, 0x12,
  0x11, 0x04, 0x00, 0x00, 0x18, 0x06, 0x00, 0x03, 0x00, 0xe0, 0x20, 0x03, 0x8c, 0x00, 0x00, 0x00,
  0x00, 0x40, 0x00, 0x00, 0x18, 0x06, 0x00, 0x00, 0x80, 0xc0, 0x20, 0x01, 0x8c, 0x00, 0x08, 0x05,
  0x00, 0x80, 0x00, 0x00, 0x08, 0x00, 0x00, 0x00, 0x00, 0x00, 0x00, 0x60, 0xcc, 0x11, 0x02, 0x00,
  0x00, 0x80, 0x00, 0x00, 0x10, 0x00, 0x00, 0x00, 0x00, 0x00, 0x00, 0xe0, 0xe8, 0x84, 0x24, 0x12,
  0x00, 0x80, 0x00, 0x00, 0x80, 0x40, 0x68, 0xfe, 0x30, 0x40, 0x01, 0xe0, 0x7c, 0x00, 0x08, 0x80,
  0x00, 0x00, 0x00, 0x07, 0xc0, 0x60, 0xf9, 0xf4, 0x70, 0xe0, 0x01, 0xb0, 0x38, 0x01, 0x40, 0x00,
  0x01, 0x80, 0x00, 0x0e, 0xe0, 0x01, 0x9c, 0x10, 0x30, 0x40, 0x01, 0xb0, 0x10, 0x04, 0x25, 0x48,
  0x00, 0x00, 0x00, 0x04, 0x70, 0x00, 0xc8, 0x30, 0x31, 0x60, 0x0f, 0xf0, 0x18, 0x10, 0x90, 0x00,
  0x00, 0x80, 0x00, 0x0c, 0x60, 0x01, 0xdc, 0x30, 0x7f, 0xe1, 0x07, 0xf8, 0x30, 0x00, 0x00, 0x22,
  0x00, 0x00, 0x00, 0x0e, 0xe8, 0x60, 0xf0, 0x30, 0x35, 0x47, 0x82, 0x18, 0x30, 0x05, 0x42, 0x80,
  0x00, 0x40, 0x00, 0x07, 0xfc, 0x71, 0xf0, 0x30, 0x60, 0x66, 0xe6, 0x18, 0x30, 0x00, 0x00, 0x08,
  0x00, 0x00, 0x00, 0x0f, 0x8c, 0x21, 0x5c, 0x10, 0x60, 0xc4, 0xe0, 0x0c, 0x60, 0x00, 0x84, 0x00,
  0x00, 0x80, 0x00, 0x0e, 0x06, 0x71, 0x9c, 0x30, 0x60, 0x6e, 0x30, 0x08, 0x40, 0x00, 0x02, 0x00,
  0x00, 0x00, 0x00, 0x04, 0x06, 0x21, 0x06, 0x38, 0x60, 0xc4, 0x70, 0x00, 0x60, 0x01, 0x01, 0x00,
  0x00, 0x00, 0x00, 0x0e, 0x0c, 0x70, 0x00, 0x30, 0x50, 0x0e, 0x30, 0x00, 0xc0, 0x00, 0x02, 0x00,
  0x00, 0x40, 0x00, 0x06, 0x0e, 0x20, 0x00, 0x30, 0x00, 0x04, 0x60, 0x00, 0xc0, 0x00, 0x01, 0x00,
  0x00, 0x00, 0x00, 0x06, 0x1c, 0x60, 0x00, 0x38, 0x00, 0x0c, 0xe0, 0x00, 0x80, 0x00, 0x02, 0x00,
  0x00, 0x00, 0x00, 0x0c, 0x38, 0x20, 0x00, 0x10, 0x00, 0x0f, 0xc0, 0x00, 0xc0, 0x00, 0x00, 0x00,
  0x00, 0x00, 0x00, 0x06, 0x70, 0x00, 0x00, 0x00, 0x00, 0x07, 0x40, 0x00, 0x00, 0x00, 0x01, 0x00,
  0x00, 0x00, 0x00, 0x06, 0xe0, 0x00, 0x00, 0x00, 0x00, 0x05, 0x00, 0x00, 0x00, 0x00, 0x01, 0x00,
  0x00, 0x00, 0x00, 0x07, 0xc0, 0x00, 0x00, 0x00, 0x00, 0x00, 0x00, 0x00, 0x00, 0x00, 0x00, 0x00,
  0x00, 0x00, 0x00, 0x07, 0x00, 0x00, 0x00, 0x00, 0x00, 0x00, 0x00, 0x00, 0x00, 0x00, 0x01, 0x00,
  0x00, 0x20, 0x00, 0x00, 0x00, 0x00, 0x60, 0x10, 0x00, 0x00, 0x00, 0x00, 0x00, 0x00, 0x00, 0x00,
  0x00, 0x00, 0x00, 0x00, 0x00, 0x00, 0x40, 0x10, 0x00, 0x00, 0x00, 0x00, 0x00, 0x00, 0x01, 0x00,
  0x00, 0x00, 0x00, 0x00, 0x00, 0x00, 0x00, 0x00, 0x00, 0x00, 0x00, 0x00, 0x00, 0x00, 0x00, 0x00,
  0x00, 0x00, 0x00, 0x00, 0x00, 0x06, 0x00, 0x06, 0x00, 0x00, 0x00, 0x00, 0x00, 0x00, 0x00, 0x00,
  0x00, 0x00, 0x00, 0x00, 0x00, 0x03, 0x80, 0x0e, 0x00, 0x00, 0x00, 0x00, 0x00, 0x00, 0x00, 0x00,
  0x00, 0x00, 0x00, 0x00, 0x00, 0x01, 0xc0, 0x78, 0x00, 0x00, 0x00, 0x00, 0x00, 0x00, 0x01, 0x00,
  0x00, 0x00, 0x00, 0x00, 0x00, 0x00, 0xff, 0xe8, 0x00, 0x00, 0x00, 0x00, 0x00, 0x00, 0x00, 0x00,
  0x00, 0x00, 0x00, 0x00, 0x00, 0x00, 0x1f, 0xa0, 0x00, 0x00, 0x00, 0x00, 0x00, 0x00, 0x00, 0x00,
  0x00, 0x00, 0x00, 0x00, 0x00, 0x00, 0x00, 0x00, 0x00, 0x00, 0x00, 0x00, 0x00, 0x00, 0x00, 0x00
};

const uint8_t PROGMEM frame5[1024] = {
  0x00, 0x00, 0x00, 0x00, 0x00, 0x00, 0x00, 0x00, 0x00, 0x00, 0x00, 0x00, 0x00, 0x00, 0x00, 0x00,
  0x00, 0x00, 0x00, 0x00, 0x00, 0x00, 0x00, 0x00, 0x00, 0x18, 0x00, 0x00, 0x00, 0x00, 0x00, 0x00,
  0x00, 0x00, 0x00, 0x00, 0x00, 0x00, 0x00, 0x00, 0x00, 0x18, 0x00, 0x00, 0x00, 0x00, 0x00, 0x00,
  0x00, 0x00, 0x00, 0x00, 0x00, 0x00, 0x00, 0x00, 0x10, 0x38, 0x00, 0x00, 0x00, 0x00, 0x00, 0x00,
  0x00, 0x00, 0x00, 0x00, 0x00, 0x00, 0x00, 0x00, 0x18, 0x30, 0x00, 0x00, 0x00, 0x00, 0x00, 0x00,
  0x00, 0x00, 0x00, 0x00, 0x00, 0x00, 0x00, 0x00, 0x0c, 0x00, 0x00, 0x00, 0x00, 0x00, 0x00, 0x00,
  0x00, 0x00, 0x00, 0x00, 0x00, 0x00, 0x00, 0x00, 0x00, 0x00, 0x00, 0x00, 0x00, 0x00, 0x00, 0x00,
  0x00, 0x00, 0x00, 0x00, 0x00, 0x00, 0x00, 0x00, 0x01, 0xe0, 0x10, 0x00, 0x00, 0x00, 0x00, 0x00,
  0x10, 0x00, 0x00, 0x00, 0x00, 0x00, 0x00, 0x00, 0x03, 0xf9, 0xf0, 0x00, 0x00, 0x00, 0x00, 0x00,
  0x00, 0x80, 0x00, 0x00, 0x00, 0x00, 0x00, 0x00, 0x07, 0xf1, 0xf0, 0x00, 0x00, 0x00, 0x00, 0x00,
  0x09, 0x00, 0x00, 0x00, 0x00, 0x00, 0x00, 0x00, 0x07, 0xf8, 0x00, 0x00, 0x00, 0x00, 0x00, 0x00,
  0x00, 0x00, 0x80, 0x00, 0x00, 0x00, 0x00, 0x01, 0xe7, 0xf8, 0x00, 0x00, 0x00, 0x00, 0x00, 0x00,
  0x0a, 0x82, 0x00, 0x00, 0x00, 0x00, 0x00, 0x01, 0xa3, 0xf0, 0x00, 0x00, 0x00, 0x00, 0x00, 0x00,
  0x00, 0x04, 0x50, 0x00, 0x00, 0x00, 0x00, 0x00, 0x01, 0xa2, 0x00, 0x00, 0x00, 0x00, 0x00, 0x00,
  0x02, 0x81, 0x00, 0x00, 0x00, 0x00, 0x00, 0x00, 0x00, 0x03, 0x00, 0x00, 0x00, 0x00, 0x00, 0x00,
  0x48, 0x0a, 0x00, 0x00, 0x00, 0x00, 0x00, 0x00, 0x02, 0x03, 0xc0, 0x00, 0x00, 0x00, 0x00, 0x00,
  0x22, 0x04, 0x90, 0x00, 0x00, 0x00, 0x00, 0x00, 0x07, 0x00, 0xc0, 0x00, 0x00, 0x00, 0x00, 0x00,
  0x01, 0x12, 0x00, 0x00, 0x00, 0x00, 0x00, 0x00, 0x06, 0x00, 0x03, 0x00, 0x00, 0x00, 0x00, 0x00,
  0x00, 0x00, 0x84, 0x00, 0x04, 0x02, 0x00, 0x00, 0x0e, 0x03, 0x03, 0x00, 0x00, 0x00, 0x20, 0x00,
  0x02, 0x28, 0x20, 0x00, 0x0c, 0x06, 0x00, 0x00, 0x00, 0x01, 0x86, 0x00, 0x00, 0x00, 0x02, 0x00,
  0x03, 0x05, 0x44, 0x80, 0x08, 0x02, 0x00, 0x00, 0xc0, 0x01, 0xc6, 0x00, 0x00, 0x00, 0x20, 0x00,
  0x05, 0x50, 0x02, 0x00, 0x0c, 0x06, 0x00, 0x03, 0xf0, 0x00, 0x66, 0x00, 0x00, 0x08, 0x05, 0x02,
  0x05, 0x00, 0xa8, 0x00, 0x0c, 0x03, 0x06, 0x06, 0x38, 0x00, 0x7c, 0x00, 0x00, 0x00, 0x10, 0x00,
  0x20, 0x02, 0x00, 0x00, 0x0c, 0x06, 0x0f, 0x04, 0x18, 0x00, 0x1c, 0x00, 0x00, 0x04, 0x05, 0x0a,
  0x02, 0x01, 0x51, 0x00, 0x0a, 0x0e, 0x0e, 0x06, 0x18, 0x38, 0x1c, 0x00, 0x00, 0x21, 0x10, 0x10,
  0x00, 0x00, 0x00, 0x00, 0x0c, 0xfe, 0x1f, 0x02, 0x18, 0x7e, 0x18, 0x00, 0x00, 0x00, 0x82, 0x0a,
  0x04, 0x84, 0xa0, 0x00, 0x0f, 0xeb, 0x1b, 0x07, 0x70, 0xc6, 0x18, 0x00, 0x00, 0x40, 0x48, 0x10,
  0x28, 0x20, 0x00, 0x00, 0x0f, 0x06, 0x7f, 0x83, 0xe0, 0x63, 0x18, 0x08, 0x03, 0x00, 0x00, 0x4a,
  0x02, 0x80, 0x10, 0x00, 0x0c, 0x02, 0x77, 0x87, 0x40, 0xc7, 0x18, 0x1c, 0x15, 0x00, 0x04, 0x00,
  0x28, 0x12, 0x42, 0x00, 0x0c, 0x07, 0x11, 0x03, 0x00, 0x6e, 0x30, 0x0c, 0x03, 0x00, 0x00, 0x51,
  0x08, 0x40, 0x00, 0x00, 0x0c, 0x06, 0x11, 0xc3, 0x00, 0x7c, 0x30, 0x06, 0x06, 0x00, 0x0e, 0x24,
  0x41, 0x08, 0x00, 0x00, 0x08, 0x02, 0x00, 0xc2, 0x00, 0x70, 0x60, 0x07, 0x05, 0x55, 0x14, 0x80,
  0x20, 0x00, 0x80, 0x00, 0x0c, 0x06, 0x00, 0x83, 0x00, 0x60, 0x60, 0x03, 0x06, 0x00, 0x0a, 0x12,
  0x11, 0x04, 0x00, 0x00, 0x0c, 0x02, 0x00, 0x01, 0x00, 0xc0, 0x20, 0x01, 0x86, 0x00, 0x40, 0x00,
  0x00, 0x40, 0x00, 0x00, 0x08, 0x06, 0x00, 0x00, 0x00, 0x40, 0x00, 0x00, 0xcc, 0x01, 0x04, 0x05,
  0x00, 0x80, 0x00, 0x00, 0x18, 0x00, 0x00, 0x00, 0x00, 0x00, 0x00, 0xe0, 0xec, 0x00, 0x00, 0x00,
  0x00, 0x80, 0x00, 0x00, 0x00, 0x00, 0x00, 0x0a, 0x60, 0x00, 0x00, 0xe0, 0x78, 0x48, 0x08, 0x92,
  0x00, 0x80, 0x00, 0x00, 0x00, 0x60, 0x50, 0xfe, 0x60, 0xc0, 0x00, 0xf0, 0x3c, 0x01, 0x22, 0x00,
  0x00, 0x00, 0x00, 0x07, 0xc0, 0x00, 0xfc, 0xf8, 0x30, 0xc0, 0x01, 0xb0, 0x18, 0x04, 0x08, 0x40,
  0x01, 0x80, 0x00, 0x0f, 0x40, 0x00, 0xdc, 0x10, 0x60, 0xc0, 0x03, 0xf0, 0x18, 0x00, 0xa2, 0x08,
  0x00, 0x00, 0x00, 0x18, 0xe0, 0x00, 0xcc, 0x18, 0x6b, 0xc0, 0x07, 0xf8, 0x30, 0x10, 0x10, 0x40,
  0x00, 0x80, 0x00, 0x0c, 0x60, 0x30, 0xd8, 0x30, 0x7e, 0xc5, 0x07, 0x38, 0x18, 0x02, 0xa1, 0x10,
  0x00, 0x00, 0x00, 0x19, 0xc0, 0x60, 0xf8, 0x18, 0x68, 0xcf, 0xc2, 0x08, 0x30, 0x00, 0x02, 0x00,
  0x00, 0x40, 0x00, 0x0f, 0xf8, 0x31, 0xf0, 0x30, 0x60, 0xc4, 0xe2, 0x1c, 0x60, 0x09, 0x20, 0x08,
  0x00, 0x00, 0x00, 0x0f, 0xbc, 0x20, 0xbc, 0x18, 0x60, 0xce, 0x60, 0x0c, 0x30, 0x00, 0x02, 0x00,
  0x00, 0x80, 0x00, 0x0e, 0x0c, 0x31, 0x8e, 0x30, 0x60, 0xa4, 0x60, 0x04, 0x60, 0x00, 0x40, 0x00,
  0x00, 0x00, 0x00, 0x0c, 0x04, 0x30, 0x87, 0x18, 0x60, 0x8c, 0x30, 0x00, 0x40, 0x00, 0x03, 0x00,
  0x00, 0x00, 0x00, 0x0c, 0x0e, 0x30, 0x00, 0x30, 0xa0, 0x06, 0x60, 0x00, 0x60, 0x00, 0x00, 0x00,
  0x00, 0x40, 0x00, 0x0c, 0x1c, 0x30, 0x00, 0x18, 0x00, 0x0c, 0x60, 0x00, 0xc0, 0x00, 0x02, 0x00,
  0x00, 0x00, 0x00, 0x0c, 0x18, 0x30, 0x00, 0x10, 0x00, 0x0c, 0xe0, 0x00, 0x80, 0x00, 0x01, 0x00,
  0x00, 0x00, 0x00, 0x0c, 0x30, 0x00, 0x00, 0x00, 0x00, 0x07, 0xc0, 0x00, 0x80, 0x00, 0x00, 0x00,
  0x00, 0x00, 0x00, 0x0c, 0x70, 0x00, 0x00, 0x00, 0x00, 0x0f, 0x00, 0x00, 0x00, 0x00, 0x03, 0x00,
  0x00, 0x00, 0x00, 0x0e, 0xe0, 0x00, 0x00, 0x00, 0x00, 0x00, 0x00, 0x00, 0x00, 0x00, 0x00, 0x00,
  0x00, 0x00, 0x00, 0x0f, 0x80, 0x00, 0x00, 0x00, 0x00, 0x00, 0x00, 0x00, 0x00, 0x00, 0x00, 0x00,
  0x00, 0x00, 0x00, 0x07, 0x00, 0x00, 0x00, 0x00, 0x00, 0x00, 0x00, 0x00, 0x00, 0x00, 0x01, 0x00,
  0x00, 0x20, 0x00, 0x04, 0x00, 0x00, 0x60, 0x10, 0x00, 0x00, 0x00, 0x00, 0x00, 0x00, 0x00, 0x00,
  0x00, 0x00, 0x00, 0x00, 0x00, 0x00, 0x40, 0x10, 0x00, 0x00, 0x00, 0x00, 0x00, 0x00, 0x01, 0x00,
  0x00, 0x00, 0x00, 0x00, 0x00, 0x00, 0x00, 0x00, 0x00, 0x00, 0x00, 0x00, 0x00, 0x00, 0x00, 0x00,
  0x00, 0x00, 0x00, 0x00, 0x00, 0x06, 0x00, 0x06, 0x00, 0x00, 0x00, 0x00, 0x00, 0x00, 0x00, 0x00,
  0x00, 0x00, 0x00, 0x00, 0x00, 0x03, 0x80, 0x0e, 0x00, 0x00, 0x00, 0x00, 0x00, 0x00, 0x00, 0x00,
  0x00, 0x00, 0x00, 0x00, 0x00, 0x01, 0xc0, 0x7c, 0x00, 0x00, 0x00, 0x00, 0x00, 0x00, 0x01, 0x00,
  0x00, 0x00, 0x00, 0x00, 0x00, 0x00, 0x7f, 0xd0, 0x00, 0x00, 0x00, 0x00, 0x00, 0x00, 0x00, 0x00,
  0x00, 0x00, 0x00, 0x00, 0x00, 0x00, 0x3f, 0xa0, 0x00, 0x00, 0x00, 0x00, 0x00, 0x00, 0x00, 0x00,
  0x00, 0x00, 0x00, 0x00, 0x00, 0x00, 0x00, 0x00, 0x00, 0x00, 0x00, 0x00, 0x00, 0x00, 0x00, 0x00
};

const uint8_t PROGMEM frame6[1024] = {
  0x00, 0x00, 0x00, 0x00, 0x00, 0x00, 0x00, 0x00, 0x00, 0x00, 0x00, 0x00, 0x00, 0x00, 0x00, 0x00,
  0x00, 0x00, 0x00, 0x00, 0x00, 0x00, 0x00, 0x00, 0x00, 0x18, 0x00, 0x00, 0x00, 0x00, 0x00, 0x00,
  0x00, 0x00, 0x00, 0x00, 0x00, 0x00, 0x00, 0x00, 0x00, 0x18, 0x00, 0x00, 0x00, 0x00, 0x00, 0x00,
  0x00, 0x00, 0x00, 0x00, 0x00, 0x00, 0x00, 0x00, 0x10, 0x38, 0x00, 0x00, 0x00, 0x00, 0x00, 0x00,
  0x00, 0x00, 0x00, 0x00, 0x00, 0x00, 0x00, 0x00, 0x18, 0x30, 0x00, 0x00, 0x00, 0x00, 0x00, 0x00,
  0x00, 0x00, 0x00, 0x00, 0x00, 0x00, 0x00, 0x00, 0x0c, 0x00, 0x00, 0x00, 0x00, 0x00, 0x00, 0x00,
  0x00, 0x00, 0x00, 0x00, 0x00, 0x00, 0x00, 0x00, 0x00, 0x00, 0x00, 0x00, 0x00, 0x00, 0x00, 0x00,
  0x10, 0x00, 0x00, 0x00, 0x00, 0x00, 0x00, 0x00, 0x01, 0xe0, 0x10, 0x00, 0x00, 0x00, 0x00, 0x00,
  0x00, 0x00, 0x00, 0x00, 0x00, 0x00, 0x00, 0x00, 0x03, 0xf9, 0xf0, 0x00, 0x00, 0x00, 0x00, 0x00,
  0x10, 0x80, 0x00, 0x00, 0x00, 0x00, 0x00, 0x00, 0x07, 0xf1, 0xf0, 0x00, 0x00, 0x00, 0x00, 0x00,
  0x08, 0x40, 0x00, 0x00, 0x00, 0x00, 0x00, 0x00, 0x07, 0xf8, 0x00, 0x00, 0x00, 0x00, 0x00, 0x00,
  0x02, 0x80, 0x90, 0x00, 0x00, 0x00, 0x00, 0x01, 0xe7, 0xf8, 0x00, 0x00, 0x00, 0x00, 0x00, 0x00,
  0x08, 0x02, 0x00, 0x00, 0x00, 0x00, 0x00, 0x01, 0xa3, 0xf0, 0x00, 0x00, 0x00, 0x00, 0x00, 0x00,
  0x02, 0x01, 0x48, 0x00, 0x00, 0x00, 0x00, 0x00, 0x01, 0xa2, 0x00, 0x00, 0x00, 0x00, 0x00, 0x00,
  0x00, 0x84, 0x00, 0x00, 0x00, 0x00, 0x00, 0x00, 0x00, 0x03, 0x00, 0x00, 0x00, 0x00, 0x00, 0x00,
  0x44, 0x02, 0x90, 0x00, 0x00, 0x00, 0x00, 0x00, 0x02, 0x03, 0xc0, 0x00, 0x00, 0x00, 0x00, 0x00,
  0x00, 0x04, 0x00, 0x00, 0x00, 0x00, 0x00, 0x00, 0x07, 0x00, 0xc0, 0x00, 0x00, 0x00, 0x00, 0x00,
  0x12, 0x11, 0x80, 0x00, 0x00, 0x00, 0x00, 0x00, 0x06, 0x00, 0x03, 0x00, 0x00, 0x00, 0x40, 0x00,
  0x01, 0x04, 0x02, 0x00, 0x04, 0x02, 0x00, 0x00, 0x0e, 0x03, 0x03, 0x00, 0x00, 0x00, 0x20, 0x00,
  0x00, 0x10, 0x20, 0x00, 0x0c, 0x06, 0x00, 0x00, 0x00, 0x01, 0x86, 0x00, 0x00, 0x00, 0x01, 0x00,
  0x02, 0x81, 0x4a, 0x80, 0x08, 0x02, 0x00, 0x00, 0xc0, 0x01, 0xc6, 0x00, 0x00, 0x10, 0x22, 0x00,
  0x03, 0x10, 0x00, 0x00, 0x0c, 0x06, 0x00, 0x03, 0xf0, 0x00, 0x66, 0x00, 0x00, 0x00, 0x00, 0x00,
  0x02, 0x42, 0x08, 0x00, 0x0c, 0x03, 0x06, 0x06, 0x38, 0x00, 0x7c, 0x00, 0x00, 0x04, 0x15, 0x04,
  0x00, 0x00, 0x44, 0x00, 0x0c, 0x06, 0x0f, 0x04, 0x18, 0x00, 0x1c, 0x00, 0x00, 0x00, 0x00, 0x0a,
  0x02, 0x01, 0x20, 0x80, 0x0c, 0x0e, 0x0e, 0x06, 0x18, 0x38, 0x1c, 0x00, 0x00, 0x02, 0x10, 0x10,
  0x01, 0x00, 0x00, 0x00, 0x0d, 0x7e, 0x1f, 0x02, 0x18, 0x7e, 0x18, 0x00, 0x00, 0x01, 0x02, 0x04,
  0x00, 0x00, 0x44, 0x00, 0x0f, 0xf6, 0x1b, 0x07, 0x70, 0xc6, 0x18, 0x00, 0x00, 0xa0, 0x48, 0x12,
  0x14, 0x22, 0x10, 0x00, 0x0e, 0x03, 0x7f, 0x83, 0xe0, 0x63, 0x18, 0x08, 0x03, 0x00, 0x02, 0x09,
  0x01, 0x00, 0x00, 0x00, 0x0c, 0x06, 0x77, 0x87, 0x40, 0xc7, 0x18, 0x1c, 0x15, 0x00, 0x00, 0x20,
  0x20, 0x88, 0x40, 0x00, 0x0c, 0x06, 0x11, 0x03, 0x00, 0x6e, 0x30, 0x0c, 0x03, 0x00, 0x00, 0x00,
  0x14, 0x00, 0x02, 0x00, 0x0c, 0x02, 0x21, 0xc3, 0x00, 0x7c, 0x30, 0x06, 0x06, 0x00, 0x0e, 0x2a,
  0x20, 0x49, 0x08, 0x00, 0x0c, 0x06, 0x00, 0xc2, 0x00, 0x70, 0x60, 0x07, 0x06, 0x52, 0x0a, 0x80,
  0x01, 0x00, 0x00, 0x00, 0x08, 0x06, 0x00, 0x83, 0x00, 0x60, 0x60, 0x03, 0x06, 0x08, 0x08, 0x10,
  0x50, 0x04, 0x00, 0x00, 0x0c, 0x02, 0x00, 0x01, 0x00, 0xc0, 0x20, 0x01, 0x8c, 0x00, 0x44, 0x02,
  0x00, 0x80, 0x40, 0x00, 0x18, 0x06, 0x00, 0x00, 0x00, 0x40, 0x00, 0x00, 0xc4, 0x00, 0x00, 0x00,
  0x00, 0x01, 0x00, 0x00, 0x08, 0x00, 0x00, 0x00, 0x00, 0x00, 0x00, 0xe0, 0xec, 0x00, 0x02, 0x02,
  0x00, 0x80, 0x00, 0x00, 0x08, 0x00, 0x00, 0x0a, 0x60, 0x00, 0x00, 0xe0, 0x7c, 0x88, 0x00, 0x00,
  0x00, 0xc0, 0x00, 0x00, 0x00, 0x60, 0x71, 0xfe, 0x60, 0xc0, 0x00, 0xf0, 0x38, 0x01, 0x28, 0x44,
  0x00, 0x00, 0x00, 0x07, 0xc0, 0x00, 0xdc, 0x78, 0x30, 0xc0, 0x01, 0xb0, 0x1a, 0x22, 0x02, 0x00,
  0x00, 0x80, 0x00, 0x0f, 0xc0, 0x00, 0xdc, 0x10, 0x60, 0xc0, 0x03, 0xf0, 0x18, 0x00, 0x24, 0x10,
  0x00, 0x80, 0x00, 0x18, 0x60, 0x00, 0xcc, 0x38, 0x6b, 0xc0, 0x07, 0xf8, 0x30, 0x00, 0x80, 0x80,
  0x00, 0x00, 0x00, 0x0c, 0xc0, 0x30, 0xdc, 0x10, 0x7e, 0xc5, 0x07, 0x38, 0x18, 0x08, 0x22, 0x12,
  0x00, 0x80, 0x00, 0x19, 0xe0, 0x60, 0xf8, 0x38, 0x68, 0xcf, 0xc2, 0x08, 0x30, 0x02, 0x80, 0x00,
  0x00, 0x00, 0x00, 0x0f, 0xf8, 0x31, 0xf0, 0x10, 0x60, 0xc4, 0xe2, 0x1c, 0x60, 0x00, 0x02, 0x10,
  0x00, 0x40, 0x00, 0x0f, 0x1c, 0x20, 0xb8, 0x18, 0x60, 0xce, 0x60, 0x0c, 0x30, 0x02, 0x40, 0x00,
  0x00, 0x00, 0x00, 0x0c, 0x0c, 0x31, 0x8e, 0x30, 0x60, 0xa4, 0x60, 0x04, 0x60, 0x00, 0x02, 0x04,
  0x00, 0x80, 0x00, 0x0c, 0x0c, 0x30, 0x87, 0x18, 0x60, 0x8c, 0x30, 0x00, 0x40, 0x01, 0x01, 0x00,
  0x00, 0x00, 0x00, 0x0c, 0x0c, 0x30, 0x00, 0x30, 0xa0, 0x06, 0x60, 0x00, 0x60, 0x00, 0x01, 0x00,
  0x00, 0x00, 0x00, 0x0c, 0x1c, 0x30, 0x00, 0x18, 0x00, 0x0c, 0x60, 0x00, 0xc0, 0x00, 0x01, 0x00,
  0x00, 0x00, 0x00, 0x0c, 0x18, 0x30, 0x00, 0x30, 0x00, 0x0c, 0xe0, 0x00, 0x80, 0x00, 0x02, 0x00,
  0x00, 0x00, 0x00, 0x0c, 0x38, 0x00, 0x00, 0x00, 0x00, 0x07, 0xc0, 0x00, 0x80, 0x00, 0x01, 0x00,
  0x00, 0x00, 0x00, 0x0c, 0x70, 0x00, 0x00, 0x00, 0x00, 0x0f, 0x00, 0x00, 0x00, 0x00, 0x00, 0x00,
  0x00, 0x00, 0x00, 0x0d, 0xe0, 0x00, 0x00, 0x00, 0x00, 0x00, 0x00, 0x00, 0x00, 0x00, 0x01, 0x00,
  0x00, 0x00, 0x00, 0x07, 0x80, 0x00, 0x00, 0x00, 0x00, 0x00, 0x00, 0x00, 0x00, 0x00, 0x00, 0x00,
  0x00, 0x00, 0x00, 0x0f, 0x00, 0x00, 0x00, 0x00, 0x00, 0x00, 0x00, 0x00, 0x00, 0x00, 0x01, 0x00,
  0x00, 0x20, 0x00, 0x04, 0x00, 0x00, 0x60, 0x10, 0x00, 0x00, 0x00, 0x00, 0x00, 0x00, 0x00, 0x00,
  0x00, 0x00, 0x00, 0x00, 0x00, 0x00, 0x40, 0x10, 0x00, 0x00, 0x00, 0x00, 0x00, 0x00, 0x01, 0x00,
  0x00, 0x00, 0x00, 0x00, 0x00, 0x00, 0x00, 0x00, 0x00, 0x00, 0x00, 0x00, 0x00, 0x00, 0x00, 0x00,
  0x00, 0x00, 0x00, 0x00, 0x00, 0x06, 0x00, 0x06, 0x00, 0x00, 0x00, 0x00, 0x00, 0x00, 0x00, 0x00,
  0x00, 0x00, 0x00, 0x00, 0x00, 0x03, 0x80, 0x0e, 0x00, 0x00, 0x00, 0x00, 0x00, 0x00, 0x00, 0x00,
  0x00, 0x00, 0x00, 0x00, 0x00, 0x01, 0xc0, 0x78, 0x00, 0x00, 0x00, 0x00, 0x00, 0x00, 0x00, 0x00,
  0x00, 0x00, 0x00, 0x00, 0x00, 0x00, 0x7f, 0xe8, 0x00, 0x00, 0x00, 0x00, 0x00, 0x00, 0x00, 0x00,
  0x00, 0x00, 0x00, 0x00, 0x00, 0x00, 0x3f, 0xa0, 0x00, 0x00, 0x00, 0x00, 0x00, 0x00, 0x00, 0x00,
  0x00, 0x00, 0x00, 0x00, 0x00, 0x00, 0x00, 0x00, 0x00, 0x00, 0x00, 0x00, 0x00, 0x00, 0x00, 0x00
};

const uint8_t PROGMEM frame7[1024] = {
  0x00, 0x00, 0x00, 0x00, 0x00, 0x00, 0x00, 0x00, 0x00, 0x00, 0x00, 0x00, 0x00, 0x00, 0x00, 0x00,
  0x00, 0x00, 0x00, 0x00, 0x00, 0x00, 0x00, 0x00, 0x00, 0x18, 0x00, 0x00, 0x00, 0x00, 0x00, 0x00,
  0x00, 0x00, 0x00, 0x00, 0x00, 0x00, 0x00, 0x00, 0x00, 0x18, 0x00, 0x00, 0x00, 0x00, 0x00, 0x00,
  0x00, 0x00, 0x00, 0x00, 0x00, 0x00, 0x00, 0x00, 0x10, 0x38, 0x00, 0x00, 0x00, 0x00, 0x00, 0x00,
  0x00, 0x00, 0x00, 0x00, 0x00, 0x00, 0x00, 0x00, 0x18, 0x30, 0x00, 0x00, 0x00, 0x00, 0x00, 0x00,
  0x00, 0x00, 0x00, 0x00, 0x00, 0x00, 0x00, 0x00, 0x0c, 0x00, 0x00, 0x00, 0x00, 0x00, 0x00, 0x00,
  0x00, 0x00, 0x00, 0x00, 0x00, 0x00, 0x00, 0x00, 0x00, 0x00, 0x00, 0x00, 0x00, 0x00, 0x00, 0x00,
  0x10, 0x00, 0x00, 0x00, 0x00, 0x00, 0x00, 0x00, 0x01, 0xe0, 0x10, 0x00, 0x00, 0x00, 0x00, 0x00,
  0x00, 0x00, 0x00, 0x00, 0x00, 0x00, 0x00, 0x00, 0x03, 0xf9, 0xf0, 0x00, 0x00, 0x00, 0x00, 0x00,
  0x10, 0x80, 0x00, 0x00, 0x00, 0x00, 0x00, 0x00, 0x07, 0xf1, 0xf0, 0x00, 0x00, 0x00, 0x00, 0x00,
  0x08, 0x40, 0x00, 0x00, 0x00, 0x00, 0x00, 0x00, 0x07, 0xf8, 0x00, 0x00, 0x00, 0x00, 0x00, 0x00,
  0x02, 0x80, 0x90, 0x00, 0x00, 0x00, 0x00, 0x01, 0xe7, 0xf8, 0x00, 0x00, 0x00, 0x00, 0x00, 0x00,
  0x08, 0x02, 0x00, 0x00, 0x00, 0x00, 0x00, 0x01, 0xa3, 0xf0, 0x00, 0x00, 0x00, 0x00, 0x00, 0x00,
  0x02, 0x01, 0x48, 0x00, 0x00, 0x00, 0x00, 0x00, 0x01, 0xa2, 0x00, 0x00, 0x00, 0x00, 0x00, 0x00,
  0x00, 0x84, 0x00, 0x00, 0x00, 0x00, 0x00, 0x00, 0x00, 0x03, 0x00, 0x00, 0x00, 0x00, 0x00, 0x00,
  0x44, 0x02, 0x90, 0x00, 0x00, 0x00, 0x00, 0x00, 0x02, 0x03, 0xc0, 0x00, 0x00, 0x00, 0x00, 0x00,
  0x00, 0x04, 0x00, 0x00, 0x00, 0x00, 0x00, 0x00, 0x07, 0x00, 0xc0, 0x00, 0x00, 0x00, 0x00, 0x00,
  0x12, 0x11, 0x80, 0x00, 0x00, 0x00, 0x00, 0x00, 0x06, 0x00, 0x03, 0x00, 0x00, 0x00, 0x40, 0x00,
  0x01, 0x04, 0x02, 0x00, 0x04, 0x02, 0x00, 0x00, 0x0e, 0x03, 0x03, 0x00, 0x00, 0x00, 0x20, 0x00,
  0x00, 0x10, 0x20, 0x00, 0x0c, 0x06, 0x00, 0x00, 0x00, 0x01, 0x86, 0x00, 0x00, 0x00, 0x01, 0x00,
  0x02, 0x81, 0x4a, 0x80, 0x08, 0x02, 0x00, 0x00, 0xc0, 0x01, 0xc6, 0x00, 0x00, 0x10, 0x22, 0x00,
  0x03, 0x10, 0x00, 0x00, 0x0c, 0x06, 0x00, 0x03, 0xf0, 0x00, 0x66, 0x00, 0x00, 0x00, 0x00, 0x00,
  0x02, 0x42, 0x08, 0x00, 0x0c, 0x03, 0x06, 0x06, 0x38, 0x00, 0x7c, 0x00, 0x00, 0x04, 0x15, 0x04,
  0x00, 0x00, 0x44, 0x00, 0x0c, 0x06, 0x0f, 0x04, 0x18, 0x00, 0x1c, 0x00, 0x00, 0x00, 0x00, 0x0a,
  0x02, 0x01, 0x20, 0x80, 0x0c, 0x0e, 0x0e, 0x06, 0x18, 0x38, 0x1c, 0x00, 0x00, 0x02, 0x10, 0x10,
  0x01, 0x00, 0x00, 0x00, 0x0d, 0x7e, 0x1f, 0x02, 0x18, 0x7e, 0x18, 0x00, 0x00, 0x01, 0x02, 0x04,
  0x00, 0x00, 0x44, 0x00, 0x0f, 0xf6, 0x1b, 0x07, 0x70, 0xc6, 0x18, 0x00, 0x00, 0xa0, 0x48, 0x12,
  0x14, 0x22, 0x10, 0x00, 0x0e, 0x03, 0x7f, 0x83, 0xe0, 0x63, 0x18, 0x08, 0x03, 0x00, 0x02, 0x09,
  0x01, 0x00, 0x00, 0x00, 0x0c, 0x06, 0x77, 0x87, 0x40, 0xc7, 0x18, 0x1c, 0x15, 0x00, 0x00, 0x20,
  0x20, 0x88, 0x40, 0x00, 0x0c, 0x06, 0x11, 0x03, 0x00, 0x6e, 0x30, 0x0c, 0x03, 0x00, 0x00, 0x00,
  0x14, 0x00, 0x02, 0x00, 0x0c, 0x02, 0x21, 0xc3, 0x00, 0x7c, 0x30, 0x06, 0x06, 0x00, 0x0e, 0x2a,
  0x20, 0x49, 0x08, 0x00, 0x0c, 0x06, 0x00, 0xc2, 0x00, 0x70, 0x60, 0x07, 0x06, 0x52, 0x0a, 0x80,
  0x01, 0x00, 0x00, 0x00, 0x08, 0x06, 0x00, 0x83, 0x00, 0x60, 0x60, 0x03, 0x06, 0x08, 0x08, 0x10,
  0x50, 0x04, 0x00, 0x00, 0x0c, 0x02, 0x00, 0x01, 0x00, 0xc0, 0x20, 0x01, 0x8c, 0x00, 0x44, 0x02,
  0x00, 0x80, 0x40, 0x00, 0x18, 0x06, 0x00, 0x00, 0x00, 0x40, 0x00, 0x00, 0xc4, 0x00, 0x00, 0x00,
  0x00, 0x01, 0x00, 0x00, 0x08, 0x00, 0x00, 0x00, 0x00, 0x00, 0x00, 0xe0, 0xec, 0x00, 0x02, 0x02,
  0x00, 0x80, 0x00, 0x00, 0x08, 0x00, 0x00, 0x0a, 0x60, 0x00, 0x00, 0xe0, 0x7c, 0x88, 0x00, 0x00,
  0x00, 0xc0, 0x00, 0x00, 0x00, 0x60, 0x71, 0xfe, 0x60, 0xc0, 0x00, 0xf0, 0x38, 0x01, 0x28, 0x44,
  0x00, 0x00, 0x00, 0x07, 0xc0, 0x00, 0xdc, 0x78, 0x30, 0xc0, 0x01, 0xb0, 0x1a, 0x22, 0x02, 0x00,
  0x00, 0x80, 0x00, 0x0f, 0xc0, 0x00, 0xdc, 0x10, 0x60, 0xc0, 0x03, 0xf0, 0x18, 0x00, 0x24, 0x10,
  0x00, 0x80, 0x00, 0x18, 0x60, 0x00, 0xcc, 0x38, 0x6b, 0xc0, 0x07, 0xf8, 0x30, 0x00, 0x80, 0x80,
  0x00, 0x00, 0x00, 0x0c, 0xc0, 0x30, 0xdc, 0x10, 0x7e, 0xc5, 0x07, 0x38, 0x18, 0x08, 0x22, 0x12,
  0x00, 0x80, 0x00, 0x19, 0xe0, 0x60, 0xf8, 0x38, 0x68, 0xcf, 0xc2, 0x08, 0x30, 0x02, 0x80, 0x00,
  0x00, 0x00, 0x00, 0x0f, 0xf8, 0x31, 0xf0, 0x10, 0x60, 0xc4, 0xe2, 0x1c, 0x60, 0x00, 0x02, 0x10,
  0x00, 0x40, 0x00, 0x0f, 0x1c, 0x20, 0xb8, 0x18, 0x60, 0xce, 0x60, 0x0c, 0x30, 0x02, 0x40, 0x00,
  0x00, 0x00, 0x00, 0x0c, 0x0c, 0x31, 0x8e, 0x30, 0x60, 0xa4, 0x60, 0x04, 0x60, 0x00, 0x02, 0x04,
  0x00, 0x80, 0x00, 0x0c, 0x0c, 0x30, 0x87, 0x18, 0x60, 0x8c, 0x30, 0x00, 0x40, 0x01, 0x01, 0x00,
  0x00, 0x00, 0x00, 0x0c, 0x0c, 0x30, 0x00, 0x30, 0xa0, 0x06, 0x60, 0x00, 0x60, 0x00, 0x01, 0x00,
  0x00, 0x00, 0x00, 0x0c, 0x1c, 0x30, 0x00, 0x18, 0x00, 0x0c, 0x60, 0x00, 0xc0, 0x00, 0x01, 0x00,
  0x00, 0x00, 0x00, 0x0c, 0x18, 0x30, 0x00, 0x30, 0x00, 0x0c, 0xe0, 0x00, 0x80, 0x00, 0x02, 0x00,
  0x00, 0x00, 0x00, 0x0c, 0x38, 0x00, 0x00, 0x00, 0x00, 0x07, 0xc0, 0x00, 0x80, 0x00, 0x01, 0x00,
  0x00, 0x00, 0x00, 0x0c, 0x70, 0x00, 0x00, 0x00, 0x00, 0x0f, 0x00, 0x00, 0x00, 0x00, 0x00, 0x00,
  0x00, 0x00, 0x00, 0x0d, 0xe0, 0x00, 0x00, 0x00, 0x00, 0x00, 0x00, 0x00, 0x00, 0x00, 0x01, 0x00,
  0x00, 0x00, 0x00, 0x07, 0x80, 0x00, 0x00, 0x00, 0x00, 0x00, 0x00, 0x00, 0x00, 0x00, 0x00, 0x00,
  0x00, 0x00, 0x00, 0x0f, 0x00, 0x00, 0x00, 0x00, 0x00, 0x00, 0x00, 0x00, 0x00, 0x00, 0x01, 0x00,
  0x00, 0x20, 0x00, 0x04, 0x00, 0x00, 0x60, 0x10, 0x00, 0x00, 0x00, 0x00, 0x00, 0x00, 0x00, 0x00,
  0x00, 0x00, 0x00, 0x00, 0x00, 0x00, 0x40, 0x10, 0x00, 0x00, 0x00, 0x00, 0x00, 0x00, 0x01, 0x00,
  0x00, 0x00, 0x00, 0x00, 0x00, 0x00, 0x00, 0x00, 0x00, 0x00, 0x00, 0x00, 0x00, 0x00, 0x00, 0x00,
  0x00, 0x00, 0x00, 0x00, 0x00, 0x06, 0x00, 0x06, 0x00, 0x00, 0x00, 0x00, 0x00, 0x00, 0x00, 0x00,
  0x00, 0x00, 0x00, 0x00, 0x00, 0x03, 0x80, 0x0e, 0x00, 0x00, 0x00, 0x00, 0x00, 0x00, 0x00, 0x00,
  0x00, 0x00, 0x00, 0x00, 0x00, 0x01, 0xc0, 0x78, 0x00, 0x00, 0x00, 0x00, 0x00, 0x00, 0x00, 0x00,
  0x00, 0x00, 0x00, 0x00, 0x00, 0x00, 0x7f, 0xe8, 0x00, 0x00, 0x00, 0x00, 0x00, 0x00, 0x00, 0x00,
  0x00, 0x00, 0x00, 0x00, 0x00, 0x00, 0x3f, 0xa0, 0x00, 0x00, 0x00, 0x00, 0x00, 0x00, 0x00, 0x00,
  0x00, 0x00, 0x00, 0x00, 0x00, 0x00, 0x00, 0x00, 0x00, 0x00, 0x00, 0x00, 0x00, 0x00, 0x00, 0x00
};

const uint8_t PROGMEM frame8[1024] = {
  0x00, 0x00, 0x00, 0x00, 0x00, 0x00, 0x00, 0x00, 0x00, 0x00, 0x00, 0x00, 0x00, 0x00, 0x00, 0x00,
  0x00, 0x00, 0x00, 0x00, 0x00, 0x00, 0x00, 0x00, 0x00, 0x18, 0x00, 0x00, 0x00, 0x00, 0x00, 0x00,
  0x00, 0x00, 0x00, 0x00, 0x00, 0x00, 0x00, 0x00, 0x00, 0x18, 0x00, 0x00, 0x00, 0x00, 0x00, 0x00,
  0x00, 0x00, 0x00, 0x00, 0x00, 0x00, 0x00, 0x00, 0x10, 0x38, 0x00, 0x00, 0x00, 0x00, 0x00, 0x00,
  0x00, 0x00, 0x00, 0x00, 0x00, 0x00, 0x00, 0x00, 0x18, 0x30, 0x00, 0x00, 0x00, 0x00, 0x00, 0x00,
  0x00, 0x00, 0x00, 0x00, 0x00, 0x00, 0x00, 0x00, 0x0c, 0x00, 0x00, 0x00, 0x00, 0x00, 0x00, 0x00,
  0x00, 0x00, 0x00, 0x00, 0x00, 0x00, 0x00, 0x00, 0x00, 0x00, 0x00, 0x00, 0x00, 0x00, 0x00, 0x00,
  0x10, 0x00, 0x00, 0x00, 0x00, 0x00, 0x00, 0x00, 0x01, 0xe0, 0x10, 0x00, 0x00, 0x00, 0x00, 0x00,
  0x00, 0x00, 0x00, 0x00, 0x00, 0x00, 0x00, 0x00, 0x03, 0xf9, 0xf0, 0x00, 0x00, 0x00, 0x00, 0x00,
  0x10, 0x80, 0x00, 0x00, 0x00, 0x00, 0x00, 0x00, 0x07, 0xf1, 0xf0, 0x00, 0x00, 0x00, 0x00, 0x00,
  0x08, 0x40, 0x00, 0x00, 0x00, 0x00, 0x00, 0x00, 0x07, 0xf8, 0x00, 0x00, 0x00, 0x00, 0x00, 0x00,
  0x02, 0x80, 0x90, 0x00, 0x00, 0x00, 0x00, 0x01, 0xe7, 0xf8, 0x00, 0x00, 0x00, 0x00, 0x00, 0x00,
  0x08, 0x02, 0x00, 0x00, 0x00, 0x00, 0x00, 0x01, 0xa3, 0xf0, 0x00, 0x00, 0x00, 0x00, 0x00, 0x00,
  0x02, 0x01, 0x48, 0x00, 0x00, 0x00, 0x00, 0x00, 0x01, 0xa2, 0x00, 0x00, 0x00, 0x00, 0x00, 0x00,
  0x00, 0x84, 0x00, 0x00, 0x00, 0x00, 0x00, 0x00, 0x00, 0x03, 0x00, 0x00, 0x00, 0x00, 0x00, 0x00,
  0x44, 0x02, 0x90, 0x00, 0x00, 0x00, 0x00, 0x00, 0x02, 0x03, 0xc0, 0x00, 0x00, 0x00, 0x00, 0x00,
  0x00, 0x04, 0x00, 0x00, 0x00, 0x00, 0x00, 0x00, 0x07, 0x00, 0xc0, 0x00, 0x00, 0x00, 0x00, 0x00,
  0x12, 0x11, 0x80, 0x00, 0x00, 0x00, 0x00, 0x00, 0x06, 0x00, 0x03, 0x00, 0x00, 0x00, 0x40, 0x00,
  0x01, 0x04, 0x02, 0x00, 0x04, 0x02, 0x00, 0x00, 0x0e, 0x03, 0x03, 0x00, 0x00, 0x00, 0x20, 0x00,
  0x00, 0x10, 0x20, 0x00, 0x0c, 0x06, 0x00, 0x00, 0x00, 0x01, 0x86, 0x00, 0x00, 0x00, 0x01, 0x00,
  0x02, 0x81, 0x4a, 0x80, 0x08, 0x02, 0x00, 0x00, 0xc0, 0x01, 0xc6, 0x00, 0x00, 0x10, 0x22, 0x00,
  0x03, 0x10, 0x00, 0x00, 0x0c, 0x06, 0x00, 0x03, 0xf0, 0x00, 0x66, 0x00, 0x00, 0x00, 0x00, 0x00,
  0x02, 0x42, 0x08, 0x00, 0x0c, 0x03, 0x06, 0x06, 0x38, 0x00, 0x7c, 0x00, 0x00, 0x04, 0x15, 0x04,
  0x00, 0x00, 0x44, 0x00, 0x0c, 0x06, 0x0f, 0x04, 0x18, 0x00, 0x1c, 0x00, 0x00, 0x00, 0x00, 0x0a,
  0x02, 0x01, 0x20, 0x80, 0x0c, 0x0e, 0x0e, 0x06, 0x18, 0x38, 0x1c, 0x00, 0x00, 0x02, 0x10, 0x10,
  0x01, 0x00, 0x00, 0x00, 0x0d, 0x7e, 0x1f, 0x02, 0x18, 0x7e, 0x18, 0x00, 0x00, 0x01, 0x02, 0x04,
  0x00, 0x00, 0x44, 0x00, 0x0f, 0xf6, 0x1b, 0x07, 0x70, 0xc6, 0x18, 0x00, 0x00, 0xa0, 0x48, 0x12,
  0x14, 0x22, 0x10, 0x00, 0x0e, 0x03, 0x7f, 0x83, 0xe0, 0x63, 0x18, 0x08, 0x03, 0x00, 0x02, 0x09,
  0x01, 0x00, 0x00, 0x00, 0x0c, 0x06, 0x77, 0x87, 0x40, 0xc7, 0x18, 0x1c, 0x15, 0x00, 0x00, 0x20,
  0x20, 0x88, 0x40, 0x00, 0x0c, 0x06, 0x11, 0x03, 0x00, 0x6e, 0x30, 0x0c, 0x03, 0x00, 0x00, 0x00,
  0x14, 0x00, 0x02, 0x00, 0x0c, 0x02, 0x21, 0xc3, 0x00, 0x7c, 0x30, 0x06, 0x06, 0x00, 0x0e, 0x2a,
  0x20, 0x49, 0x08, 0x00, 0x0c, 0x06, 0x00, 0xc2, 0x00, 0x70, 0x60, 0x07, 0x06, 0x52, 0x0a, 0x80,
  0x01, 0x00, 0x00, 0x00, 0x08, 0x06, 0x00, 0x83, 0x00, 0x60, 0x60, 0x03, 0x06, 0x08, 0x08, 0x10,
  0x50, 0x04, 0x00, 0x00, 0x0c, 0x02, 0x00, 0x01, 0x00, 0xc0, 0x20, 0x01, 0x8c, 0x00, 0x44, 0x02,
  0x00, 0x80, 0x40, 0x00, 0x18, 0x06, 0x00, 0x00, 0x00, 0x40, 0x00, 0x00, 0xc4, 0x00, 0x00, 0x00,
  0x00, 0x01, 0x00, 0x00, 0x08, 0x00, 0x00, 0x00, 0x00, 0x00, 0x00, 0xe0, 0xec, 0x00, 0x02, 0x02,
  0x00, 0x80, 0x00, 0x00, 0x08, 0x00, 0x00, 0x0a, 0x60, 0x00, 0x00, 0xe0, 0x7c, 0x88, 0x00, 0x00,
  0x00, 0xc0, 0x00, 0x00, 0x00, 0x60, 0x71, 0xfe, 0x60, 0xc0, 0x00, 0xf0, 0x38, 0x01, 0x28, 0x44,
  0x00, 0x00, 0x00, 0x07, 0xc0, 0x00, 0xdc, 0x78, 0x30, 0xc0, 0x01, 0xb0, 0x1a, 0x22, 0x02, 0x00,
  0x00, 0x80, 0x00, 0x0f, 0xc0, 0x00, 0xdc, 0x10, 0x60, 0xc0, 0x03, 0xf0, 0x18, 0x00, 0x24, 0x10,
  0x00, 0x80, 0x00, 0x18, 0x60, 0x00, 0xcc, 0x38, 0x6b, 0xc0, 0x07, 0xf8, 0x30, 0x00, 0x80, 0x80,
  0x00, 0x00, 0x00, 0x0c, 0xc0, 0x30, 0xdc, 0x10, 0x7e, 0xc5, 0x07, 0x38, 0x18, 0x08, 0x22, 0x12,
  0x00, 0x80, 0x00, 0x19, 0xe0, 0x60, 0xf8, 0x38, 0x68, 0xcf, 0xc2, 0x08, 0x30, 0x02, 0x80, 0x00,
  0x00, 0x00, 0x00, 0x0f, 0xf8, 0x31, 0xf0, 0x10, 0x60, 0xc4, 0xe2, 0x1c, 0x60, 0x00, 0x02, 0x10,
  0x00, 0x40, 0x00, 0x0f, 0x1c, 0x20, 0xb8, 0x18, 0x60, 0xce, 0x60, 0x0c, 0x30, 0x02, 0x40, 0x00,
  0x00, 0x00, 0x00, 0x0c, 0x0c, 0x31, 0x8e, 0x30, 0x60, 0xa4, 0x60, 0x04, 0x60, 0x00, 0x02, 0x04,
  0x00, 0x80, 0x00, 0x0c, 0x0c, 0x30, 0x87, 0x18, 0x60, 0x8c, 0x30, 0x00, 0x40, 0x01, 0x01, 0x00,
  0x00, 0x00, 0x00, 0x0c, 0x0c, 0x30, 0x00, 0x30, 0xa0, 0x06, 0x60, 0x00, 0x60, 0x00, 0x01, 0x00,
  0x00, 0x00, 0x00, 0x0c, 0x1c, 0x30, 0x00, 0x18, 0x00, 0x0c, 0x60, 0x00, 0xc0, 0x00, 0x01, 0x00,
  0x00, 0x00, 0x00, 0x0c, 0x18, 0x30, 0x00, 0x30, 0x00, 0x0c, 0xe0, 0x00, 0x80, 0x00, 0x02, 0x00,
  0x00, 0x00, 0x00, 0x0c, 0x38, 0x00, 0x00, 0x00, 0x00, 0x07, 0xc0, 0x00, 0x80, 0x00, 0x01, 0x00,
  0x00, 0x00, 0x00, 0x0c, 0x70, 0x00, 0x00, 0x00, 0x00, 0x0f, 0x00, 0x00, 0x00, 0x00, 0x00, 0x00,
  0x00, 0x00, 0x00, 0x0d, 0xe0, 0x00, 0x00, 0x00, 0x00, 0x00, 0x00, 0x00, 0x00, 0x00, 0x01, 0x00,
  0x00, 0x00, 0x00, 0x07, 0x80, 0x00, 0x00, 0x00, 0x00, 0x00, 0x00, 0x00, 0x00, 0x00, 0x00, 0x00,
  0x00, 0x00, 0x00, 0x0f, 0x00, 0x00, 0x00, 0x00, 0x00, 0x00, 0x00, 0x00, 0x00, 0x00, 0x01, 0x00,
  0x00, 0x20, 0x00, 0x04, 0x00, 0x00, 0x60, 0x10, 0x00, 0x00, 0x00, 0x00, 0x00, 0x00, 0x00, 0x00,
  0x00, 0x00, 0x00, 0x00, 0x00, 0x00, 0x40, 0x10, 0x00, 0x00, 0x00, 0x00, 0x00, 0x00, 0x01, 0x00,
  0x00, 0x00, 0x00, 0x00, 0x00, 0x00, 0x00, 0x00, 0x00, 0x00, 0x00, 0x00, 0x00, 0x00, 0x00, 0x00,
  0x00, 0x00, 0x00, 0x00, 0x00, 0x06, 0x00, 0x06, 0x00, 0x00, 0x00, 0x00, 0x00, 0x00, 0x00, 0x00,
  0x00, 0x00, 0x00, 0x00, 0x00, 0x03, 0x80, 0x0e, 0x00, 0x00, 0x00, 0x00, 0x00, 0x00, 0x00, 0x00,
  0x00, 0x00, 0x00, 0x00, 0x00, 0x01, 0xc0, 0x78, 0x00, 0x00, 0x00, 0x00, 0x00, 0x00, 0x00, 0x00,
  0x00, 0x00, 0x00, 0x00, 0x00, 0x00, 0x7f, 0xe8, 0x00, 0x00, 0x00, 0x00, 0x00, 0x00, 0x00, 0x00,
  0x00, 0x00, 0x00, 0x00, 0x00, 0x00, 0x3f, 0xa0, 0x00, 0x00, 0x00, 0x00, 0x00, 0x00, 0x00, 0x00,
  0x00, 0x00, 0x00, 0x00, 0x00, 0x00, 0x00, 0x00, 0x00, 0x00, 0x00, 0x00, 0x00, 0x00, 0x00, 0x00
};

const uint8_t PROGMEM frame9[1024] = {
  0x00, 0x00, 0x00, 0x00, 0x00, 0x00, 0x00, 0x00, 0x00, 0x00, 0x00, 0x00, 0x00, 0x00, 0x00, 0x00,
  0x00, 0x00, 0x00, 0x00, 0x00, 0x00, 0x00, 0x00, 0x00, 0x18, 0x00, 0x00, 0x00, 0x00, 0x00, 0x00,
  0x00, 0x00, 0x00, 0x00, 0x00, 0x00, 0x00, 0x00, 0x00, 0x18, 0x00, 0x00, 0x00, 0x00, 0x00, 0x00,
  0x00, 0x00, 0x00, 0x00, 0x00, 0x00, 0x00, 0x00, 0x10, 0x38, 0x00, 0x00, 0x00, 0x00, 0x00, 0x00,
  0x00, 0x00, 0x00, 0x00, 0x00, 0x00, 0x00, 0x00, 0x18, 0x30, 0x00, 0x00, 0x00, 0x00, 0x00, 0x00,
  0x00, 0x00, 0x00, 0x00, 0x00, 0x00, 0x00, 0x00, 0x0c, 0x00, 0x00, 0x00, 0x00, 0x00, 0x00, 0x00,
  0x00, 0x00, 0x00, 0x00, 0x00, 0x00, 0x00, 0x00, 0x00, 0x00, 0x00, 0x00, 0x00, 0x00, 0x00, 0x00,
  0x10, 0x00, 0x00, 0x00, 0x00, 0x00, 0x00, 0x00, 0x01, 0xe0, 0x10, 0x00, 0x00, 0x00, 0x00, 0x00,
  0x00, 0x00, 0x00, 0x00, 0x00, 0x00, 0x00, 0x00, 0x03, 0xf9, 0xf0, 0x00, 0x00, 0x00, 0x00, 0x00,
  0x10, 0x40, 0x00, 0x00, 0x00, 0x00, 0x00, 0x00, 0x07, 0xf1, 0xf0, 0x00, 0x00, 0x00, 0x00, 0x00,
  0x01, 0x00, 0x20, 0x00, 0x00, 0x00, 0x00, 0x00, 0x07, 0xf8, 0x00, 0x00, 0x00, 0x00, 0x00, 0x00,
  0x04, 0x00, 0x80, 0x00, 0x00, 0x00, 0x00, 0x01, 0xe7, 0xf8, 0x00, 0x00, 0x00, 0x00, 0x00, 0x00,
  0x01, 0x01, 0x10, 0x00, 0x00, 0x00, 0x00, 0x01, 0xa3, 0xf0, 0x00, 0x00, 0x00, 0x00, 0x00, 0x00,
  0x02, 0x00, 0x40, 0x00, 0x00, 0x00, 0x00, 0x00, 0x01, 0xa2, 0x00, 0x00, 0x00, 0x00, 0x00, 0x00,
  0x08, 0x05, 0x05, 0x00, 0x00, 0x00, 0x00, 0x00, 0x00, 0x03, 0x00, 0x00, 0x00, 0x00, 0x00, 0x00,
  0x40, 0x01, 0x00, 0x00, 0x00, 0x00, 0x00, 0x00, 0x02, 0x03, 0xc0, 0x00, 0x00, 0x00, 0x00, 0x00,
  0x00, 0x88, 0x40, 0x00, 0x00, 0x00, 0x00, 0x00, 0x07, 0x00, 0xc0, 0x00, 0x00, 0x00, 0x00, 0x00,
  0x02, 0x01, 0x00, 0x00, 0x00, 0x00, 0x00, 0x00, 0x06, 0x00, 0x03, 0x00, 0x00, 0x00, 0x00, 0x00,
  0x00, 0x08, 0x24, 0x00, 0x04, 0x02, 0x00, 0x00, 0x0e, 0x03, 0x03, 0x00, 0x00, 0x00, 0x41, 0x00,
  0x00, 0x00, 0x00, 0x00, 0x0c, 0x06, 0x00, 0x00, 0x00, 0x01, 0x86, 0x00, 0x00, 0x00, 0x20, 0x00,
  0x03, 0x0a, 0xa9, 0x40, 0x08, 0x02, 0x00, 0x00, 0xc0, 0x01, 0xc6, 0x00, 0x00, 0x10, 0x02, 0x00,
  0x02, 0x80, 0x01, 0x00, 0x0c, 0x06, 0x00, 0x03, 0xf0, 0x00, 0x66, 0x00, 0x00, 0x00, 0x08, 0x02,
  0x02, 0x08, 0x04, 0x00, 0x0c, 0x03, 0x06, 0x06, 0x38, 0x00, 0x7c, 0x00, 0x00, 0x08, 0x02, 0x00,
  0x00, 0x00, 0x80, 0x00, 0x0c, 0x06, 0x0f, 0x04, 0x18, 0x00, 0x1c, 0x00, 0x00, 0x42, 0x10, 0x05,
  0x02, 0x00, 0x50, 0x80, 0x0c, 0x0e, 0x0e, 0x06, 0x18, 0x38, 0x1c, 0x00, 0x00, 0x00, 0x00, 0x10,
  0x01, 0x00, 0x00, 0x00, 0x0d, 0x7e, 0x1f, 0x02, 0x18, 0x7e, 0x18, 0x00, 0x01, 0x01, 0x10, 0x04,
  0x00, 0x00, 0x24, 0x00, 0x0f, 0xf6, 0x1b, 0x07, 0x70, 0xc6, 0x18, 0x00, 0x00, 0x00, 0x02, 0x22,
  0x10, 0x01, 0x00, 0x00, 0x0e, 0x03, 0x7f, 0x83, 0xe0, 0x63, 0x18, 0x08, 0x03, 0x00, 0x00, 0x00,
  0x01, 0x10, 0x08, 0x00, 0x0c, 0x06, 0x77, 0x87, 0x40, 0xc7, 0x18, 0x1c, 0x2b, 0x00, 0x04, 0x14,
  0x10, 0x40, 0x20, 0x00, 0x0c, 0x06, 0x11, 0x03, 0x00, 0x6e, 0x30, 0x0c, 0x02, 0x00, 0x00, 0x00,
  0x02, 0x08, 0x01, 0x00, 0x0c, 0x02, 0x21, 0xc3, 0x00, 0x7c, 0x30, 0x06, 0x06, 0x00, 0x0c, 0x24,
  0x20, 0x80, 0x08, 0x00, 0x0c, 0x06, 0x00, 0xc2, 0x00, 0x70, 0x60, 0x07, 0x06, 0x92, 0x05, 0x00,
  0x00, 0x24, 0x80, 0x00, 0x0c, 0x06, 0x00, 0x83, 0x00, 0x60, 0x60, 0x03, 0x06, 0x40, 0x08, 0x20,
  0x54, 0x80, 0x00, 0x00, 0x08, 0x02, 0x00, 0x01, 0x00, 0xc0, 0x20, 0x01, 0x8c, 0x00, 0x04, 0x02,
  0x00, 0x04, 0x00, 0x00, 0x18, 0x06, 0x00, 0x00, 0x00, 0x40, 0x00, 0x00, 0xcc, 0x00, 0x00, 0x00,
  0x00, 0x81, 0x00, 0x00, 0x08, 0x00, 0x00, 0x00, 0x00, 0x00, 0x00, 0xe0, 0xec, 0x02, 0x04, 0x00,
  0x40, 0x80, 0x00, 0x00, 0x08, 0x00, 0x00, 0x0a, 0x60, 0x00, 0x00, 0xe0, 0x6c, 0x08, 0x00, 0x00,
  0x00, 0x80, 0x00, 0x00, 0x00, 0x60, 0x71, 0xfe, 0x60, 0xc0, 0x00, 0xf0, 0x39, 0x00, 0x22, 0x04,
  0x00, 0x80, 0x00, 0x07, 0xc0, 0x00, 0xdc, 0x78, 0x30, 0xc0, 0x01, 0xb0, 0x1c, 0x00, 0x40, 0x20,
  0x00, 0x80, 0x00, 0x0f, 0xc0, 0x00, 0xdc, 0x10, 0x60, 0xc0, 0x03, 0xf0, 0x18, 0x04, 0x04, 0x00,
  0x00, 0x40, 0x00, 0x18, 0x60, 0x00, 0xcc, 0x38, 0x6b, 0xc0, 0x07, 0xf8, 0x30, 0x00, 0x41, 0x20,
  0x00, 0x80, 0x00, 0x0c, 0xc0, 0x30, 0xdc, 0x10, 0x7e, 0xc5, 0x07, 0x38, 0x18, 0x10, 0x84, 0x00,
  0x00, 0x00, 0x00, 0x19, 0xe0, 0x60, 0xf8, 0x38, 0x68, 0xcf, 0xc2, 0x08, 0x30, 0x02, 0x10, 0x90,
  0x00, 0x00, 0x00, 0x0f, 0xf8, 0x31, 0xf0, 0x10, 0x60, 0xc4, 0xe2, 0x1c, 0x60, 0x08, 0x21, 0x08,
  0x00, 0x40, 0x00, 0x0f, 0x1c, 0x20, 0xb8, 0x18, 0x60, 0xce, 0x60, 0x0c, 0x30, 0x02, 0x80, 0x00,
  0x00, 0x00, 0x00, 0x0e, 0x0c, 0x31, 0x8e, 0x30, 0x60, 0xa4, 0x60, 0x04, 0x60, 0x00, 0x02, 0x04,
  0x00, 0x00, 0x00, 0x0c, 0x0c, 0x30, 0x87, 0x18, 0x60, 0x8c, 0x30, 0x00, 0x40, 0x01, 0x00, 0x80,
  0x00, 0x00, 0x00, 0x0c, 0x0c, 0x30, 0x00, 0x30, 0xa0, 0x06, 0x60, 0x00, 0x60, 0x00, 0x02, 0x00,
  0x00, 0x00, 0x00, 0x0c, 0x1c, 0x30, 0x00, 0x18, 0x00, 0x0c, 0x60, 0x00, 0xc0, 0x00, 0x01, 0x00,
  0x00, 0x00, 0x00, 0x0c, 0x18, 0x30, 0x00, 0x30, 0x00, 0x0c, 0xe0, 0x00, 0x80, 0x00, 0x01, 0x00,
  0x00, 0x00, 0x00, 0x0c, 0x30, 0x00, 0x00, 0x00, 0x00, 0x07, 0xc0, 0x00, 0x80, 0x00, 0x01, 0x00,
  0x00, 0x20, 0x00, 0x0c, 0x70, 0x00, 0x00, 0x00, 0x00, 0x0f, 0x00, 0x00, 0x00, 0x00, 0x00, 0x00,
  0x00, 0x00, 0x00, 0x0e, 0xe0, 0x00, 0x00, 0x00, 0x00, 0x00, 0x00, 0x00, 0x00, 0x00, 0x01, 0x00,
  0x00, 0x00, 0x00, 0x0f, 0x80, 0x00, 0x00, 0x00, 0x00, 0x00, 0x00, 0x00, 0x00, 0x00, 0x00, 0x00,
  0x00, 0x00, 0x00, 0x07, 0x00, 0x00, 0x00, 0x00, 0x00, 0x00, 0x00, 0x00, 0x00, 0x00, 0x01, 0x00,
  0x00, 0x00, 0x00, 0x04, 0x00, 0x00, 0x60, 0x10, 0x00, 0x00, 0x00, 0x00, 0x00, 0x00, 0x00, 0x00,
  0x00, 0x00, 0x00, 0x00, 0x00, 0x00, 0x40, 0x10, 0x00, 0x00, 0x00, 0x00, 0x00, 0x00, 0x00, 0x00,
  0x00, 0x00, 0x00, 0x00, 0x00, 0x00, 0x00, 0x00, 0x00, 0x00, 0x00, 0x00, 0x00, 0x00, 0x00, 0x00,
  0x00, 0x00, 0x00, 0x00, 0x00, 0x06, 0x00, 0x06, 0x00, 0x00, 0x00, 0x00, 0x00, 0x00, 0x01, 0x00,
  0x00, 0x00, 0x00, 0x00, 0x00, 0x03, 0x80, 0x0e, 0x00, 0x00, 0x00, 0x00, 0x00, 0x00, 0x00, 0x00,
  0x00, 0x00, 0x00, 0x00, 0x00, 0x01, 0xc0, 0x78, 0x00, 0x00, 0x00, 0x00, 0x00, 0x00, 0x00, 0x00,
  0x00, 0x00, 0x00, 0x00, 0x00, 0x00, 0xff, 0xe8, 0x00, 0x00, 0x00, 0x00, 0x00, 0x00, 0x00, 0x00,
  0x00, 0x00, 0x00, 0x00, 0x00, 0x00, 0x1f, 0xa0, 0x00, 0x00, 0x00, 0x00, 0x00, 0x00, 0x00, 0x00,
  0x00, 0x00, 0x00, 0x00, 0x00, 0x00, 0x00, 0x00, 0x00, 0x00, 0x00, 0x00, 0x00, 0x00, 0x00, 0x00
};

const uint8_t PROGMEM frame10[1024] = {
  0x00, 0x00, 0x00, 0x00, 0x00, 0x00, 0x00, 0x00, 0x00, 0x00, 0x00, 0x00, 0x00, 0x00, 0x00, 0x00,
  0x00, 0x00, 0x00, 0x00, 0x00, 0x00, 0x00, 0x00, 0x00, 0x18, 0x00, 0x00, 0x00, 0x00, 0x00, 0x00,
  0x00, 0x00, 0x00, 0x00, 0x00, 0x00, 0x00, 0x00, 0x00, 0x18, 0x00, 0x00, 0x00, 0x00, 0x00, 0x00,
  0x00, 0x00, 0x00, 0x00, 0x00, 0x00, 0x00, 0x00, 0x10, 0x38, 0x00, 0x00, 0x00, 0x00, 0x00, 0x00,
  0x00, 0x00, 0x00, 0x00, 0x00, 0x00, 0x00, 0x00, 0x18, 0x30, 0x00, 0x00, 0x00, 0x00, 0x00, 0x00,
  0x00, 0x00, 0x00, 0x00, 0x00, 0x00, 0x00, 0x00, 0x0c, 0x00, 0x00, 0x00, 0x00, 0x00, 0x00, 0x00,
  0x00, 0x00, 0x00, 0x00, 0x00, 0x00, 0x00, 0x00, 0x00, 0x00, 0x00, 0x00, 0x00, 0x00, 0x00, 0x00,
  0x10, 0x00, 0x00, 0x00, 0x00, 0x00, 0x00, 0x00, 0x01, 0xe0, 0x10, 0x00, 0x00, 0x00, 0x00, 0x00,
  0x00, 0x00, 0x00, 0x00, 0x00, 0x00, 0x00, 0x00, 0x03, 0xf9, 0xf0, 0x00, 0x00, 0x00, 0x00, 0x00,
  0x10, 0x40, 0x00, 0x00, 0x00, 0x00, 0x00, 0x00, 0x07, 0xf1, 0xf0, 0x00, 0x00, 0x00, 0x00, 0x00,
  0x01, 0x00, 0x20, 0x00, 0x00, 0x00, 0x00, 0x00, 0x07, 0xf8, 0x00, 0x00, 0x00, 0x00, 0x00, 0x00,
  0x04, 0x00, 0x80, 0x00, 0x00, 0x00, 0x00, 0x01, 0xe7, 0xf8, 0x00, 0x00, 0x00, 0x00, 0x00, 0x00,
  0x01, 0x01, 0x10, 0x00, 0x00, 0x00, 0x00, 0x01, 0xa3, 0xf0, 0x00, 0x00, 0x00, 0x00, 0x00, 0x00,
  0x02, 0x00, 0x40, 0x00, 0x00, 0x00, 0x00, 0x00, 0x01, 0xa2, 0x00, 0x00, 0x00, 0x00, 0x00, 0x00,
  0x08, 0x05, 0x05, 0x00, 0x00, 0x00, 0x00, 0x00, 0x00, 0x03, 0x00, 0x00, 0x00, 0x00, 0x00, 0x00,
  0x40, 0x01, 0x00, 0x00, 0x00, 0x00, 0x00, 0x00, 0x02, 0x03, 0xc0, 0x00, 0x00, 0x00, 0x00, 0x00,
  0x00, 0x88, 0x40, 0x00, 0x00, 0x00, 0x00, 0x00, 0x07, 0x00, 0xc0, 0x00, 0x00, 0x00, 0x00, 0x00,
  0x02, 0x01, 0x00, 0x00, 0x00, 0x00, 0x00, 0x00, 0x06, 0x00, 0x01, 0x00, 0x00, 0x00, 0x00, 0x00,
  0x00, 0x08, 0x24, 0x00, 0x08, 0x06, 0x00, 0x00, 0x0e, 0x01, 0x03, 0x00, 0x00, 0x00, 0x41, 0x00,
  0x00, 0x00, 0x00, 0x00, 0x0c, 0x06, 0x00, 0x00, 0x00, 0x01, 0x81, 0x00, 0x00, 0x00, 0x20, 0x00,
  0x03, 0x0a, 0xa9, 0x40, 0x08, 0x04, 0x00, 0x00, 0x00, 0x01, 0xc3, 0x00, 0x00, 0x10, 0x02, 0x00,
  0x02, 0x80, 0x01, 0x00, 0x0c, 0x06, 0x00, 0x03, 0xe0, 0x00, 0x67, 0x00, 0x00, 0x00, 0x08, 0x02,
  0x02, 0x08, 0x04, 0x00, 0x08, 0x06, 0x04, 0x06, 0xf0, 0x00, 0x74, 0x00, 0x00, 0x08, 0x02, 0x00,
  0x00, 0x00, 0x80, 0x00, 0x0c, 0x04, 0x07, 0x04, 0x18, 0x10, 0x3e, 0x00, 0x00, 0x42, 0x10, 0x05,
  0x02, 0x00, 0x50, 0x80, 0x08, 0x3e, 0x0f, 0x06, 0x38, 0x7c, 0x1c, 0x00, 0x00, 0x00, 0x00, 0x10,
  0x01, 0x00, 0x00, 0x00, 0x0d, 0xfe, 0x0f, 0x06, 0x18, 0xf6, 0x0e, 0x00, 0x01, 0x01, 0x10, 0x04,
  0x00, 0x00, 0x24, 0x00, 0x0f, 0xa6, 0x1b, 0x04, 0x30, 0xc6, 0x0c, 0x18, 0x03, 0x00, 0x02, 0x22,
  0x10, 0x01, 0x00, 0x00, 0x0c, 0x04, 0x3f, 0x07, 0xe0, 0xc6, 0x08, 0x18, 0x06, 0x00, 0x00, 0x00,
  0x01, 0x10, 0x08, 0x00, 0x0c, 0x06, 0x7f, 0x87, 0xa0, 0xc6, 0x1c, 0x0c, 0x2a, 0x00, 0x04, 0x14,
  0x10, 0x40, 0x20, 0x00, 0x18, 0x06, 0x35, 0x82, 0x80, 0x7c, 0x18, 0x06, 0x06, 0x00, 0x00, 0x00,
  0x02, 0x08, 0x01, 0x00, 0x0c, 0x06, 0x31, 0x86, 0x00, 0xf8, 0x18, 0x07, 0x0c, 0x00, 0x0c, 0x24,
  0x20, 0x80, 0x08, 0x00, 0x18, 0x04, 0x00, 0xc3, 0x00, 0x60, 0x30, 0x03, 0x06, 0xa4, 0x05, 0x00,
  0x00, 0x24, 0x80, 0x00, 0x0c, 0x06, 0x00, 0xc6, 0x00, 0xc0, 0x30, 0x01, 0x8c, 0x00, 0x08, 0x20,
  0x54, 0x80, 0x00, 0x00, 0x18, 0x06, 0x00, 0x03, 0x00, 0xc0, 0x70, 0x01, 0xcc, 0x00, 0x44, 0x02,
  0x00, 0x04, 0x00, 0x00, 0x18, 0x04, 0x00, 0x01, 0x00, 0x20, 0x00, 0x60, 0xec, 0x00, 0x00, 0x00,
  0x00, 0x81, 0x00, 0x00, 0x08, 0x00, 0x00, 0x00, 0x00, 0x00, 0x00, 0xe0, 0x78, 0x02, 0x04, 0x00,
  0x40, 0x80, 0x00, 0x00, 0x00, 0x00, 0x00, 0xfe, 0x00, 0x00, 0x00, 0xb0, 0x38, 0x08, 0x00, 0x00,
  0x00, 0x80, 0x00, 0x01, 0xc0, 0x60, 0x01, 0xfc, 0x60, 0x00, 0x00, 0xf0, 0x31, 0x20, 0x00, 0x44,
  0x00, 0x80, 0x00, 0x07, 0xe0, 0x00, 0x7c, 0x10, 0x40, 0xc0, 0x01, 0xb8, 0x18, 0x00, 0x4a, 0x00,
  0x00, 0x80, 0x00, 0x06, 0x70, 0x00, 0x6e, 0x30, 0x60, 0xc0, 0x07, 0xf0, 0x30, 0x00, 0x20, 0x00,
  0x00, 0x40, 0x00, 0x0c, 0x30, 0x00, 0x64, 0x30, 0x60, 0xc0, 0x07, 0xf8, 0x30, 0x04, 0x82, 0x20,
  0x00, 0x80, 0x00, 0x06, 0xe0, 0x60, 0xde, 0x30, 0x6f, 0x87, 0x83, 0x1c, 0x60, 0x10, 0x00, 0x80,
  0x00, 0x00, 0x00, 0x06, 0xf8, 0x60, 0x78, 0x10, 0x7d, 0xc6, 0xe2, 0x08, 0x20, 0x01, 0x22, 0x12,
  0x00, 0x00, 0x00, 0x07, 0xfe, 0x40, 0xf8, 0x30, 0x60, 0xc6, 0xe0, 0x0c, 0x60, 0x02, 0x00, 0x08,
  0x00, 0x40, 0x00, 0x07, 0x06, 0x60, 0x7a, 0x30, 0x60, 0x86, 0x30, 0x06, 0x60, 0x08, 0x82, 0x00,
  0x00, 0x00, 0x00, 0x0e, 0x04, 0x60, 0xce, 0x30, 0xe0, 0xcc, 0x30, 0x00, 0xc0, 0x01, 0x01, 0x04,
  0x00, 0x00, 0x00, 0x06, 0x07, 0x60, 0xc7, 0x30, 0x40, 0xc6, 0x30, 0x00, 0x80, 0x00, 0x02, 0x00,
  0x00, 0x00, 0x00, 0x04, 0x06, 0x60, 0x01, 0x30, 0xe0, 0x8e, 0x70, 0x00, 0xc0, 0x00, 0x01, 0x00,
  0x00, 0x00, 0x00, 0x06, 0x0e, 0x20, 0x00, 0x30, 0x40, 0x04, 0x60, 0x00, 0x80, 0x00, 0x02, 0x80,
  0x00, 0x00, 0x00, 0x06, 0x1c, 0x60, 0x00, 0x00, 0x00, 0x0e, 0xe0, 0x00, 0x80, 0x00, 0x01, 0x00,
  0x00, 0x00, 0x00, 0x06, 0x38, 0x00, 0x00, 0x00, 0x00, 0x07, 0xc0, 0x00, 0x00, 0x00, 0x00, 0x00,
  0x00, 0x20, 0x00, 0x06, 0xf0, 0x00, 0x00, 0x00, 0x00, 0x07, 0x00, 0x00, 0x00, 0x00, 0x01, 0x00,
  0x00, 0x00, 0x00, 0x07, 0xc0, 0x00, 0x00, 0x00, 0x00, 0x00, 0x00, 0x00, 0x00, 0x00, 0x01, 0x00,
  0x00, 0x00, 0x00, 0x07, 0x40, 0x00, 0x00, 0x00, 0x00, 0x00, 0x00, 0x00, 0x00, 0x00, 0x00, 0x00,
  0x00, 0x00, 0x00, 0x03, 0x00, 0x00, 0x00, 0x00, 0x00, 0x00, 0x00, 0x00, 0x00, 0x00, 0x01, 0x00,
  0x00, 0x00, 0x00, 0x00, 0x00, 0x00, 0x60, 0x10, 0x00, 0x00, 0x00, 0x00, 0x00, 0x00, 0x00, 0x00,
  0x00, 0x00, 0x00, 0x00, 0x00, 0x00, 0x40, 0x10, 0x00, 0x00, 0x00, 0x00, 0x00, 0x00, 0x00, 0x00,
  0x00, 0x00, 0x00, 0x00, 0x00, 0x00, 0x00, 0x00, 0x00, 0x00, 0x00, 0x00, 0x00, 0x00, 0x00, 0x00,
  0x00, 0x00, 0x00, 0x00, 0x00, 0x06, 0x00, 0x06, 0x00, 0x00, 0x00, 0x00, 0x00, 0x00, 0x01, 0x00,
  0x00, 0x00, 0x00, 0x00, 0x00, 0x03, 0x80, 0x0e, 0x00, 0x00, 0x00, 0x00, 0x00, 0x00, 0x00, 0x00,
  0x00, 0x00, 0x00, 0x00, 0x00, 0x01, 0xc0, 0x5c, 0x00, 0x00, 0x00, 0x00, 0x00, 0x00, 0x00, 0x00,
  0x00, 0x00, 0x00, 0x00, 0x00, 0x00, 0xff, 0xf0, 0x00, 0x00, 0x00, 0x00, 0x00, 0x00, 0x00, 0x00,
  0x00, 0x00, 0x00, 0x00, 0x00, 0x00, 0x1f, 0xa0, 0x00, 0x00, 0x00, 0x00, 0x00, 0x00, 0x00, 0x00,
  0x00, 0x00, 0x00, 0x00, 0x00, 0x00, 0x00, 0x00, 0x00, 0x00, 0x00, 0x00, 0x00, 0x00, 0x00, 0x00
};

const uint8_t PROGMEM frame11[1024] = {
  0x00, 0x00, 0x00, 0x00, 0x00, 0x00, 0x00, 0x00, 0x00, 0x00, 0x00, 0x00, 0x00, 0x00, 0x00, 0x00,
  0x00, 0x00, 0x00, 0x00, 0x00, 0x00, 0x00, 0x00, 0x00, 0x18, 0x00, 0x00, 0x00, 0x00, 0x00, 0x00,
  0x00, 0x00, 0x00, 0x00, 0x00, 0x00, 0x00, 0x00, 0x00, 0x18, 0x00, 0x00, 0x00, 0x00, 0x00, 0x00,
  0x00, 0x00, 0x00, 0x00, 0x00, 0x00, 0x00, 0x00, 0x10, 0x38, 0x00, 0x00, 0x00, 0x00, 0x00, 0x00,
  0x00, 0x00, 0x00, 0x00, 0x00, 0x00, 0x00, 0x00, 0x18, 0x30, 0x00, 0x00, 0x00, 0x00, 0x00, 0x00,
  0x00, 0x00, 0x00, 0x00, 0x00, 0x00, 0x00, 0x00, 0x0c, 0x00, 0x00, 0x00, 0x00, 0x00, 0x00, 0x00,
  0x00, 0x00, 0x00, 0x00, 0x00, 0x00, 0x00, 0x00, 0x00, 0x00, 0x00, 0x00, 0x00, 0x00, 0x00, 0x00,
  0x10, 0x00, 0x00, 0x00, 0x00, 0x00, 0x00, 0x00, 0x01, 0xe0, 0x10, 0x00, 0x00, 0x00, 0x00, 0x00,
  0x00, 0x00, 0x00, 0x00, 0x00, 0x00, 0x00, 0x00, 0x03, 0xf9, 0xf0, 0x00, 0x00, 0x00, 0x00, 0x00,
  0x10, 0x40, 0x00, 0x00, 0x00, 0x00, 0x00, 0x00, 0x07, 0xf1, 0xf0, 0x00, 0x00, 0x00, 0x00, 0x00,
  0x01, 0x00, 0x20, 0x00, 0x00, 0x00, 0x00, 0x00, 0x07, 0xf8, 0x00, 0x00, 0x00, 0x00, 0x00, 0x00,
  0x04, 0x00, 0x80, 0x00, 0x00, 0x00, 0x00, 0x01, 0xe7, 0xf8, 0x00, 0x00, 0x00, 0x00, 0x00, 0x00,
  0x01, 0x01, 0x10, 0x00, 0x00, 0x00, 0x00, 0x01, 0xa3, 0xf0, 0x00, 0x00, 0x00, 0x00, 0x00, 0x00,
  0x02, 0x00, 0x40, 0x00, 0x00, 0x00, 0x00, 0x00, 0x01, 0xa2, 0x00, 0x00, 0x00, 0x00, 0x00, 0x00,
  0x08, 0x05, 0x05, 0x00, 0x00, 0x00, 0x00, 0x00, 0x00, 0x03, 0x00, 0x00, 0x00, 0x00, 0x00, 0x00,
  0x40, 0x01, 0x00, 0x00, 0x00, 0x00, 0x00, 0x00, 0x02, 0x03, 0xc0, 0x00, 0x00, 0x00, 0x00, 0x00,
  0x00, 0x88, 0x40, 0x00, 0x00, 0x00, 0x00, 0x00, 0x07, 0x00, 0xc0, 0x00, 0x00, 0x00, 0x00, 0x00,
  0x02, 0x01, 0x00, 0x00, 0x00, 0x00, 0x00, 0x00, 0x06, 0x00, 0x01, 0x00, 0x00, 0x00, 0x00, 0x00,
  0x00, 0x08, 0x24, 0x00, 0x08, 0x06, 0x00, 0x00, 0x0e, 0x01, 0x03, 0x00, 0x00, 0x00, 0x41, 0x00,
  0x00, 0x00, 0x00, 0x00, 0x0c, 0x06, 0x00, 0x00, 0x00, 0x01, 0x81, 0x00, 0x00, 0x00, 0x20, 0x00,
  0x03, 0x0a, 0xa9, 0x40, 0x08, 0x04, 0x00, 0x00, 0x00, 0x01, 0xc3, 0x00, 0x00, 0x10, 0x02, 0x00,
  0x02, 0x80, 0x01, 0x00, 0x0c, 0x06, 0x00, 0x03, 0xe0, 0x00, 0x67, 0x00, 0x00, 0x00, 0x08, 0x02,
  0x02, 0x08, 0x04, 0x00, 0x08, 0x06, 0x04, 0x06, 0xf0, 0x00, 0x74, 0x00, 0x00, 0x08, 0x02, 0x00,
  0x00, 0x00, 0x80, 0x00, 0x0c, 0x04, 0x07, 0x04, 0x18, 0x10, 0x3e, 0x00, 0x00, 0x42, 0x10, 0x05,
  0x02, 0x00, 0x50, 0x80, 0x08, 0x3e, 0x0f, 0x06, 0x38, 0x7c, 0x1c, 0x00, 0x00, 0x00, 0x00, 0x10,
  0x01, 0x00, 0x00, 0x00, 0x0d, 0xfe, 0x0f, 0x06, 0x18, 0xf6, 0x0e, 0x00, 0x01, 0x01, 0x10, 0x04,
  0x00, 0x00, 0x24, 0x00, 0x0f, 0xa6, 0x1b, 0x04, 0x30, 0xc6, 0x0c, 0x18, 0x03, 0x00, 0x02, 0x22,
  0x10, 0x01, 0x00, 0x00, 0x0c, 0x04, 0x3f, 0x07, 0xe0, 0xc6, 0x08, 0x18, 0x06, 0x00, 0x00, 0x00,
  0x01, 0x10, 0x08, 0x00, 0x0c, 0x06, 0x7f, 0x87, 0xa0, 0xc6, 0x1c, 0x0c, 0x2a, 0x00, 0x04, 0x14,
  0x10, 0x40, 0x20, 0x00, 0x18, 0x06, 0x35, 0x82, 0x80, 0x7c, 0x18, 0x06, 0x06, 0x00, 0x00, 0x00,
  0x02, 0x08, 0x01, 0x00, 0x0c, 0x06, 0x31, 0x86, 0x00, 0xf8, 0x18, 0x07, 0x0c, 0x00, 0x0c, 0x24,
  0x20, 0x80, 0x08, 0x00, 0x18, 0x04, 0x00, 0xc3, 0x00, 0x60, 0x30, 0x03, 0x06, 0xa4, 0x05, 0x00,
  0x00, 0x24, 0x80, 0x00, 0x0c, 0x06, 0x00, 0xc6, 0x00, 0xc0, 0x30, 0x01, 0x8c, 0x00, 0x08, 0x20,
  0x54, 0x80, 0x00, 0x00, 0x18, 0x06, 0x00, 0x03, 0x00, 0xc0, 0x70, 0x01, 0xcc, 0x00, 0x44, 0x02,
  0x00, 0x04, 0x00, 0x00, 0x18, 0x04, 0x00, 0x01, 0x00, 0x20, 0x00, 0x60, 0xec, 0x00, 0x00, 0x00,
  0x00, 0x81, 0x00, 0x00, 0x08, 0x00, 0x00, 0x00, 0x00, 0x00, 0x00, 0xe0, 0x78, 0x02, 0x04, 0x00,
  0x40, 0x80, 0x00, 0x00, 0x00, 0x00, 0x00, 0xfe, 0x00, 0x00, 0x00, 0xb0, 0x38, 0x08, 0x00, 0x00,
  0x00, 0x80, 0x00, 0x01, 0xc0, 0x60, 0x01, 0xfc, 0x60, 0x00, 0x00, 0xf0, 0x31, 0x20, 0x00, 0x44,
  0x00, 0x80, 0x00, 0x07, 0xe0, 0x00, 0x7c, 0x10, 0x40, 0xc0, 0x01, 0xb8, 0x18, 0x00, 0x4a, 0x00,
  0x00, 0x80, 0x00, 0x06, 0x70, 0x00, 0x6e, 0x30, 0x60, 0xc0, 0x07, 0xf0, 0x30, 0x00, 0x20, 0x00,
  0x00, 0x40, 0x00, 0x0c, 0x30, 0x00, 0x64, 0x30, 0x60, 0xc0, 0x07, 0xf8, 0x30, 0x04, 0x82, 0x20,
  0x00, 0x80, 0x00, 0x06, 0xe0, 0x60, 0xde, 0x30, 0x6f, 0x87, 0x83, 0x1c, 0x60, 0x10, 0x00, 0x80,
  0x00, 0x00, 0x00, 0x06, 0xf8, 0x60, 0x78, 0x10, 0x7d, 0xc6, 0xe2, 0x08, 0x20, 0x01, 0x22, 0x12,
  0x00, 0x00, 0x00, 0x07, 0xfe, 0x40, 0xf8, 0x30, 0x60, 0xc6, 0xe0, 0x0c, 0x60, 0x02, 0x00, 0x08,
  0x00, 0x40, 0x00, 0x07, 0x06, 0x60, 0x7a, 0x30, 0x60, 0x86, 0x30, 0x06, 0x60, 0x08, 0x82, 0x00,
  0x00, 0x00, 0x00, 0x0e, 0x04, 0x60, 0xce, 0x30, 0xe0, 0xcc, 0x30, 0x00, 0xc0, 0x01, 0x01, 0x04,
  0x00, 0x00, 0x00, 0x06, 0x07, 0x60, 0xc7, 0x30, 0x40, 0xc6, 0x30, 0x00, 0x80, 0x00, 0x02, 0x00,
  0x00, 0x00, 0x00, 0x04, 0x06, 0x60, 0x01, 0x30, 0xe0, 0x8e, 0x70, 0x00, 0xc0, 0x00, 0x01, 0x00,
  0x00, 0x00, 0x00, 0x06, 0x0e, 0x20, 0x00, 0x30, 0x40, 0x04, 0x60, 0x00, 0x80, 0x00, 0x02, 0x80,
  0x00, 0x00, 0x00, 0x06, 0x1c, 0x60, 0x00, 0x00, 0x00, 0x0e, 0xe0, 0x00, 0x80, 0x00, 0x01, 0x00,
  0x00, 0x00, 0x00, 0x06, 0x38, 0x00, 0x00, 0x00, 0x00, 0x07, 0xc0, 0x00, 0x00, 0x00, 0x00, 0x00,
  0x00, 0x20, 0x00, 0x06, 0xf0, 0x00, 0x00, 0x00, 0x00, 0x07, 0x00, 0x00, 0x00, 0x00, 0x01, 0x00,
  0x00, 0x00, 0x00, 0x07, 0xc0, 0x00, 0x00, 0x00, 0x00, 0x00, 0x00, 0x00, 0x00, 0x00, 0x01, 0x00,
  0x00, 0x00, 0x00, 0x07, 0x40, 0x00, 0x00, 0x00, 0x00, 0x00, 0x00, 0x00, 0x00, 0x00, 0x00, 0x00,
  0x00, 0x00, 0x00, 0x03, 0x00, 0x00, 0x00, 0x00, 0x00, 0x00, 0x00, 0x00, 0x00, 0x00, 0x01, 0x00,
  0x00, 0x00, 0x00, 0x00, 0x00, 0x00, 0x60, 0x10, 0x00, 0x00, 0x00, 0x00, 0x00, 0x00, 0x00, 0x00,
  0x00, 0x00, 0x00, 0x00, 0x00, 0x00, 0x40, 0x10, 0x00, 0x00, 0x00, 0x00, 0x00, 0x00, 0x00, 0x00,
  0x00, 0x00, 0x00, 0x00, 0x00, 0x00, 0x00, 0x00, 0x00, 0x00, 0x00, 0x00, 0x00, 0x00, 0x00, 0x00,
  0x00, 0x00, 0x00, 0x00, 0x00, 0x06, 0x00, 0x06, 0x00, 0x00, 0x00, 0x00, 0x00, 0x00, 0x01, 0x00,
  0x00, 0x00, 0x00, 0x00, 0x00, 0x03, 0x80, 0x0e, 0x00, 0x00, 0x00, 0x00, 0x00, 0x00, 0x00, 0x00,
  0x00, 0x00, 0x00, 0x00, 0x00, 0x01, 0xc0, 0x5c, 0x00, 0x00, 0x00, 0x00, 0x00, 0x00, 0x00, 0x00,
  0x00, 0x00, 0x00, 0x00, 0x00, 0x00, 0xff, 0xf0, 0x00, 0x00, 0x00, 0x00, 0x00, 0x00, 0x00, 0x00,
  0x00, 0x00, 0x00, 0x00, 0x00, 0x00, 0x1f, 0xa0, 0x00, 0x00, 0x00, 0x00, 0x00, 0x00, 0x00, 0x00,
  0x00, 0x00, 0x00, 0x00, 0x00, 0x00, 0x00, 0x00, 0x00, 0x00, 0x00, 0x00, 0x00, 0x00, 0x00, 0x00
};

const uint8_t PROGMEM frame12[1024] = {
  0x00, 0x00, 0x00, 0x00, 0x00, 0x00, 0x00, 0x00, 0x00, 0x00, 0x00, 0x00, 0x00, 0x00, 0x00, 0x00,
  0x00, 0x00, 0x00, 0x00, 0x00, 0x00, 0x00, 0x00, 0x00, 0x18, 0x00, 0x00, 0x00, 0x00, 0x00, 0x00,
  0x00, 0x00, 0x00, 0x00, 0x00, 0x00, 0x00, 0x00, 0x00, 0x18, 0x00, 0x00, 0x00, 0x00, 0x00, 0x00,
  0x00, 0x00, 0x00, 0x00, 0x00, 0x00, 0x00, 0x00, 0x10, 0x38, 0x00, 0x00, 0x00, 0x00, 0x00, 0x00,
  0x00, 0x00, 0x00, 0x00, 0x00, 0x00, 0x00, 0x00, 0x18, 0x30, 0x00, 0x00, 0x00, 0x00, 0x00, 0x00,
  0x00, 0x00, 0x00, 0x00, 0x00, 0x00, 0x00, 0x00, 0x0c, 0x00, 0x00, 0x00, 0x00, 0x00, 0x00, 0x00,
  0x10, 0x00, 0x00, 0x00, 0x00, 0x00, 0x00, 0x00, 0x00, 0x00, 0x00, 0x00, 0x00, 0x00, 0x00, 0x00,
  0x00, 0x00, 0x00, 0x00, 0x00, 0x00, 0x00, 0x00, 0x01, 0xe0, 0x10, 0x00, 0x00, 0x00, 0x00, 0x00,
  0x10, 0x00, 0x00, 0x00, 0x00, 0x00, 0x00, 0x00, 0x03, 0xf9, 0xf0, 0x00, 0x00, 0x00, 0x00, 0x00,
  0x00, 0x80, 0x20, 0x00, 0x00, 0x00, 0x00, 0x00, 0x07, 0xf1, 0xf0, 0x00, 0x00, 0x00, 0x00, 0x00,
  0x01, 0x00, 0x00, 0x00, 0x00, 0x00, 0x00, 0x00, 0x07, 0xf8, 0x00, 0x00, 0x00, 0x00, 0x00, 0x00,
  0x00, 0x00, 0x90, 0x00, 0x00, 0x00, 0x00, 0x01, 0xe7, 0xf8, 0x00, 0x00, 0x00, 0x00, 0x00, 0x00,
  0x0a, 0x40, 0x44, 0x00, 0x00, 0x00, 0x00, 0x01, 0xa3, 0xf0, 0x00, 0x00, 0x00, 0x00, 0x00, 0x00,
  0x00, 0x01, 0x10, 0x00, 0x00, 0x00, 0x00, 0x00, 0x01, 0xa2, 0x00, 0x00, 0x00, 0x00, 0x00, 0x00,
  0x00, 0x00, 0x41, 0x00, 0x00, 0x00, 0x00, 0x00, 0x00, 0x03, 0x00, 0x00, 0x00, 0x00, 0x00, 0x00,
  0x00, 0x02, 0x00, 0x00, 0x00, 0x00, 0x00, 0x00, 0x02, 0x03, 0xc0, 0x00, 0x00, 0x00, 0x00, 0x00,
  0x22, 0x00, 0x80, 0x00, 0x00, 0x00, 0x00, 0x00, 0x07, 0x00, 0xc0, 0x00, 0x00, 0x00, 0x00, 0x00,
  0x00, 0x92, 0x40, 0x00, 0x00, 0x00, 0x00, 0x00, 0x06, 0x00, 0x01, 0x00, 0x00, 0x00, 0x40, 0x00,
  0x00, 0x01, 0x04, 0x00, 0x08, 0x06, 0x00, 0x00, 0x0e, 0x01, 0x03, 0x00, 0x00, 0x00, 0x21, 0x00,
  0x00, 0x00, 0x00, 0x80, 0x0c, 0x06, 0x00, 0x00, 0x00, 0x01, 0x81, 0x00, 0x00, 0x00, 0x00, 0x00,
  0x03, 0x04, 0x29, 0x00, 0x08, 0x04, 0x00, 0x00, 0x00, 0x01, 0xc3, 0x00, 0x00, 0x28, 0x04, 0x80,
  0x02, 0x00, 0x00, 0x40, 0x0c, 0x06, 0x00, 0x03, 0xe0, 0x00, 0x67, 0x00, 0x00, 0x00, 0x02, 0x00,
  0x01, 0x20, 0x02, 0x00, 0x08, 0x06, 0x04, 0x06, 0xf0, 0x00, 0x74, 0x00, 0x00, 0x04, 0x10, 0x02,
  0x00, 0x04, 0x80, 0x00, 0x0c, 0x04, 0x07, 0x04, 0x18, 0x10, 0x3e, 0x00, 0x00, 0x00, 0x01, 0x01,
  0x02, 0x00, 0x28, 0x90, 0x08, 0x3e, 0x0f, 0x06, 0x38, 0x7c, 0x1c, 0x00, 0x00, 0x01, 0x10, 0x00,
  0x01, 0x00, 0x00, 0x00, 0x0e, 0xfe, 0x0f, 0x06, 0x18, 0xf6, 0x0e, 0x00, 0x02, 0x80, 0x00, 0x04,
  0x00, 0x00, 0x24, 0x00, 0x0f, 0xc6, 0x1b, 0x04, 0x30, 0xc6, 0x0c, 0x18, 0x03, 0x00, 0x80, 0x01,
  0x00, 0x00, 0x00, 0x00, 0x0c, 0x06, 0x3f, 0x07, 0xe0, 0xc6, 0x08, 0x18, 0x06, 0x00, 0x02, 0x08,
  0x01, 0x00, 0x80, 0x00, 0x0c, 0x04, 0x7f, 0x87, 0xa0, 0xc6, 0x1c, 0x0c, 0x56, 0x00, 0x00, 0x12,
  0x10, 0x88, 0x04, 0x00, 0x18, 0x06, 0x35, 0x82, 0x80, 0x7c, 0x18, 0x07, 0x04, 0x00, 0x00, 0x00,
  0x01, 0x00, 0x10, 0x80, 0x0c, 0x06, 0x21, 0x86, 0x00, 0xf8, 0x18, 0x06, 0x06, 0x00, 0x0c, 0x10,
  0x20, 0x40, 0x00, 0x00, 0x18, 0x06, 0x00, 0xc3, 0x00, 0x60, 0x30, 0x03, 0x8d, 0x04, 0x04, 0x80,
  0x04, 0x8a, 0x00, 0x00, 0x0c, 0x06, 0x00, 0xc6, 0x00, 0xc0, 0x30, 0x01, 0x8c, 0xa0, 0x04, 0x00,
  0x10, 0x00, 0x00, 0x00, 0x18, 0x04, 0x00, 0x03, 0x00, 0xc0, 0x70, 0x01, 0xcc, 0x00, 0x04, 0x09,
  0x40, 0x84, 0x20, 0x00, 0x18, 0x04, 0x00, 0x01, 0x00, 0x20, 0x00, 0x60, 0x68, 0x00, 0x00, 0x00,
  0x00, 0x01, 0x00, 0x00, 0x08, 0x00, 0x00, 0x00, 0x00, 0x00, 0x00, 0xe0, 0x78, 0x02, 0x04, 0x00,
  0x00, 0x80, 0x00, 0x00, 0x00, 0x00, 0x01, 0xfe, 0x00, 0x00, 0x00, 0xb0, 0x38, 0x08, 0x00, 0x00,
  0x00, 0x80, 0x00, 0x01, 0xc0, 0x60, 0x11, 0x7c, 0x60, 0x00, 0x00, 0xf0, 0x32, 0x00, 0x02, 0x00,
  0x20, 0xa0, 0x00, 0x07, 0xe0, 0x00, 0x7c, 0x30, 0x40, 0xc0, 0x01, 0xb8, 0x18, 0x20, 0x00, 0x22,
  0x00, 0x80, 0x00, 0x0d, 0x30, 0x00, 0x6c, 0x30, 0x60, 0xc0, 0x07, 0xf0, 0x30, 0x00, 0x4a, 0x00,
  0x00, 0x00, 0x00, 0x06, 0x70, 0x00, 0x66, 0x30, 0x60, 0xc0, 0x07, 0xf8, 0x30, 0x00, 0x00, 0x80,
  0x00, 0x80, 0x00, 0x04, 0x60, 0x60, 0xcc, 0x10, 0x6f, 0x87, 0x83, 0x1c, 0x60, 0x04, 0x82, 0x00,
  0x00, 0x40, 0x00, 0x07, 0xf8, 0x60, 0x7c, 0x30, 0x7d, 0xc6, 0xe2, 0x08, 0x20, 0x20, 0x10, 0x90,
  0x00, 0x00, 0x00, 0x0f, 0xfe, 0x40, 0xf8, 0x30, 0x60, 0xc6, 0xe0, 0x0c, 0x60, 0x02, 0x42, 0x08,
  0x00, 0x00, 0x00, 0x07, 0x04, 0x60, 0xfa, 0x30, 0x60, 0x86, 0x30, 0x06, 0x60, 0x01, 0x00, 0x00,
  0x00, 0x00, 0x00, 0x06, 0x06, 0x60, 0x4e, 0x30, 0xe0, 0xcc, 0x30, 0x00, 0xc0, 0x04, 0x02, 0x04,
  0x00, 0x00, 0x00, 0x06, 0x06, 0x60, 0xc7, 0xb0, 0x40, 0xc6, 0x30, 0x00, 0xc0, 0x00, 0x01, 0x00,
  0x00, 0x40, 0x00, 0x06, 0x06, 0x60, 0x00, 0x30, 0xe0, 0x8e, 0x70, 0x00, 0x80, 0x02, 0x42, 0x00,
  0x00, 0x00, 0x00, 0x06, 0x0e, 0x60, 0x00, 0x30, 0x40, 0x04, 0x60, 0x00, 0x80, 0x00, 0x01, 0x00,
  0x00, 0x00, 0x00, 0x06, 0x1c, 0x60, 0x00, 0x00, 0x00, 0x0e, 0xe0, 0x00, 0x80, 0x00, 0x01, 0x00,
  0x00, 0x00, 0x00, 0x06, 0x38, 0x00, 0x00, 0x00, 0x00, 0x07, 0xc0, 0x00, 0x00, 0x00, 0x00, 0x00,
  0x00, 0x00, 0x00, 0x06, 0x60, 0x00, 0x00, 0x00, 0x00, 0x07, 0x00, 0x00, 0x00, 0x00, 0x01, 0x00,
  0x00, 0x00, 0x00, 0x07, 0xe0, 0x00, 0x00, 0x00, 0x00, 0x00, 0x00, 0x00, 0x00, 0x00, 0x01, 0x00,
  0x00, 0x00, 0x00, 0x07, 0x80, 0x00, 0x00, 0x00, 0x00, 0x00, 0x00, 0x00, 0x00, 0x00, 0x00, 0x00,
  0x00, 0x00, 0x00, 0x02, 0x80, 0x00, 0x00, 0x00, 0x00, 0x00, 0x00, 0x00, 0x00, 0x00, 0x00, 0x00,
  0x00, 0x00, 0x00, 0x00, 0x00, 0x00, 0x60, 0x10, 0x00, 0x00, 0x00, 0x00, 0x00, 0x00, 0x01, 0x00,
  0x00, 0x00, 0x00, 0x00, 0x00, 0x00, 0x40, 0x10, 0x00, 0x00, 0x00, 0x00, 0x00, 0x00, 0x00, 0x00,
  0x00, 0x00, 0x00, 0x00, 0x00, 0x00, 0x00, 0x00, 0x00, 0x00, 0x00, 0x00, 0x00, 0x00, 0x00, 0x00,
  0x00, 0x00, 0x00, 0x00, 0x00, 0x06, 0x00, 0x06, 0x00, 0x00, 0x00, 0x00, 0x00, 0x00, 0x00, 0x00,
  0x00, 0x00, 0x00, 0x00, 0x00, 0x03, 0x80, 0x0e, 0x00, 0x00, 0x00, 0x00, 0x00, 0x00, 0x00, 0x00,
  0x00, 0x00, 0x00, 0x00, 0x00, 0x01, 0xc0, 0x78, 0x00, 0x00, 0x00, 0x00, 0x00, 0x00, 0x00, 0x00,
  0x00, 0x00, 0x00, 0x00, 0x00, 0x00, 0xff, 0xe8, 0x00, 0x00, 0x00, 0x00, 0x00, 0x00, 0x00, 0x80,
  0x00, 0x00, 0x00, 0x00, 0x00, 0x00, 0x1f, 0xa0, 0x00, 0x00, 0x00, 0x00, 0x00, 0x00, 0x00, 0x00,
  0x00, 0x00, 0x00, 0x00, 0x00, 0x00, 0x00, 0x00, 0x00, 0x00, 0x00, 0x00, 0x00, 0x00, 0x00, 0x00
};

const uint8_t PROGMEM frame13[1024] = {
  0x00, 0x00, 0x00, 0x00, 0x00, 0x00, 0x00, 0x00, 0x00, 0x00, 0x00, 0x00, 0x00, 0x00, 0x00, 0x00,
  0x00, 0x00, 0x00, 0x00, 0x00, 0x00, 0x00, 0x00, 0x00, 0x18, 0x00, 0x00, 0x00, 0x00, 0x00, 0x00,
  0x00, 0x00, 0x00, 0x00, 0x00, 0x00, 0x00, 0x00, 0x00, 0x18, 0x00, 0x00, 0x00, 0x00, 0x00, 0x00,
  0x00, 0x00, 0x00, 0x00, 0x00, 0x00, 0x00, 0x00, 0x10, 0x38, 0x00, 0x00, 0x00, 0x00, 0x00, 0x00,
  0x00, 0x00, 0x00, 0x00, 0x00, 0x00, 0x00, 0x00, 0x18, 0x30, 0x00, 0x00, 0x00, 0x00, 0x00, 0x00,
  0x00, 0x00, 0x00, 0x00, 0x00, 0x00, 0x00, 0x00, 0x0c, 0x00, 0x00, 0x00, 0x00, 0x00, 0x00, 0x00,
  0x10, 0x00, 0x00, 0x00, 0x00, 0x00, 0x00, 0x00, 0x00, 0x00, 0x00, 0x00, 0x00, 0x00, 0x00, 0x00,
  0x00, 0x00, 0x00, 0x00, 0x00, 0x00, 0x00, 0x00, 0x01, 0xe0, 0x10, 0x00, 0x00, 0x00, 0x00, 0x00,
  0x10, 0x00, 0x00, 0x00, 0x00, 0x00, 0x00, 0x00, 0x03, 0xf9, 0xf0, 0x00, 0x00, 0x00, 0x00, 0x00,
  0x00, 0x80, 0x20, 0x00, 0x00, 0x00, 0x00, 0x00, 0x07, 0xf1, 0xf0, 0x00, 0x00, 0x00, 0x00, 0x00,
  0x01, 0x00, 0x00, 0x00, 0x00, 0x00, 0x00, 0x00, 0x07, 0xf8, 0x00, 0x00, 0x00, 0x00, 0x00, 0x00,
  0x00, 0x00, 0x90, 0x00, 0x00, 0x00, 0x00, 0x01, 0xe7, 0xf8, 0x00, 0x00, 0x00, 0x00, 0x00, 0x00,
  0x0a, 0x40, 0x44, 0x00, 0x00, 0x00, 0x00, 0x01, 0xa3, 0xf0, 0x00, 0x00, 0x00, 0x00, 0x00, 0x00,
  0x00, 0x01, 0x10, 0x00, 0x00, 0x00, 0x00, 0x00, 0x01, 0xa2, 0x00, 0x00, 0x00, 0x00, 0x00, 0x00,
  0x00, 0x00, 0x41, 0x00, 0x00, 0x00, 0x00, 0x00, 0x00, 0x03, 0x00, 0x00, 0x00, 0x00, 0x00, 0x00,
  0x00, 0x02, 0x00, 0x00, 0x00, 0x00, 0x00, 0x00, 0x02, 0x03, 0xc0, 0x00, 0x00, 0x00, 0x00, 0x00,
  0x22, 0x00, 0x80, 0x00, 0x00, 0x00, 0x00, 0x00, 0x07, 0x00, 0xc0, 0x00, 0x00, 0x00, 0x00, 0x00,
  0x00, 0x92, 0x40, 0x00, 0x00, 0x00, 0x00, 0x00, 0x06, 0x00, 0x01, 0x00, 0x00, 0x00, 0x40, 0x00,
  0x00, 0x01, 0x04, 0x00, 0x08, 0x06, 0x00, 0x00, 0x0e, 0x01, 0x03, 0x00, 0x00, 0x00, 0x21, 0x00,
  0x00, 0x00, 0x00, 0x80, 0x0c, 0x06, 0x00, 0x00, 0x00, 0x01, 0x81, 0x00, 0x00, 0x00, 0x00, 0x00,
  0x03, 0x04, 0x29, 0x00, 0x08, 0x04, 0x00, 0x00, 0x00, 0x01, 0xc3, 0x00, 0x00, 0x28, 0x04, 0x80,
  0x02, 0x00, 0x00, 0x40, 0x0c, 0x06, 0x00, 0x03, 0xe0, 0x00, 0x67, 0x00, 0x00, 0x00, 0x02, 0x00,
  0x01, 0x20, 0x02, 0x00, 0x08, 0x06, 0x04, 0x06, 0xf0, 0x00, 0x74, 0x00, 0x00, 0x04, 0x10, 0x02,
  0x00, 0x04, 0x80, 0x00, 0x0c, 0x04, 0x07, 0x04, 0x18, 0x10, 0x3e, 0x00, 0x00, 0x00, 0x01, 0x01,
  0x02, 0x00, 0x28, 0x90, 0x08, 0x3e, 0x0f, 0x06, 0x38, 0x7c, 0x1c, 0x00, 0x00, 0x01, 0x10, 0x00,
  0x01, 0x00, 0x00, 0x00, 0x0e, 0xfe, 0x0f, 0x06, 0x18, 0xf6, 0x0e, 0x00, 0x02, 0x80, 0x00, 0x04,
  0x00, 0x00, 0x24, 0x00, 0x0f, 0xc6, 0x1b, 0x04, 0x30, 0xc6, 0x0c, 0x18, 0x03, 0x00, 0x80, 0x01,
  0x00, 0x00, 0x00, 0x00, 0x0c, 0x06, 0x3f, 0x07, 0xe0, 0xc6, 0x08, 0x18, 0x06, 0x00, 0x02, 0x08,
  0x01, 0x00, 0x80, 0x00, 0x0c, 0x04, 0x7f, 0x87, 0xa0, 0xc6, 0x1c, 0x0c, 0x56, 0x00, 0x00, 0x12,
  0x10, 0x88, 0x04, 0x00, 0x18, 0x06, 0x35, 0x82, 0x80, 0x7c, 0x18, 0x07, 0x04, 0x00, 0x00, 0x00,
  0x01, 0x00, 0x10, 0x80, 0x0c, 0x06, 0x21, 0x86, 0x00, 0xf8, 0x18, 0x06, 0x06, 0x00, 0x0c, 0x10,
  0x20, 0x40, 0x00, 0x00, 0x18, 0x06, 0x00, 0xc3, 0x00, 0x60, 0x30, 0x03, 0x8d, 0x04, 0x04, 0x80,
  0x04, 0x8a, 0x00, 0x00, 0x0c, 0x06, 0x00, 0xc6, 0x00, 0xc0, 0x30, 0x01, 0x8c, 0xa0, 0x04, 0x00,
  0x10, 0x00, 0x00, 0x00, 0x18, 0x04, 0x00, 0x03, 0x00, 0xc0, 0x70, 0x01, 0xcc, 0x00, 0x04, 0x09,
  0x40, 0x84, 0x20, 0x00, 0x18, 0x04, 0x00, 0x01, 0x00, 0x20, 0x00, 0x60, 0x68, 0x00, 0x00, 0x00,
  0x00, 0x01, 0x00, 0x00, 0x08, 0x00, 0x00, 0x00, 0x00, 0x00, 0x00, 0xe0, 0x78, 0x02, 0x04, 0x00,
  0x00, 0x80, 0x00, 0x00, 0x00, 0x00, 0x01, 0xfe, 0x00, 0x00, 0x00, 0xb0, 0x38, 0x08, 0x00, 0x00,
  0x00, 0x80, 0x00, 0x01, 0xc0, 0x60, 0x11, 0x7c, 0x60, 0x00, 0x00, 0xf0, 0x32, 0x00, 0x02, 0x00,
  0x20, 0xa0, 0x00, 0x07, 0xe0, 0x00, 0x7c, 0x30, 0x40, 0xc0, 0x01, 0xb8, 0x18, 0x20, 0x00, 0x22,
  0x00, 0x80, 0x00, 0x0d, 0x30, 0x00, 0x6c, 0x30, 0x60, 0xc0, 0x07, 0xf0, 0x30, 0x00, 0x4a, 0x00,
  0x00, 0x00, 0x00, 0x06, 0x70, 0x00, 0x66, 0x30, 0x60, 0xc0, 0x07, 0xf8, 0x30, 0x00, 0x00, 0x80,
  0x00, 0x80, 0x00, 0x04, 0x60, 0x60, 0xcc, 0x10, 0x6f, 0x87, 0x83, 0x1c, 0x60, 0x04, 0x82, 0x00,
  0x00, 0x40, 0x00, 0x07, 0xf8, 0x60, 0x7c, 0x30, 0x7d, 0xc6, 0xe2, 0x08, 0x20, 0x20, 0x10, 0x90,
  0x00, 0x00, 0x00, 0x0f, 0xfe, 0x40, 0xf8, 0x30, 0x60, 0xc6, 0xe0, 0x0c, 0x60, 0x02, 0x42, 0x08,
  0x00, 0x00, 0x00, 0x07, 0x04, 0x60, 0xfa, 0x30, 0x60, 0x86, 0x30, 0x06, 0x60, 0x01, 0x00, 0x00,
  0x00, 0x00, 0x00, 0x06, 0x06, 0x60, 0x4e, 0x30, 0xe0, 0xcc, 0x30, 0x00, 0xc0, 0x04, 0x02, 0x04,
  0x00, 0x00, 0x00, 0x06, 0x06, 0x60, 0xc7, 0xb0, 0x40, 0xc6, 0x30, 0x00, 0xc0, 0x00, 0x01, 0x00,
  0x00, 0x40, 0x00, 0x06, 0x06, 0x60, 0x00, 0x30, 0xe0, 0x8e, 0x70, 0x00, 0x80, 0x02, 0x42, 0x00,
  0x00, 0x00, 0x00, 0x06, 0x0e, 0x60, 0x00, 0x30, 0x40, 0x04, 0x60, 0x00, 0x80, 0x00, 0x01, 0x00,
  0x00, 0x00, 0x00, 0x06, 0x1c, 0x60, 0x00, 0x00, 0x00, 0x0e, 0xe0, 0x00, 0x80, 0x00, 0x01, 0x00,
  0x00, 0x00, 0x00, 0x06, 0x38, 0x00, 0x00, 0x00, 0x00, 0x07, 0xc0, 0x00, 0x00, 0x00, 0x00, 0x00,
  0x00, 0x00, 0x00, 0x06, 0x60, 0x00, 0x00, 0x00, 0x00, 0x07, 0x00, 0x00, 0x00, 0x00, 0x01, 0x00,
  0x00, 0x00, 0x00, 0x07, 0xe0, 0x00, 0x00, 0x00, 0x00, 0x00, 0x00, 0x00, 0x00, 0x00, 0x01, 0x00,
  0x00, 0x00, 0x00, 0x07, 0x80, 0x00, 0x00, 0x00, 0x00, 0x00, 0x00, 0x00, 0x00, 0x00, 0x00, 0x00,
  0x00, 0x00, 0x00, 0x02, 0x80, 0x00, 0x00, 0x00, 0x00, 0x00, 0x00, 0x00, 0x00, 0x00, 0x00, 0x00,
  0x00, 0x00, 0x00, 0x00, 0x00, 0x00, 0x60, 0x10, 0x00, 0x00, 0x00, 0x00, 0x00, 0x00, 0x01, 0x00,
  0x00, 0x00, 0x00, 0x00, 0x00, 0x00, 0x40, 0x10, 0x00, 0x00, 0x00, 0x00, 0x00, 0x00, 0x00, 0x00,
  0x00, 0x00, 0x00, 0x00, 0x00, 0x00, 0x00, 0x00, 0x00, 0x00, 0x00, 0x00, 0x00, 0x00, 0x00, 0x00,
  0x00, 0x00, 0x00, 0x00, 0x00, 0x06, 0x00, 0x06, 0x00, 0x00, 0x00, 0x00, 0x00, 0x00, 0x00, 0x00,
  0x00, 0x00, 0x00, 0x00, 0x00, 0x03, 0x80, 0x0e, 0x00, 0x00, 0x00, 0x00, 0x00, 0x00, 0x00, 0x00,
  0x00, 0x00, 0x00, 0x00, 0x00, 0x01, 0xc0, 0x78, 0x00, 0x00, 0x00, 0x00, 0x00, 0x00, 0x00, 0x00,
  0x00, 0x00, 0x00, 0x00, 0x00, 0x00, 0xff, 0xe8, 0x00, 0x00, 0x00, 0x00, 0x00, 0x00, 0x00, 0x80,
  0x00, 0x00, 0x00, 0x00, 0x00, 0x00, 0x1f, 0xa0, 0x00, 0x00, 0x00, 0x00, 0x00, 0x00, 0x00, 0x00,
  0x00, 0x00, 0x00, 0x00, 0x00, 0x00, 0x00, 0x00, 0x00, 0x00, 0x00, 0x00, 0x00, 0x00, 0x00, 0x00
};

const uint8_t PROGMEM frame14[1024] = {
  0x00, 0x00, 0x00, 0x00, 0x00, 0x00, 0x00, 0x00, 0x00, 0x00, 0x00, 0x00, 0x00, 0x00, 0x00, 0x00,
  0x00, 0x00, 0x00, 0x00, 0x00, 0x00, 0x00, 0x00, 0x00, 0x18, 0x00, 0x00, 0x00, 0x00, 0x00, 0x00,
  0x00, 0x00, 0x00, 0x00, 0x00, 0x00, 0x00, 0x00, 0x00, 0x18, 0x00, 0x00, 0x00, 0x00, 0x00, 0x00,
  0x00, 0x00, 0x00, 0x00, 0x00, 0x00, 0x00, 0x00, 0x10, 0x38, 0x00, 0x00, 0x00, 0x00, 0x00, 0x00,
  0x00, 0x00, 0x00, 0x00, 0x00, 0x00, 0x00, 0x00, 0x18, 0x30, 0x00, 0x00, 0x00, 0x00, 0x00, 0x00,
  0x00, 0x00, 0x00, 0x00, 0x00, 0x00, 0x00, 0x00, 0x0c, 0x00, 0x00, 0x00, 0x00, 0x00, 0x00, 0x00,
  0x10, 0x00, 0x00, 0x00, 0x00, 0x00, 0x00, 0x00, 0x00, 0x00, 0x00, 0x00, 0x00, 0x00, 0x00, 0x00,
  0x00, 0x00, 0x00, 0x00, 0x00, 0x00, 0x00, 0x00, 0x01, 0xe0, 0x10, 0x00, 0x00, 0x00, 0x00, 0x00,
  0x10, 0x00, 0x00, 0x00, 0x00, 0x00, 0x00, 0x00, 0x03, 0xf9, 0xf0, 0x00, 0x00, 0x00, 0x00, 0x00,
  0x00, 0x80, 0x20, 0x00, 0x00, 0x00, 0x00, 0x00, 0x07, 0xf1, 0xf0, 0x00, 0x00, 0x00, 0x00, 0x00,
  0x01, 0x00, 0x00, 0x00, 0x00, 0x00, 0x00, 0x00, 0x07, 0xf8, 0x00, 0x00, 0x00, 0x00, 0x00, 0x00,
  0x00, 0x00, 0x90, 0x00, 0x00, 0x00, 0x00, 0x01, 0xe7, 0xf8, 0x00, 0x00, 0x00, 0x00, 0x00, 0x00,
  0x0a, 0x40, 0x44, 0x00, 0x00, 0x00, 0x00, 0x01, 0xa3, 0xf0, 0x00, 0x00, 0x00, 0x00, 0x00, 0x00,
  0x00, 0x01, 0x10, 0x00, 0x00, 0x00, 0x00, 0x00, 0x01, 0xa2, 0x00, 0x00, 0x00, 0x00, 0x00, 0x00,
  0x00, 0x00, 0x41, 0x00, 0x00, 0x00, 0x00, 0x00, 0x00, 0x03, 0x00, 0x00, 0x00, 0x00, 0x00, 0x00,
  0x00, 0x02, 0x00, 0x00, 0x00, 0x00, 0x00, 0x00, 0x02, 0x03, 0xc0, 0x00, 0x00, 0x00, 0x00, 0x00,
  0x22, 0x00, 0x80, 0x00, 0x00, 0x00, 0x00, 0x00, 0x07, 0x00, 0xc0, 0x00, 0x00, 0x00, 0x00, 0x00,
  0x00, 0x92, 0x40, 0x00, 0x00, 0x00, 0x00, 0x00, 0x06, 0x00, 0x01, 0x00, 0x00, 0x00, 0x40, 0x00,
  0x00, 0x01, 0x04, 0x00, 0x08, 0x06, 0x00, 0x00, 0x0e, 0x01, 0x03, 0x00, 0x00, 0x00, 0x21, 0x00,
  0x00, 0x00, 0x00, 0x80, 0x0c, 0x06, 0x00, 0x00, 0x00, 0x01, 0x81, 0x00, 0x00, 0x00, 0x00, 0x00,
  0x03, 0x04, 0x29, 0x00, 0x08, 0x04, 0x00, 0x00, 0x00, 0x01, 0xc3, 0x00, 0x00, 0x28, 0x04, 0x80,
  0x02, 0x00, 0x00, 0x40, 0x0c, 0x06, 0x00, 0x03, 0xe0, 0x00, 0x67, 0x00, 0x00, 0x00, 0x02, 0x00,
  0x01, 0x20, 0x02, 0x00, 0x08, 0x06, 0x04, 0x06, 0xf0, 0x00, 0x74, 0x00, 0x00, 0x04, 0x10, 0x02,
  0x00, 0x04, 0x80, 0x00, 0x0c, 0x04, 0x07, 0x04, 0x18, 0x10, 0x3e, 0x00, 0x00, 0x00, 0x01, 0x01,
  0x02, 0x00, 0x28, 0x90, 0x08, 0x3e, 0x0f, 0x06, 0x38, 0x7c, 0x1c, 0x00, 0x00, 0x01, 0x10, 0x00,
  0x01, 0x00, 0x00, 0x00, 0x0e, 0xfe, 0x0f, 0x06, 0x18, 0xf6, 0x0e, 0x00, 0x02, 0x80, 0x00, 0x04,
  0x00, 0x00, 0x24, 0x00, 0x0f, 0xc6, 0x1b, 0x04, 0x30, 0xc6, 0x0c, 0x18, 0x03, 0x00, 0x80, 0x01,
  0x00, 0x00, 0x00, 0x00, 0x0c, 0x06, 0x3f, 0x07, 0xe0, 0xc6, 0x08, 0x18, 0x06, 0x00, 0x02, 0x08,
  0x01, 0x00, 0x80, 0x00, 0x0c, 0x04, 0x7f, 0x87, 0xa0, 0xc6, 0x1c, 0x0c, 0x56, 0x00, 0x00, 0x12,
  0x10, 0x88, 0x04, 0x00, 0x18, 0x06, 0x35, 0x82, 0x80, 0x7c, 0x18, 0x07, 0x04, 0x00, 0x00, 0x00,
  0x01, 0x00, 0x10, 0x80, 0x0c, 0x06, 0x21, 0x86, 0x00, 0xf8, 0x18, 0x06, 0x06, 0x00, 0x0c, 0x10,
  0x20, 0x40, 0x00, 0x00, 0x18, 0x06, 0x00, 0xc3, 0x00, 0x60, 0x30, 0x03, 0x8d, 0x04, 0x04, 0x80,
  0x04, 0x8a, 0x00, 0x00, 0x0c, 0x06, 0x00, 0xc6, 0x00, 0xc0, 0x30, 0x01, 0x8c, 0xa0, 0x04, 0x00,
  0x10, 0x00, 0x00, 0x00, 0x18, 0x04, 0x00, 0x03, 0x00, 0xc0, 0x70, 0x01, 0xcc, 0x00, 0x04, 0x09,
  0x40, 0x84, 0x20, 0x00, 0x18, 0x04, 0x00, 0x01, 0x00, 0x20, 0x00, 0x60, 0x68, 0x00, 0x00, 0x00,
  0x00, 0x01, 0x00, 0x00, 0x08, 0x00, 0x00, 0x00, 0x00, 0x00, 0x00, 0xe0, 0x78, 0x02, 0x04, 0x00,
  0x00, 0x80, 0x00, 0x00, 0x00, 0x00, 0x01, 0xfe, 0x00, 0x00, 0x00, 0xb0, 0x38, 0x08, 0x00, 0x00,
  0x00, 0x80, 0x00, 0x01, 0xc0, 0x60, 0x11, 0x7c, 0x60, 0x00, 0x00, 0xf0, 0x32, 0x00, 0x02, 0x00,
  0x20, 0xa0, 0x00, 0x07, 0xe0, 0x00, 0x7c, 0x30, 0x40, 0xc0, 0x01, 0xb8, 0x18, 0x20, 0x00, 0x22,
  0x00, 0x80, 0x00, 0x0d, 0x30, 0x00, 0x6c, 0x30, 0x60, 0xc0, 0x07, 0xf0, 0x30, 0x00, 0x4a, 0x00,
  0x00, 0x00, 0x00, 0x06, 0x70, 0x00, 0x66, 0x30, 0x60, 0xc0, 0x07, 0xf8, 0x30, 0x00, 0x00, 0x80,
  0x00, 0x80, 0x00, 0x04, 0x60, 0x60, 0xcc, 0x10, 0x6f, 0x87, 0x83, 0x1c, 0x60, 0x04, 0x82, 0x00,
  0x00, 0x40, 0x00, 0x07, 0xf8, 0x60, 0x7c, 0x30, 0x7d, 0xc6, 0xe2, 0x08, 0x20, 0x20, 0x10, 0x90,
  0x00, 0x00, 0x00, 0x0f, 0xfe, 0x40, 0xf8, 0x30, 0x60, 0xc6, 0xe0, 0x0c, 0x60, 0x02, 0x42, 0x08,
  0x00, 0x00, 0x00, 0x07, 0x04, 0x60, 0xfa, 0x30, 0x60, 0x86, 0x30, 0x06, 0x60, 0x01, 0x00, 0x00,
  0x00, 0x00, 0x00, 0x06, 0x06, 0x60, 0x4e, 0x30, 0xe0, 0xcc, 0x30, 0x00, 0xc0, 0x04, 0x02, 0x04,
  0x00, 0x00, 0x00, 0x06, 0x06, 0x60, 0xc7, 0xb0, 0x40, 0xc6, 0x30, 0x00, 0xc0, 0x00, 0x01, 0x00,
  0x00, 0x40, 0x00, 0x06, 0x06, 0x60, 0x00, 0x30, 0xe0, 0x8e, 0x70, 0x00, 0x80, 0x02, 0x42, 0x00,
  0x00, 0x00, 0x00, 0x06, 0x0e, 0x60, 0x00, 0x30, 0x40, 0x04, 0x60, 0x00, 0x80, 0x00, 0x01, 0x00,
  0x00, 0x00, 0x00, 0x06, 0x1c, 0x60, 0x00, 0x00, 0x00, 0x0e, 0xe0, 0x00, 0x80, 0x00, 0x01, 0x00,
  0x00, 0x00, 0x00, 0x06, 0x38, 0x00, 0x00, 0x00, 0x00, 0x07, 0xc0, 0x00, 0x00, 0x00, 0x00, 0x00,
  0x00, 0x00, 0x00, 0x06, 0x60, 0x00, 0x00, 0x00, 0x00, 0x07, 0x00, 0x00, 0x00, 0x00, 0x01, 0x00,
  0x00, 0x00, 0x00, 0x07, 0xe0, 0x00, 0x00, 0x00, 0x00, 0x00, 0x00, 0x00, 0x00, 0x00, 0x01, 0x00,
  0x00, 0x00, 0x00, 0x07, 0x80, 0x00, 0x00, 0x00, 0x00, 0x00, 0x00, 0x00, 0x00, 0x00, 0x00, 0x00,
  0x00, 0x00, 0x00, 0x02, 0x80, 0x00, 0x00, 0x00, 0x00, 0x00, 0x00, 0x00, 0x00, 0x00, 0x00, 0x00,
  0x00, 0x00, 0x00, 0x00, 0x00, 0x00, 0x60, 0x10, 0x00, 0x00, 0x00, 0x00, 0x00, 0x00, 0x01, 0x00,
  0x00, 0x00, 0x00, 0x00, 0x00, 0x00, 0x40, 0x10, 0x00, 0x00, 0x00, 0x00, 0x00, 0x00, 0x00, 0x00,
  0x00, 0x00, 0x00, 0x00, 0x00, 0x00, 0x00, 0x00, 0x00, 0x00, 0x00, 0x00, 0x00, 0x00, 0x00, 0x00,
  0x00, 0x00, 0x00, 0x00, 0x00, 0x06, 0x00, 0x06, 0x00, 0x00, 0x00, 0x00, 0x00, 0x00, 0x00, 0x00,
  0x00, 0x00, 0x00, 0x00, 0x00, 0x03, 0x80, 0x0e, 0x00, 0x00, 0x00, 0x00, 0x00, 0x00, 0x00, 0x00,
  0x00, 0x00, 0x00, 0x00, 0x00, 0x01, 0xc0, 0x78, 0x00, 0x00, 0x00, 0x00, 0x00, 0x00, 0x00, 0x00,
  0x00, 0x00, 0x00, 0x00, 0x00, 0x00, 0xff, 0xe8, 0x00, 0x00, 0x00, 0x00, 0x00, 0x00, 0x00, 0x80,
  0x00, 0x00, 0x00, 0x00, 0x00, 0x00, 0x1f, 0xa0, 0x00, 0x00, 0x00, 0x00, 0x00, 0x00, 0x00, 0x00,
  0x00, 0x00, 0x00, 0x00, 0x00, 0x00, 0x00, 0x00, 0x00, 0x00, 0x00, 0x00, 0x00, 0x00, 0x00, 0x00
};

const uint8_t PROGMEM frame15[1024] = {
  0x00, 0x00, 0x00, 0x00, 0x00, 0x00, 0x00, 0x00, 0x00, 0x00, 0x00, 0x00, 0x00, 0x00, 0x00, 0x00,
  0x00, 0x00, 0x00, 0x00, 0x00, 0x00, 0x00, 0x00, 0x00, 0x18, 0x00, 0x00, 0x00, 0x00, 0x00, 0x00,
  0x00, 0x00, 0x00, 0x00, 0x00, 0x00, 0x00, 0x00, 0x00, 0x18, 0x00, 0x00, 0x00, 0x00, 0x00, 0x00,
  0x00, 0x00, 0x00, 0x00, 0x00, 0x00, 0x00, 0x00, 0x10, 0x38, 0x00, 0x00, 0x00, 0x00, 0x00, 0x00,
  0x00, 0x00, 0x00, 0x00, 0x00, 0x00, 0x00, 0x00, 0x18, 0x30, 0x00, 0x00, 0x00, 0x00, 0x00, 0x00,
  0x00, 0x00, 0x00, 0x00, 0x00, 0x00, 0x00, 0x00, 0x0c, 0x00, 0x00, 0x00, 0x00, 0x00, 0x00, 0x00,
  0x10, 0x00, 0x00, 0x00, 0x00, 0x00, 0x00, 0x00, 0x00, 0x00, 0x00, 0x00, 0x00, 0x00, 0x00, 0x00,
  0x00, 0x00, 0x00, 0x00, 0x00, 0x00, 0x00, 0x00, 0x01, 0xe0, 0x10, 0x00, 0x00, 0x00, 0x00, 0x00,
  0x10, 0x80, 0x00, 0x00, 0x00, 0x00, 0x00, 0x00, 0x03, 0xf9, 0xf0, 0x00, 0x00, 0x00, 0x00, 0x00,
  0x00, 0x20, 0x00, 0x00, 0x00, 0x00, 0x00, 0x00, 0x07, 0xf1, 0xf0, 0x00, 0x00, 0x00, 0x00, 0x00,
  0x01, 0x00, 0x24, 0x00, 0x00, 0x00, 0x00, 0x00, 0x07, 0xf8, 0x00, 0x00, 0x00, 0x00, 0x00, 0x00,
  0x00, 0x00, 0x88, 0x00, 0x00, 0x00, 0x00, 0x01, 0xe7, 0xf8, 0x00, 0x00, 0x00, 0x00, 0x00, 0x00,
  0x02, 0x00, 0x20, 0x00, 0x00, 0x00, 0x00, 0x01, 0xa3, 0xf0, 0x00, 0x00, 0x00, 0x00, 0x00, 0x00,
  0x00, 0x00, 0x80, 0x00, 0x00, 0x00, 0x00, 0x00, 0x01, 0xa2, 0x00, 0x00, 0x00, 0x00, 0x00, 0x00,
  0x00, 0x00, 0x02, 0x80, 0x00, 0x00, 0x00, 0x00, 0x00, 0x03, 0x00, 0x00, 0x00, 0x00, 0x00, 0x00,
  0x00, 0x02, 0x00, 0x00, 0x00, 0x00, 0x00, 0x00, 0x02, 0x03, 0xc0, 0x00, 0x00, 0x00, 0x00, 0x00,
  0x02, 0x00, 0x40, 0x00, 0x00, 0x00, 0x00, 0x00, 0x07, 0x00, 0xc0, 0x00, 0x00, 0x00, 0x40, 0x00,
  0x00, 0x11, 0x20, 0x00, 0x00, 0x00, 0x00, 0x00, 0x06, 0x00, 0x01, 0x00, 0x00, 0x00, 0x00, 0x00,
  0x00, 0x02, 0x04, 0x00, 0x00, 0x02, 0x00, 0x00, 0x0e, 0x01, 0x03, 0x00, 0x00, 0x00, 0x22, 0x80,
  0x00, 0x00, 0x01, 0x00, 0x0c, 0x06, 0x00, 0x00, 0x00, 0x01, 0x83, 0x00, 0x00, 0x10, 0x00, 0x00,
  0x03, 0x01, 0x14, 0xa0, 0x08, 0x02, 0x00, 0x00, 0x00, 0x01, 0xc6, 0x00, 0x00, 0x08, 0x00, 0x00,
  0x02, 0x00, 0x00, 0x10, 0x0c, 0x06, 0x02, 0x01, 0xf0, 0x00, 0x63, 0x00, 0x00, 0x00, 0x02, 0x00,
  0x01, 0x20, 0x00, 0x00, 0x08, 0x04, 0x07, 0x03, 0xb8, 0x00, 0x76, 0x00, 0x00, 0x00, 0x00, 0x02,
  0x02, 0x02, 0x02, 0x80, 0x0c, 0x06, 0x0e, 0x06, 0x18, 0x00, 0x3e, 0x00, 0x00, 0x09, 0x08, 0x00,
  0x00, 0x00, 0x10, 0x10, 0x08, 0x06, 0x0f, 0x02, 0x0c, 0x00, 0x1c, 0x00, 0x00, 0x00, 0x00, 0x02,
  0x01, 0x00, 0x00, 0x00, 0x0c, 0x7e, 0x0b, 0x83, 0x18, 0xfc, 0x0c, 0x00, 0x02, 0x80, 0x00, 0x08,
  0x00, 0x00, 0x08, 0x00, 0x0f, 0xfe, 0x1d, 0x06, 0x18, 0xfe, 0x0c, 0x00, 0x00, 0x00, 0x01, 0x00,
  0x01, 0x00, 0x00, 0x00, 0x0f, 0x04, 0x7f, 0x83, 0xf0, 0xc6, 0x18, 0x00, 0x01, 0x00, 0x04, 0x04,
  0x00, 0x00, 0x04, 0x00, 0x0c, 0x06, 0x35, 0xc3, 0xd0, 0xc2, 0x18, 0x18, 0x53, 0x00, 0x00, 0x10,
  0x01, 0x00, 0x40, 0x00, 0x08, 0x06, 0x11, 0x83, 0x00, 0xce, 0x18, 0x1c, 0x06, 0x00, 0x00, 0x00,
  0x00, 0x88, 0x01, 0x00, 0x1c, 0x06, 0x00, 0xc1, 0x00, 0x7c, 0x30, 0x0c, 0x02, 0x00, 0x0c, 0x04,
  0x20, 0x20, 0x10, 0x00, 0x08, 0x04, 0x00, 0xc3, 0x80, 0xf0, 0x30, 0x07, 0x07, 0x00, 0x04, 0x00,
  0x04, 0x80, 0x00, 0x20, 0x1c, 0x06, 0x00, 0x01, 0x00, 0x40, 0x70, 0x03, 0x0e, 0x08, 0x08, 0x00,
  0x00, 0x84, 0x40, 0x00, 0x08, 0x06, 0x00, 0x03, 0x00, 0xe0, 0x20, 0x01, 0x8c, 0x00, 0x04, 0x08,
  0x00, 0x22, 0x00, 0x00, 0x18, 0x06, 0x00, 0x00, 0x80, 0xc0, 0x20, 0x01, 0x8a, 0x00, 0x00, 0x00,
  0x51, 0x00, 0x00, 0x00, 0x18, 0x00, 0x00, 0x00, 0x00, 0x00, 0x00, 0x60, 0xcc, 0x01, 0x04, 0x00,
  0x00, 0x82, 0x10, 0x00, 0x08, 0x00, 0x00, 0x00, 0x00, 0x00, 0x00, 0xe0, 0xf8, 0x08, 0x00, 0x00,
  0x00, 0x00, 0x00, 0x00, 0x80, 0x40, 0x70, 0xfe, 0x30, 0x40, 0x01, 0xe0, 0x6c, 0x00, 0x02, 0x00,
  0x20, 0xa0, 0x00, 0x07, 0xc0, 0x20, 0xf9, 0xf4, 0x70, 0xe0, 0x01, 0xb0, 0x38, 0x20, 0x00, 0x00,
  0x00, 0x80, 0x00, 0x0e, 0xe0, 0x01, 0x8c, 0x10, 0x30, 0x40, 0x01, 0xb0, 0x18, 0x00, 0x04, 0x10,
  0x00, 0x00, 0x00, 0x04, 0x70, 0x00, 0xdc, 0x30, 0x31, 0x60, 0x0f, 0xf0, 0x30, 0x80, 0x42, 0x80,
  0x00, 0x40, 0x00, 0x0c, 0xe0, 0x21, 0xd8, 0x30, 0x7f, 0xe1, 0x07, 0xf8, 0x10, 0x04, 0x80, 0x00,
  0x00, 0x80, 0x00, 0x0e, 0xd0, 0x60, 0xf0, 0x30, 0x35, 0x47, 0x82, 0x18, 0x30, 0x00, 0x02, 0x88,
  0x00, 0x00, 0x00, 0x07, 0xfc, 0x61, 0xf0, 0x30, 0x60, 0x66, 0xe6, 0x18, 0x70, 0x09, 0x11, 0x00,
  0x00, 0x00, 0x00, 0x0f, 0x16, 0x31, 0xb8, 0x10, 0x60, 0xc4, 0xe0, 0x0c, 0x20, 0x02, 0x00, 0x14,
  0x00, 0x00, 0x00, 0x06, 0x0c, 0x61, 0x8e, 0x38, 0x60, 0x6e, 0x30, 0x08, 0x60, 0x10, 0x42, 0x00,
  0x00, 0x00, 0x00, 0x0e, 0x06, 0x31, 0x06, 0x30, 0x60, 0xc4, 0x70, 0x00, 0x40, 0x01, 0x01, 0x04,
  0x00, 0x00, 0x00, 0x06, 0x06, 0x60, 0x00, 0x30, 0x50, 0x0e, 0x30, 0x00, 0xe0, 0x00, 0x00, 0x00,
  0x00, 0x00, 0x00, 0x0c, 0x0c, 0x30, 0x00, 0x38, 0x00, 0x04, 0x60, 0x00, 0xc0, 0x02, 0x03, 0x00,
  0x00, 0x00, 0x00, 0x06, 0x1c, 0x60, 0x00, 0x30, 0x00, 0x0c, 0xe0, 0x00, 0x80, 0x00, 0x00, 0x80,
  0x00, 0x00, 0x00, 0x06, 0x38, 0x20, 0x00, 0x10, 0x00, 0x0f, 0xc0, 0x00, 0xc0, 0x00, 0x00, 0x00,
  0x00, 0x00, 0x00, 0x06, 0x70, 0x00, 0x00, 0x00, 0x00, 0x07, 0x40, 0x00, 0x00, 0x00, 0x01, 0x00,
  0x00, 0x00, 0x00, 0x0e, 0xe0, 0x00, 0x00, 0x00, 0x00, 0x05, 0x00, 0x00, 0x00, 0x00, 0x01, 0x00,
  0x00, 0x00, 0x00, 0x07, 0x80, 0x00, 0x00, 0x00, 0x00, 0x00, 0x00, 0x00, 0x00, 0x00, 0x00, 0x00,
  0x00, 0x00, 0x00, 0x07, 0x00, 0x00, 0x00, 0x00, 0x00, 0x00, 0x00, 0x00, 0x00, 0x00, 0x01, 0x00,
  0x00, 0x00, 0x00, 0x00, 0x00, 0x00, 0x60, 0x10, 0x00, 0x00, 0x00, 0x00, 0x00, 0x00, 0x00, 0x00,
  0x00, 0x00, 0x00, 0x00, 0x00, 0x00, 0x40, 0x28, 0x00, 0x00, 0x00, 0x00, 0x00, 0x00, 0x00, 0x00,
  0x00, 0x00, 0x00, 0x00, 0x00, 0x00, 0x00, 0x00, 0x00, 0x00, 0x00, 0x00, 0x00, 0x00, 0x00, 0x00,
  0x00, 0x00, 0x00, 0x00, 0x00, 0x06, 0x00, 0x06, 0x00, 0x00, 0x00, 0x00, 0x00, 0x00, 0x00, 0x00,
  0x00, 0x00, 0x00, 0x00, 0x00, 0x03, 0x80, 0x0e, 0x00, 0x00, 0x00, 0x00, 0x00, 0x00, 0x00, 0x00,
  0x00, 0x00, 0x00, 0x00, 0x00, 0x01, 0xc0, 0x58, 0x00, 0x00, 0x00, 0x00, 0x00, 0x00, 0x00, 0x00,
  0x00, 0x00, 0x00, 0x00, 0x00, 0x00, 0xff, 0xf4, 0x00, 0x00, 0x00, 0x00, 0x00, 0x00, 0x00, 0x00,
  0x00, 0x00, 0x00, 0x00, 0x00, 0x00, 0x1f, 0xa0, 0x00, 0x00, 0x00, 0x00, 0x00, 0x00, 0x00, 0x00,
  0x00, 0x00, 0x00, 0x00, 0x00, 0x00, 0x00, 0x00, 0x00, 0x00, 0x00, 0x00, 0x00, 0x00, 0x00, 0x00
};

const uint8_t PROGMEM frame16[1024] = {
  0x00, 0x00, 0x00, 0x00, 0x00, 0x00, 0x00, 0x00, 0x00, 0x00, 0x00, 0x00, 0x00, 0x00, 0x00, 0x00,
  0x00, 0x00, 0x00, 0x00, 0x00, 0x00, 0x00, 0x00, 0x00, 0x18, 0x00, 0x00, 0x00, 0x00, 0x00, 0x00,
  0x00, 0x00, 0x00, 0x00, 0x00, 0x00, 0x00, 0x00, 0x00, 0x18, 0x00, 0x00, 0x00, 0x00, 0x00, 0x00,
  0x00, 0x00, 0x00, 0x00, 0x00, 0x00, 0x00, 0x00, 0x10, 0x38, 0x00, 0x00, 0x00, 0x00, 0x00, 0x00,
  0x00, 0x00, 0x00, 0x00, 0x00, 0x00, 0x00, 0x00, 0x18, 0x30, 0x00, 0x00, 0x00, 0x00, 0x00, 0x00,
  0x00, 0x00, 0x00, 0x00, 0x00, 0x00, 0x00, 0x00, 0x0c, 0x00, 0x00, 0x00, 0x00, 0x00, 0x00, 0x00,
  0x10, 0x00, 0x00, 0x00, 0x00, 0x00, 0x00, 0x00, 0x00, 0x00, 0x00, 0x00, 0x00, 0x00, 0x00, 0x00,
  0x00, 0x00, 0x00, 0x00, 0x00, 0x00, 0x00, 0x00, 0x01, 0xe0, 0x10, 0x00, 0x00, 0x00, 0x00, 0x00,
  0x10, 0x80, 0x00, 0x00, 0x00, 0x00, 0x00, 0x00, 0x03, 0xf9, 0xf0, 0x00, 0x00, 0x00, 0x00, 0x00,
  0x00, 0x20, 0x00, 0x00, 0x00, 0x00, 0x00, 0x00, 0x07, 0xf1, 0xf0, 0x00, 0x00, 0x00, 0x00, 0x00,
  0x01, 0x00, 0x24, 0x00, 0x00, 0x00, 0x00, 0x00, 0x07, 0xf8, 0x00, 0x00, 0x00, 0x00, 0x00, 0x00,
  0x00, 0x00, 0x88, 0x00, 0x00, 0x00, 0x00, 0x01, 0xe7, 0xf8, 0x00, 0x00, 0x00, 0x00, 0x00, 0x00,
  0x02, 0x00, 0x20, 0x00, 0x00, 0x00, 0x00, 0x01, 0xa3, 0xf0, 0x00, 0x00, 0x00, 0x00, 0x00, 0x00,
  0x00, 0x00, 0x80, 0x00, 0x00, 0x00, 0x00, 0x00, 0x01, 0xa2, 0x00, 0x00, 0x00, 0x00, 0x00, 0x00,
  0x00, 0x00, 0x02, 0x80, 0x00, 0x00, 0x00, 0x00, 0x00, 0x03, 0x00, 0x00, 0x00, 0x00, 0x00, 0x00,
  0x00, 0x02, 0x00, 0x00, 0x00, 0x00, 0x00, 0x00, 0x02, 0x03, 0xc0, 0x00, 0x00, 0x00, 0x00, 0x00,
  0x02, 0x00, 0x40, 0x00, 0x00, 0x00, 0x00, 0x00, 0x07, 0x00, 0xc0, 0x00, 0x00, 0x00, 0x40, 0x00,
  0x00, 0x11, 0x20, 0x00, 0x00, 0x00, 0x00, 0x00, 0x06, 0x00, 0x01, 0x00, 0x00, 0x00, 0x00, 0x00,
  0x00, 0x02, 0x04, 0x00, 0x00, 0x02, 0x00, 0x00, 0x0e, 0x01, 0x03, 0x00, 0x00, 0x00, 0x22, 0x80,
  0x00, 0x00, 0x01, 0x00, 0x0c, 0x06, 0x00, 0x00, 0x00, 0x01, 0x83, 0x00, 0x00, 0x10, 0x00, 0x00,
  0x03, 0x01, 0x14, 0xa0, 0x08, 0x02, 0x00, 0x00, 0x00, 0x01, 0xc6, 0x00, 0x00, 0x08, 0x00, 0x00,
  0x02, 0x00, 0x00, 0x10, 0x0c, 0x06, 0x02, 0x01, 0xf0, 0x00, 0x63, 0x00, 0x00, 0x00, 0x02, 0x00,
  0x01, 0x20, 0x00, 0x00, 0x08, 0x04, 0x07, 0x03, 0xb8, 0x00, 0x76, 0x00, 0x00, 0x00, 0x00, 0x02,
  0x02, 0x02, 0x02, 0x80, 0x0c, 0x06, 0x0e, 0x06, 0x18, 0x00, 0x3e, 0x00, 0x00, 0x09, 0x08, 0x00,
  0x00, 0x00, 0x10, 0x10, 0x08, 0x06, 0x0f, 0x02, 0x0c, 0x00, 0x1c, 0x00, 0x00, 0x00, 0x00, 0x02,
  0x01, 0x00, 0x00, 0x00, 0x0c, 0x7e, 0x0b, 0x83, 0x18, 0xfc, 0x0c, 0x00, 0x02, 0x80, 0x00, 0x08,
  0x00, 0x00, 0x08, 0x00, 0x0f, 0xfe, 0x1d, 0x06, 0x18, 0xfe, 0x0c, 0x00, 0x00, 0x00, 0x01, 0x00,
  0x01, 0x00, 0x00, 0x00, 0x0f, 0x04, 0x7f, 0x83, 0xf0, 0xc6, 0x18, 0x00, 0x01, 0x00, 0x04, 0x04,
  0x00, 0x00, 0x04, 0x00, 0x0c, 0x06, 0x35, 0xc3, 0xd0, 0xc2, 0x18, 0x18, 0x53, 0x00, 0x00, 0x10,
  0x01, 0x00, 0x40, 0x00, 0x08, 0x06, 0x11, 0x83, 0x00, 0xce, 0x18, 0x1c, 0x06, 0x00, 0x00, 0x00,
  0x00, 0x88, 0x01, 0x00, 0x1c, 0x06, 0x00, 0xc1, 0x00, 0x7c, 0x30, 0x0c, 0x02, 0x00, 0x0c, 0x04,
  0x20, 0x20, 0x10, 0x00, 0x08, 0x04, 0x00, 0xc3, 0x80, 0xf0, 0x30, 0x07, 0x07, 0x00, 0x04, 0x00,
  0x04, 0x80, 0x00, 0x20, 0x1c, 0x06, 0x00, 0x01, 0x00, 0x40, 0x70, 0x03, 0x0e, 0x08, 0x08, 0x00,
  0x00, 0x84, 0x40, 0x00, 0x08, 0x06, 0x00, 0x03, 0x00, 0xe0, 0x20, 0x01, 0x8c, 0x00, 0x04, 0x08,
  0x00, 0x22, 0x00, 0x00, 0x18, 0x06, 0x00, 0x00, 0x80, 0xc0, 0x20, 0x01, 0x8a, 0x00, 0x00, 0x00,
  0x51, 0x00, 0x00, 0x00, 0x18, 0x00, 0x00, 0x00, 0x00, 0x00, 0x00, 0x60, 0xcc, 0x01, 0x04, 0x00,
  0x00, 0x82, 0x10, 0x00, 0x08, 0x00, 0x00, 0x00, 0x00, 0x00, 0x00, 0xe0, 0xf8, 0x08, 0x00, 0x00,
  0x00, 0x00, 0x00, 0x00, 0x80, 0x40, 0x70, 0xfe, 0x30, 0x40, 0x01, 0xe0, 0x6c, 0x00, 0x02, 0x00,
  0x20, 0xa0, 0x00, 0x07, 0xc0, 0x20, 0xf9, 0xf4, 0x70, 0xe0, 0x01, 0xb0, 0x38, 0x20, 0x00, 0x00,
  0x00, 0x80, 0x00, 0x0e, 0xe0, 0x01, 0x8c, 0x10, 0x30, 0x40, 0x01, 0xb0, 0x18, 0x00, 0x04, 0x10,
  0x00, 0x00, 0x00, 0x04, 0x70, 0x00, 0xdc, 0x30, 0x31, 0x60, 0x0f, 0xf0, 0x30, 0x80, 0x42, 0x80,
  0x00, 0x40, 0x00, 0x0c, 0xe0, 0x21, 0xd8, 0x30, 0x7f, 0xe1, 0x07, 0xf8, 0x10, 0x04, 0x80, 0x00,
  0x00, 0x80, 0x00, 0x0e, 0xd0, 0x60, 0xf0, 0x30, 0x35, 0x47, 0x82, 0x18, 0x30, 0x00, 0x02, 0x88,
  0x00, 0x00, 0x00, 0x07, 0xfc, 0x61, 0xf0, 0x30, 0x60, 0x66, 0xe6, 0x18, 0x70, 0x09, 0x11, 0x00,
  0x00, 0x00, 0x00, 0x0f, 0x16, 0x31, 0xb8, 0x10, 0x60, 0xc4, 0xe0, 0x0c, 0x20, 0x02, 0x00, 0x14,
  0x00, 0x00, 0x00, 0x06, 0x0c, 0x61, 0x8e, 0x38, 0x60, 0x6e, 0x30, 0x08, 0x60, 0x10, 0x42, 0x00,
  0x00, 0x00, 0x00, 0x0e, 0x06, 0x31, 0x06, 0x30, 0x60, 0xc4, 0x70, 0x00, 0x40, 0x01, 0x01, 0x04,
  0x00, 0x00, 0x00, 0x06, 0x06, 0x60, 0x00, 0x30, 0x50, 0x0e, 0x30, 0x00, 0xe0, 0x00, 0x00, 0x00,
  0x00, 0x00, 0x00, 0x0c, 0x0c, 0x30, 0x00, 0x38, 0x00, 0x04, 0x60, 0x00, 0xc0, 0x02, 0x03, 0x00,
  0x00, 0x00, 0x00, 0x06, 0x1c, 0x60, 0x00, 0x30, 0x00, 0x0c, 0xe0, 0x00, 0x80, 0x00, 0x00, 0x80,
  0x00, 0x00, 0x00, 0x06, 0x38, 0x20, 0x00, 0x10, 0x00, 0x0f, 0xc0, 0x00, 0xc0, 0x00, 0x00, 0x00,
  0x00, 0x00, 0x00, 0x06, 0x70, 0x00, 0x00, 0x00, 0x00, 0x07, 0x40, 0x00, 0x00, 0x00, 0x01, 0x00,
  0x00, 0x00, 0x00, 0x0e, 0xe0, 0x00, 0x00, 0x00, 0x00, 0x05, 0x00, 0x00, 0x00, 0x00, 0x01, 0x00,
  0x00, 0x00, 0x00, 0x07, 0x80, 0x00, 0x00, 0x00, 0x00, 0x00, 0x00, 0x00, 0x00, 0x00, 0x00, 0x00,
  0x00, 0x00, 0x00, 0x07, 0x00, 0x00, 0x00, 0x00, 0x00, 0x00, 0x00, 0x00, 0x00, 0x00, 0x01, 0x00,
  0x00, 0x00, 0x00, 0x00, 0x00, 0x00, 0x60, 0x10, 0x00, 0x00, 0x00, 0x00, 0x00, 0x00, 0x00, 0x00,
  0x00, 0x00, 0x00, 0x00, 0x00, 0x00, 0x40, 0x28, 0x00, 0x00, 0x00, 0x00, 0x00, 0x00, 0x00, 0x00,
  0x00, 0x00, 0x00, 0x00, 0x00, 0x00, 0x00, 0x00, 0x00, 0x00, 0x00, 0x00, 0x00, 0x00, 0x00, 0x00,
  0x00, 0x00, 0x00, 0x00, 0x00, 0x06, 0x00, 0x06, 0x00, 0x00, 0x00, 0x00, 0x00, 0x00, 0x00, 0x00,
  0x00, 0x00, 0x00, 0x00, 0x00, 0x03, 0x80, 0x0e, 0x00, 0x00, 0x00, 0x00, 0x00, 0x00, 0x00, 0x00,
  0x00, 0x00, 0x00, 0x00, 0x00, 0x01, 0xc0, 0x58, 0x00, 0x00, 0x00, 0x00, 0x00, 0x00, 0x00, 0x00,
  0x00, 0x00, 0x00, 0x00, 0x00, 0x00, 0xff, 0xf4, 0x00, 0x00, 0x00, 0x00, 0x00, 0x00, 0x00, 0x00,
  0x00, 0x00, 0x00, 0x00, 0x00, 0x00, 0x1f, 0xa0, 0x00, 0x00, 0x00, 0x00, 0x00, 0x00, 0x00, 0x00,
  0x00, 0x00, 0x00, 0x00, 0x00, 0x00, 0x00, 0x00, 0x00, 0x00, 0x00, 0x00, 0x00, 0x00, 0x00, 0x00
};

const uint8_t PROGMEM frame17[1024] = {
  0x00, 0x00, 0x00, 0x00, 0x00, 0x00, 0x00, 0x00, 0x00, 0x00, 0x00, 0x00, 0x00, 0x00, 0x00, 0x00,
  0x00, 0x00, 0x00, 0x00, 0x00, 0x00, 0x00, 0x00, 0x00, 0x18, 0x00, 0x00, 0x00, 0x00, 0x00, 0x00,
  0x00, 0x00, 0x00, 0x00, 0x00, 0x00, 0x00, 0x00, 0x00, 0x18, 0x00, 0x00, 0x00, 0x00, 0x00, 0x00,
  0x00, 0x00, 0x00, 0x00, 0x00, 0x00, 0x00, 0x00, 0x10, 0x38, 0x00, 0x00, 0x00, 0x00, 0x00, 0x00,
  0x00, 0x00, 0x00, 0x00, 0x00, 0x00, 0x00, 0x00, 0x18, 0x30, 0x00, 0x00, 0x00, 0x00, 0x00, 0x00,
  0x00, 0x00, 0x00, 0x00, 0x00, 0x00, 0x00, 0x00, 0x0c, 0x00, 0x00, 0x00, 0x00, 0x00, 0x00, 0x00,
  0x10, 0x00, 0x00, 0x00, 0x00, 0x00, 0x00, 0x00, 0x00, 0x00, 0x00, 0x00, 0x00, 0x00, 0x00, 0x00,
  0x00, 0x00, 0x00, 0x00, 0x00, 0x00, 0x00, 0x00, 0x01, 0xe0, 0x10, 0x00, 0x00, 0x00, 0x00, 0x00,
  0x10, 0x80, 0x00, 0x00, 0x00, 0x00, 0x00, 0x00, 0x03, 0xf9, 0xf0, 0x00, 0x00, 0x00, 0x00, 0x00,
  0x00, 0x20, 0x00, 0x00, 0x00, 0x00, 0x00, 0x00, 0x07, 0xf1, 0xf0, 0x00, 0x00, 0x00, 0x00, 0x00,
  0x01, 0x00, 0x24, 0x00, 0x00, 0x00, 0x00, 0x00, 0x07, 0xf8, 0x00, 0x00, 0x00, 0x00, 0x00, 0x00,
  0x00, 0x00, 0x88, 0x00, 0x00, 0x00, 0x00, 0x01, 0xe7, 0xf8, 0x00, 0x00, 0x00, 0x00, 0x00, 0x00,
  0x02, 0x00, 0x20, 0x00, 0x00, 0x00, 0x00, 0x01, 0xa3, 0xf0, 0x00, 0x00, 0x00, 0x00, 0x00, 0x00,
  0x00, 0x00, 0x80, 0x00, 0x00, 0x00, 0x00, 0x00, 0x01, 0xa2, 0x00, 0x00, 0x00, 0x00, 0x00, 0x00,
  0x00, 0x00, 0x02, 0x80, 0x00, 0x00, 0x00, 0x00, 0x00, 0x03, 0x00, 0x00, 0x00, 0x00, 0x00, 0x00,
  0x00, 0x02, 0x00, 0x00, 0x00, 0x00, 0x00, 0x00, 0x02, 0x03, 0xc0, 0x00, 0x00, 0x00, 0x00, 0x00,
  0x02, 0x00, 0x40, 0x00, 0x00, 0x00, 0x00, 0x00, 0x07, 0x00, 0xc0, 0x00, 0x00, 0x00, 0x40, 0x00,
  0x00, 0x11, 0x20, 0x00, 0x00, 0x00, 0x00, 0x00, 0x06, 0x00, 0x01, 0x00, 0x00, 0x00, 0x00, 0x00,
  0x00, 0x02, 0x04, 0x00, 0x00, 0x02, 0x00, 0x00, 0x0e, 0x01, 0x03, 0x00, 0x00, 0x00, 0x22, 0x80,
  0x00, 0x00, 0x01, 0x00, 0x0c, 0x06, 0x00, 0x00, 0x00, 0x01, 0x83, 0x00, 0x00, 0x10, 0x00, 0x00,
  0x03, 0x01, 0x14, 0xa0, 0x08, 0x02, 0x00, 0x00, 0x00, 0x01, 0xc6, 0x00, 0x00, 0x08, 0x00, 0x00,
  0x02, 0x00, 0x00, 0x10, 0x0c, 0x06, 0x02, 0x01, 0xf0, 0x00, 0x63, 0x00, 0x00, 0x00, 0x02, 0x00,
  0x01, 0x20, 0x00, 0x00, 0x08, 0x04, 0x07, 0x03, 0xb8, 0x00, 0x76, 0x00, 0x00, 0x00, 0x00, 0x02,
  0x02, 0x02, 0x02, 0x80, 0x0c, 0x06, 0x0e, 0x06, 0x18, 0x00, 0x3e, 0x00, 0x00, 0x09, 0x08, 0x00,
  0x00, 0x00, 0x10, 0x10, 0x08, 0x06, 0x0f, 0x02, 0x0c, 0x00, 0x1c, 0x00, 0x00, 0x00, 0x00, 0x02,
  0x01, 0x00, 0x00, 0x00, 0x0c, 0x7e, 0x0b, 0x83, 0x18, 0xfc, 0x0c, 0x00, 0x02, 0x80, 0x00, 0x08,
  0x00, 0x00, 0x08, 0x00, 0x0f, 0xfe, 0x1d, 0x06, 0x18, 0xfe, 0x0c, 0x00, 0x00, 0x00, 0x01, 0x00,
  0x01, 0x00, 0x00, 0x00, 0x0f, 0x04, 0x7f, 0x83, 0xf0, 0xc6, 0x18, 0x00, 0x01, 0x00, 0x04, 0x04,
  0x00, 0x00, 0x04, 0x00, 0x0c, 0x06, 0x35, 0xc3, 0xd0, 0xc2, 0x18, 0x18, 0x53, 0x00, 0x00, 0x10,
  0x01, 0x00, 0x40, 0x00, 0x08, 0x06, 0x11, 0x83, 0x00, 0xce, 0x18, 0x1c, 0x06, 0x00, 0x00, 0x00,
  0x00, 0x88, 0x01, 0x00, 0x1c, 0x06, 0x00, 0xc1, 0x00, 0x7c, 0x30, 0x0c, 0x02, 0x00, 0x0c, 0x04,
  0x20, 0x20, 0x10, 0x00, 0x08, 0x04, 0x00, 0xc3, 0x80, 0xf0, 0x30, 0x07, 0x07, 0x00, 0x04, 0x00,
  0x04, 0x80, 0x00, 0x20, 0x1c, 0x06, 0x00, 0x01, 0x00, 0x40, 0x70, 0x03, 0x0e, 0x08, 0x08, 0x00,
  0x00, 0x84, 0x40, 0x00, 0x08, 0x06, 0x00, 0x03, 0x00, 0xe0, 0x20, 0x01, 0x8c, 0x00, 0x04, 0x08,
  0x00, 0x22, 0x00, 0x00, 0x18, 0x06, 0x00, 0x00, 0x80, 0xc0, 0x20, 0x01, 0x8a, 0x00, 0x00, 0x00,
  0x51, 0x00, 0x00, 0x00, 0x18, 0x00, 0x00, 0x00, 0x00, 0x00, 0x00, 0x60, 0xcc, 0x01, 0x04, 0x00,
  0x00, 0x82, 0x10, 0x00, 0x08, 0x00, 0x00, 0x00, 0x00, 0x00, 0x00, 0xe0, 0xf8, 0x08, 0x00, 0x00,
  0x00, 0x00, 0x00, 0x00, 0x80, 0x40, 0x70, 0xfe, 0x30, 0x40, 0x01, 0xe0, 0x6c, 0x00, 0x02, 0x00,
  0x20, 0xa0, 0x00, 0x07, 0xc0, 0x20, 0xf9, 0xf4, 0x70, 0xe0, 0x01, 0xb0, 0x38, 0x20, 0x00, 0x00,
  0x00, 0x80, 0x00, 0x0e, 0xe0, 0x01, 0x8c, 0x10, 0x30, 0x40, 0x01, 0xb0, 0x18, 0x00, 0x04, 0x10,
  0x00, 0x00, 0x00, 0x04, 0x70, 0x00, 0xdc, 0x30, 0x31, 0x60, 0x0f, 0xf0, 0x30, 0x80, 0x42, 0x80,
  0x00, 0x40, 0x00, 0x0c, 0xe0, 0x21, 0xd8, 0x30, 0x7f, 0xe1, 0x07, 0xf8, 0x10, 0x04, 0x80, 0x00,
  0x00, 0x80, 0x00, 0x0e, 0xd0, 0x60, 0xf0, 0x30, 0x35, 0x47, 0x82, 0x18, 0x30, 0x00, 0x02, 0x88,
  0x00, 0x00, 0x00, 0x07, 0xfc, 0x61, 0xf0, 0x30, 0x60, 0x66, 0xe6, 0x18, 0x70, 0x09, 0x11, 0x00,
  0x00, 0x00, 0x00, 0x0f, 0x16, 0x31, 0xb8, 0x10, 0x60, 0xc4, 0xe0, 0x0c, 0x20, 0x02, 0x00, 0x14,
  0x00, 0x00, 0x00, 0x06, 0x0c, 0x61, 0x8e, 0x38, 0x60, 0x6e, 0x30, 0x08, 0x60, 0x10, 0x42, 0x00,
  0x00, 0x00, 0x00, 0x0e, 0x06, 0x31, 0x06, 0x30, 0x60, 0xc4, 0x70, 0x00, 0x40, 0x01, 0x01, 0x04,
  0x00, 0x00, 0x00, 0x06, 0x06, 0x60, 0x00, 0x30, 0x50, 0x0e, 0x30, 0x00, 0xe0, 0x00, 0x00, 0x00,
  0x00, 0x00, 0x00, 0x0c, 0x0c, 0x30, 0x00, 0x38, 0x00, 0x04, 0x60, 0x00, 0xc0, 0x02, 0x03, 0x00,
  0x00, 0x00, 0x00, 0x06, 0x1c, 0x60, 0x00, 0x30, 0x00, 0x0c, 0xe0, 0x00, 0x80, 0x00, 0x00, 0x80,
  0x00, 0x00, 0x00, 0x06, 0x38, 0x20, 0x00, 0x10, 0x00, 0x0f, 0xc0, 0x00, 0xc0, 0x00, 0x00, 0x00,
  0x00, 0x00, 0x00, 0x06, 0x70, 0x00, 0x00, 0x00, 0x00, 0x07, 0x40, 0x00, 0x00, 0x00, 0x01, 0x00,
  0x00, 0x00, 0x00, 0x0e, 0xe0, 0x00, 0x00, 0x00, 0x00, 0x05, 0x00, 0x00, 0x00, 0x00, 0x01, 0x00,
  0x00, 0x00, 0x00, 0x07, 0x80, 0x00, 0x00, 0x00, 0x00, 0x00, 0x00, 0x00, 0x00, 0x00, 0x00, 0x00,
  0x00, 0x00, 0x00, 0x07, 0x00, 0x00, 0x00, 0x00, 0x00, 0x00, 0x00, 0x00, 0x00, 0x00, 0x01, 0x00,
  0x00, 0x00, 0x00, 0x00, 0x00, 0x00, 0x60, 0x10, 0x00, 0x00, 0x00, 0x00, 0x00, 0x00, 0x00, 0x00,
  0x00, 0x00, 0x00, 0x00, 0x00, 0x00, 0x40, 0x28, 0x00, 0x00, 0x00, 0x00, 0x00, 0x00, 0x00, 0x00,
  0x00, 0x00, 0x00, 0x00, 0x00, 0x00, 0x00, 0x00, 0x00, 0x00, 0x00, 0x00, 0x00, 0x00, 0x00, 0x00,
  0x00, 0x00, 0x00, 0x00, 0x00, 0x06, 0x00, 0x06, 0x00, 0x00, 0x00, 0x00, 0x00, 0x00, 0x00, 0x00,
  0x00, 0x00, 0x00, 0x00, 0x00, 0x03, 0x80, 0x0e, 0x00, 0x00, 0x00, 0x00, 0x00, 0x00, 0x00, 0x00,
  0x00, 0x00, 0x00, 0x00, 0x00, 0x01, 0xc0, 0x58, 0x00, 0x00, 0x00, 0x00, 0x00, 0x00, 0x00, 0x00,
  0x00, 0x00, 0x00, 0x00, 0x00, 0x00, 0xff, 0xf4, 0x00, 0x00, 0x00, 0x00, 0x00, 0x00, 0x00, 0x00,
  0x00, 0x00, 0x00, 0x00, 0x00, 0x00, 0x1f, 0xa0, 0x00, 0x00, 0x00, 0x00, 0x00, 0x00, 0x00, 0x00,
  0x00, 0x00, 0x00, 0x00, 0x00, 0x00, 0x00, 0x00, 0x00, 0x00, 0x00, 0x00, 0x00, 0x00, 0x00, 0x00
};

const uint8_t PROGMEM frame18[1024] = {
  0x00, 0x00, 0x00, 0x00, 0x00, 0x00, 0x00, 0x00, 0x00, 0x00, 0x00, 0x00, 0x00, 0x00, 0x00, 0x00,
  0x00, 0x00, 0x00, 0x00, 0x00, 0x00, 0x00, 0x00, 0x00, 0x18, 0x00, 0x00, 0x00, 0x00, 0x00, 0x00,
  0x00, 0x00, 0x00, 0x00, 0x00, 0x00, 0x00, 0x00, 0x00, 0x18, 0x00, 0x00, 0x00, 0x00, 0x00, 0x00,
  0x00, 0x00, 0x00, 0x00, 0x00, 0x00, 0x00, 0x00, 0x10, 0x38, 0x00, 0x00, 0x00, 0x00, 0x00, 0x00,
  0x00, 0x00, 0x00, 0x00, 0x00, 0x00, 0x00, 0x00, 0x18, 0x30, 0x00, 0x00, 0x00, 0x00, 0x00, 0x00,
  0x10, 0x00, 0x00, 0x00, 0x00, 0x00, 0x00, 0x00, 0x0c, 0x00, 0x00, 0x00, 0x00, 0x00, 0x00, 0x00,
  0x00, 0x00, 0x00, 0x00, 0x00, 0x00, 0x00, 0x00, 0x00, 0x00, 0x00, 0x00, 0x00, 0x00, 0x00, 0x00,
  0x10, 0x00, 0x00, 0x00, 0x00, 0x00, 0x00, 0x00, 0x01, 0xe0, 0x10, 0x00, 0x00, 0x00, 0x00, 0x00,
  0x00, 0x00, 0x00, 0x00, 0x00, 0x00, 0x00, 0x00, 0x03, 0xf9, 0xf0, 0x00, 0x00, 0x00, 0x00, 0x00,
  0x00, 0x20, 0x00, 0x00, 0x00, 0x00, 0x00, 0x00, 0x07, 0xf1, 0xf0, 0x00, 0x00, 0x00, 0x00, 0x00,
  0x01, 0x00, 0x48, 0x00, 0x00, 0x00, 0x00, 0x00, 0x07, 0xf8, 0x00, 0x00, 0x00, 0x00, 0x00, 0x00,
  0x00, 0x00, 0x04, 0x00, 0x00, 0x00, 0x00, 0x01, 0xe7, 0xf8, 0x00, 0x00, 0x00, 0x00, 0x00, 0x00,
  0x00, 0x40, 0x50, 0x00, 0x00, 0x00, 0x00, 0x01, 0xa3, 0xf0, 0x00, 0x00, 0x00, 0x00, 0x00, 0x00,
  0x00, 0x00, 0x00, 0x40, 0x00, 0x00, 0x00, 0x00, 0x01, 0xa2, 0x00, 0x00, 0x00, 0x00, 0x00, 0x00,
  0x00, 0x00, 0x81, 0x00, 0x00, 0x00, 0x00, 0x00, 0x00, 0x03, 0x00, 0x00, 0x00, 0x00, 0x00, 0x00,
  0x00, 0x00, 0x00, 0x00, 0x00, 0x00, 0x00, 0x00, 0x02, 0x03, 0xc0, 0x00, 0x00, 0x00, 0x40, 0x00,
  0x02, 0x00, 0x40, 0x00, 0x00, 0x00, 0x00, 0x00, 0x07, 0x00, 0xc0, 0x00, 0x00, 0x00, 0x00, 0x00,
  0x00, 0x01, 0x10, 0x00, 0x00, 0x00, 0x00, 0x00, 0x06, 0x00, 0x01, 0x00, 0x00, 0x00, 0x20, 0x00,
  0x00, 0x02, 0x02, 0x00, 0x00, 0x02, 0x00, 0x00, 0x0e, 0x01, 0x03, 0x00, 0x00, 0x00, 0x00, 0x40,
  0x00, 0x00, 0x00, 0x80, 0x0c, 0x06, 0x00, 0x00, 0x00, 0x01, 0x83, 0x00, 0x00, 0x10, 0x00, 0x00,
  0x02, 0x00, 0x08, 0x50, 0x08, 0x02, 0x00, 0x00, 0x00, 0x01, 0xc6, 0x00, 0x00, 0x00, 0x02, 0x00,
  0x02, 0x01, 0x01, 0x20, 0x0c, 0x06, 0x02, 0x01, 0xf0, 0x00, 0x63, 0x00, 0x00, 0x08, 0x00, 0x80,
  0x01, 0x24, 0x00, 0x00, 0x08, 0x04, 0x07, 0x03, 0xb8, 0x00, 0x76, 0x00, 0x00, 0x00, 0x00, 0x00,
  0x00, 0x00, 0x02, 0x00, 0x0c, 0x06, 0x0e, 0x06, 0x18, 0x00, 0x3e, 0x00, 0x00, 0x02, 0x00, 0x01,
  0x01, 0x00, 0x10, 0x40, 0x08, 0x06, 0x0f, 0x02, 0x0c, 0x00, 0x1c, 0x00, 0x00, 0x00, 0x10, 0x00,
  0x00, 0x00, 0x00, 0x08, 0x0c, 0x7e, 0x0b, 0x83, 0x18, 0xfc, 0x0c, 0x00, 0x02, 0x00, 0x00, 0x00,
  0x01, 0x00, 0x04, 0x00, 0x0f, 0xfe, 0x1d, 0x06, 0x18, 0xfe, 0x0c, 0x00, 0x00, 0x00, 0x00, 0x01,
  0x00, 0x80, 0x08, 0x80, 0x0f, 0x04, 0x7f, 0x83, 0xf0, 0xc6, 0x18, 0x00, 0x02, 0x00, 0x00, 0x04,
  0x00, 0x00, 0x00, 0x00, 0x0c, 0x06, 0x35, 0xc3, 0xd0, 0xc2, 0x18, 0x18, 0xa3, 0x00, 0x00, 0x00,
  0x01, 0x00, 0x42, 0x00, 0x08, 0x06, 0x11, 0x83, 0x00, 0xce, 0x18, 0x1c, 0x06, 0x00, 0x00, 0x00,
  0x00, 0x80, 0x00, 0x00, 0x1c, 0x06, 0x00, 0xc1, 0x00, 0x7c, 0x30, 0x0e, 0x02, 0x00, 0x0c, 0x0a,
  0x01, 0x04, 0x10, 0x00, 0x08, 0x04, 0x00, 0xc3, 0x80, 0xf0, 0x30, 0x06, 0x0f, 0x08, 0x04, 0x00,
  0x10, 0x40, 0x00, 0x00, 0x1c, 0x06, 0x00, 0x01, 0x00, 0x40, 0x70, 0x03, 0x04, 0x10, 0x04, 0x80,
  0x20, 0x84, 0x02, 0x00, 0x08, 0x06, 0x00, 0x03, 0x00, 0xe0, 0x20, 0x01, 0xae, 0x00, 0x00, 0x00,
  0x00, 0x20, 0x00, 0x00, 0x18, 0x06, 0x00, 0x00, 0x80, 0xc0, 0x20, 0x01, 0x8c, 0x00, 0x04, 0x00,
  0x01, 0x41, 0x00, 0x00, 0x18, 0x00, 0x00, 0x00, 0x00, 0x00, 0x00, 0x60, 0xc8, 0x01, 0x02, 0x00,
  0x00, 0x80, 0x10, 0x00, 0x10, 0x00, 0x00, 0x00, 0x00, 0x00, 0x00, 0xe0, 0xec, 0x00, 0x00, 0x00,
  0x40, 0x02, 0x00, 0x00, 0x80, 0x40, 0x70, 0xfe, 0x30, 0x40, 0x01, 0xe0, 0x78, 0x10, 0x04, 0x00,
  0x00, 0x80, 0x00, 0x07, 0xc0, 0x60, 0xf9, 0xf4, 0x70, 0xe0, 0x01, 0xb0, 0x3a, 0x00, 0x00, 0x00,
  0x00, 0x40, 0x00, 0x0f, 0x60, 0x01, 0x8c, 0x10, 0x30, 0x40, 0x01, 0xb0, 0x18, 0x40, 0x05, 0x00,
  0x00, 0x40, 0x00, 0x08, 0x70, 0x00, 0xdc, 0x30, 0x31, 0x60, 0x0f, 0xf0, 0x30, 0x00, 0x00, 0x00,
  0x00, 0x00, 0x00, 0x0c, 0xe0, 0x01, 0xd8, 0x30, 0x7f, 0xe1, 0x07, 0xf8, 0x10, 0x04, 0x82, 0x08,
  0x00, 0x80, 0x00, 0x06, 0xe0, 0x60, 0xf0, 0x30, 0x35, 0x47, 0x82, 0x18, 0x30, 0x00, 0x01, 0x40,
  0x00, 0x00, 0x00, 0x0f, 0xfc, 0x71, 0xf0, 0x30, 0x60, 0x66, 0xe6, 0x18, 0x70, 0x20, 0x91, 0x08,
  0x00, 0x40, 0x00, 0x07, 0x1e, 0x21, 0xb8, 0x10, 0x60, 0xc4, 0xe0, 0x0c, 0x20, 0x04, 0x01, 0x00,
  0x00, 0x00, 0x00, 0x0e, 0x04, 0x71, 0x8e, 0x38, 0x60, 0x6e, 0x30, 0x08, 0x60, 0x01, 0x02, 0x04,
  0x00, 0x00, 0x00, 0x0e, 0x06, 0x21, 0x06, 0x30, 0x60, 0xc4, 0x70, 0x00, 0x40, 0x10, 0x00, 0x80,
  0x00, 0x00, 0x00, 0x04, 0x0e, 0x70, 0x00, 0x30, 0x50, 0x0e, 0x30, 0x00, 0xe0, 0x02, 0x42, 0x04,
  0x00, 0x00, 0x00, 0x0e, 0x0c, 0x20, 0x00, 0x38, 0x00, 0x04, 0x60, 0x00, 0x80, 0x00, 0x01, 0x00,
  0x00, 0x40, 0x00, 0x06, 0x1c, 0x60, 0x00, 0x30, 0x00, 0x0c, 0xe0, 0x00, 0xc0, 0x02, 0x00, 0x80,
  0x00, 0x00, 0x00, 0x06, 0x38, 0x20, 0x00, 0x10, 0x00, 0x0f, 0xc0, 0x00, 0x80, 0x00, 0x00, 0x00,
  0x00, 0x00, 0x00, 0x06, 0x70, 0x00, 0x00, 0x00, 0x00, 0x07, 0x40, 0x00, 0x00, 0x00, 0x01, 0x00,
  0x00, 0x00, 0x00, 0x0d, 0xc0, 0x00, 0x00, 0x00, 0x00, 0x05, 0x00, 0x00, 0x00, 0x00, 0x00, 0x00,
  0x00, 0x00, 0x00, 0x07, 0xa0, 0x00, 0x00, 0x00, 0x00, 0x00, 0x00, 0x00, 0x00, 0x00, 0x01, 0x00,
  0x00, 0x00, 0x00, 0x07, 0x00, 0x00, 0x00, 0x00, 0x00, 0x00, 0x00, 0x00, 0x00, 0x00, 0x00, 0x00,
  0x00, 0x00, 0x00, 0x00, 0x00, 0x00, 0x60, 0x10, 0x00, 0x00, 0x00, 0x00, 0x00, 0x00, 0x00, 0x00,
  0x00, 0x00, 0x00, 0x00, 0x00, 0x00, 0x40, 0x28, 0x00, 0x00, 0x00, 0x00, 0x00, 0x00, 0x00, 0x00,
  0x00, 0x00, 0x00, 0x00, 0x00, 0x00, 0x00, 0x00, 0x00, 0x00, 0x00, 0x00, 0x00, 0x00, 0x00, 0x80,
  0x00, 0x00, 0x00, 0x00, 0x00, 0x06, 0x00, 0x06, 0x00, 0x00, 0x00, 0x00, 0x00, 0x00, 0x00, 0x00,
  0x00, 0x00, 0x00, 0x00, 0x00, 0x03, 0x80, 0x0e, 0x00, 0x00, 0x00, 0x00, 0x00, 0x00, 0x00, 0x00,
  0x00, 0x00, 0x00, 0x00, 0x00, 0x01, 0xc0, 0x58, 0x00, 0x00, 0x00, 0x00, 0x00, 0x00, 0x00, 0x00,
  0x00, 0x00, 0x00, 0x00, 0x00, 0x00, 0xff, 0xf4, 0x00, 0x00, 0x00, 0x00, 0x00, 0x00, 0x00, 0x00,
  0x00, 0x00, 0x00, 0x00, 0x00, 0x00, 0x1f, 0xa0, 0x00, 0x00, 0x00, 0x00, 0x00, 0x00, 0x00, 0x00,
  0x00, 0x00, 0x00, 0x00, 0x00, 0x00, 0x00, 0x00, 0x00, 0x00, 0x00, 0x00, 0x00, 0x00, 0x00, 0x00
};

const uint8_t PROGMEM frame19[1024] = {
  0x00, 0x00, 0x00, 0x00, 0x00, 0x00, 0x00, 0x00, 0x00, 0x00, 0x00, 0x00, 0x00, 0x00, 0x00, 0x00,
  0x00, 0x00, 0x00, 0x00, 0x00, 0x00, 0x00, 0x00, 0x00, 0x18, 0x00, 0x00, 0x00, 0x00, 0x00, 0x00,
  0x00, 0x00, 0x00, 0x00, 0x00, 0x00, 0x00, 0x00, 0x00, 0x18, 0x00, 0x00, 0x00, 0x00, 0x00, 0x00,
  0x00, 0x00, 0x00, 0x00, 0x00, 0x00, 0x00, 0x00, 0x10, 0x38, 0x00, 0x00, 0x00, 0x00, 0x00, 0x00,
  0x00, 0x00, 0x00, 0x00, 0x00, 0x00, 0x00, 0x00, 0x18, 0x30, 0x00, 0x00, 0x00, 0x00, 0x00, 0x00,
  0x10, 0x00, 0x00, 0x00, 0x00, 0x00, 0x00, 0x00, 0x0c, 0x00, 0x00, 0x00, 0x00, 0x00, 0x00, 0x00,
  0x00, 0x00, 0x00, 0x00, 0x00, 0x00, 0x00, 0x00, 0x00, 0x00, 0x00, 0x00, 0x00, 0x00, 0x00, 0x00,
  0x10, 0x00, 0x00, 0x00, 0x00, 0x00, 0x00, 0x00, 0x01, 0xe0, 0x10, 0x00, 0x00, 0x00, 0x00, 0x00,
  0x00, 0x00, 0x00, 0x00, 0x00, 0x00, 0x00, 0x00, 0x03, 0xf9, 0xf0, 0x00, 0x00, 0x00, 0x00, 0x00,
  0x00, 0x20, 0x00, 0x00, 0x00, 0x00, 0x00, 0x00, 0x07, 0xf1, 0xf0, 0x00, 0x00, 0x00, 0x00, 0x00,
  0x01, 0x00, 0x48, 0x00, 0x00, 0x00, 0x00, 0x00, 0x07, 0xf8, 0x00, 0x00, 0x00, 0x00, 0x00, 0x00,
  0x00, 0x00, 0x04, 0x00, 0x00, 0x00, 0x00, 0x01, 0xe7, 0xf8, 0x00, 0x00, 0x00, 0x00, 0x00, 0x00,
  0x00, 0x40, 0x50, 0x00, 0x00, 0x00, 0x00, 0x01, 0xa3, 0xf0, 0x00, 0x00, 0x00, 0x00, 0x00, 0x00,
  0x00, 0x00, 0x00, 0x40, 0x00, 0x00, 0x00, 0x00, 0x01, 0xa2, 0x00, 0x00, 0x00, 0x00, 0x00, 0x00,
  0x00, 0x00, 0x81, 0x00, 0x00, 0x00, 0x00, 0x00, 0x00, 0x03, 0x00, 0x00, 0x00, 0x00, 0x00, 0x00,
  0x00, 0x00, 0x00, 0x00, 0x00, 0x00, 0x00, 0x00, 0x02, 0x03, 0xc0, 0x00, 0x00, 0x00, 0x40, 0x00,
  0x02, 0x00, 0x40, 0x00, 0x00, 0x00, 0x00, 0x00, 0x07, 0x00, 0xc0, 0x00, 0x00, 0x00, 0x00, 0x00,
  0x00, 0x01, 0x10, 0x00, 0x00, 0x00, 0x00, 0x00, 0x06, 0x00, 0x01, 0x00, 0x00, 0x00, 0x20, 0x00,
  0x00, 0x02, 0x02, 0x00, 0x00, 0x02, 0x00, 0x00, 0x0e, 0x01, 0x03, 0x00, 0x00, 0x00, 0x00, 0x40,
  0x00, 0x00, 0x00, 0x80, 0x0c, 0x06, 0x00, 0x00, 0x00, 0x01, 0x83, 0x00, 0x00, 0x10, 0x00, 0x00,
  0x02, 0x00, 0x08, 0x50, 0x08, 0x02, 0x00, 0x00, 0x00, 0x01, 0xc6, 0x00, 0x00, 0x00, 0x02, 0x00,
  0x02, 0x01, 0x01, 0x20, 0x0c, 0x06, 0x02, 0x01, 0xf0, 0x00, 0x63, 0x00, 0x00, 0x08, 0x00, 0x80,
  0x01, 0x24, 0x00, 0x00, 0x08, 0x04, 0x07, 0x03, 0xb8, 0x00, 0x76, 0x00, 0x00, 0x00, 0x00, 0x00,
  0x00, 0x00, 0x02, 0x00, 0x0c, 0x06, 0x0e, 0x06, 0x18, 0x00, 0x3e, 0x00, 0x00, 0x02, 0x00, 0x01,
  0x01, 0x00, 0x10, 0x40, 0x08, 0x06, 0x0f, 0x02, 0x0c, 0x00, 0x1c, 0x00, 0x00, 0x00, 0x10, 0x00,
  0x00, 0x00, 0x00, 0x08, 0x0c, 0x7e, 0x0b, 0x83, 0x18, 0xfc, 0x0c, 0x00, 0x02, 0x00, 0x00, 0x00,
  0x01, 0x00, 0x04, 0x00, 0x0f, 0xfe, 0x1d, 0x06, 0x18, 0xfe, 0x0c, 0x00, 0x00, 0x00, 0x00, 0x01,
  0x00, 0x80, 0x08, 0x80, 0x0f, 0x04, 0x7f, 0x83, 0xf0, 0xc6, 0x18, 0x00, 0x02, 0x00, 0x00, 0x04,
  0x00, 0x00, 0x00, 0x00, 0x0c, 0x06, 0x35, 0xc3, 0xd0, 0xc2, 0x18, 0x18, 0xa3, 0x00, 0x00, 0x00,
  0x01, 0x00, 0x42, 0x00, 0x08, 0x06, 0x11, 0x83, 0x00, 0xce, 0x18, 0x1c, 0x06, 0x00, 0x00, 0x00,
  0x00, 0x80, 0x00, 0x00, 0x1c, 0x06, 0x00, 0xc1, 0x00, 0x7c, 0x30, 0x0e, 0x02, 0x00, 0x0c, 0x0a,
  0x01, 0x04, 0x10, 0x00, 0x08, 0x04, 0x00, 0xc3, 0x80, 0xf0, 0x30, 0x06, 0x0f, 0x08, 0x04, 0x00,
  0x10, 0x40, 0x00, 0x00, 0x1c, 0x06, 0x00, 0x01, 0x00, 0x40, 0x70, 0x03, 0x04, 0x10, 0x04, 0x80,
  0x20, 0x84, 0x02, 0x00, 0x08, 0x06, 0x00, 0x03, 0x00, 0xe0, 0x20, 0x01, 0xae, 0x00, 0x00, 0x00,
  0x00, 0x20, 0x00, 0x00, 0x18, 0x06, 0x00, 0x00, 0x80, 0xc0, 0x20, 0x01, 0x8c, 0x00, 0x04, 0x00,
  0x01, 0x41, 0x00, 0x00, 0x18, 0x00, 0x00, 0x00, 0x00, 0x00, 0x00, 0x60, 0xc8, 0x01, 0x02, 0x00,
  0x00, 0x80, 0x10, 0x00, 0x10, 0x00, 0x00, 0x00, 0x00, 0x00, 0x00, 0xe0, 0xec, 0x00, 0x00, 0x00,
  0x40, 0x02, 0x00, 0x00, 0x80, 0x40, 0x70, 0xfe, 0x30, 0x40, 0x01, 0xe0, 0x78, 0x10, 0x04, 0x00,
  0x00, 0x80, 0x00, 0x07, 0xc0, 0x60, 0xf9, 0xf4, 0x70, 0xe0, 0x01, 0xb0, 0x3a, 0x00, 0x00, 0x00,
  0x00, 0x40, 0x00, 0x0f, 0x60, 0x01, 0x8c, 0x10, 0x30, 0x40, 0x01, 0xb0, 0x18, 0x40, 0x05, 0x00,
  0x00, 0x40, 0x00, 0x08, 0x70, 0x00, 0xdc, 0x30, 0x31, 0x60, 0x0f, 0xf0, 0x30, 0x00, 0x00, 0x00,
  0x00, 0x00, 0x00, 0x0c, 0xe0, 0x01, 0xd8, 0x30, 0x7f, 0xe1, 0x07, 0xf8, 0x10, 0x04, 0x82, 0x08,
  0x00, 0x80, 0x00, 0x06, 0xe0, 0x60, 0xf0, 0x30, 0x35, 0x47, 0x82, 0x18, 0x30, 0x00, 0x01, 0x40,
  0x00, 0x00, 0x00, 0x0f, 0xfc, 0x71, 0xf0, 0x30, 0x60, 0x66, 0xe6, 0x18, 0x70, 0x20, 0x91, 0x08,
  0x00, 0x40, 0x00, 0x07, 0x1e, 0x21, 0xb8, 0x10, 0x60, 0xc4, 0xe0, 0x0c, 0x20, 0x04, 0x01, 0x00,
  0x00, 0x00, 0x00, 0x0e, 0x04, 0x71, 0x8e, 0x38, 0x60, 0x6e, 0x30, 0x08, 0x60, 0x01, 0x02, 0x04,
  0x00, 0x00, 0x00, 0x0e, 0x06, 0x21, 0x06, 0x30, 0x60, 0xc4, 0x70, 0x00, 0x40, 0x10, 0x00, 0x80,
  0x00, 0x00, 0x00, 0x04, 0x0e, 0x70, 0x00, 0x30, 0x50, 0x0e, 0x30, 0x00, 0xe0, 0x02, 0x42, 0x04,
  0x00, 0x00, 0x00, 0x0e, 0x0c, 0x20, 0x00, 0x38, 0x00, 0x04, 0x60, 0x00, 0x80, 0x00, 0x01, 0x00,
  0x00, 0x40, 0x00, 0x06, 0x1c, 0x60, 0x00, 0x30, 0x00, 0x0c, 0xe0, 0x00, 0xc0, 0x02, 0x00, 0x80,
  0x00, 0x00, 0x00, 0x06, 0x38, 0x20, 0x00, 0x10, 0x00, 0x0f, 0xc0, 0x00, 0x80, 0x00, 0x00, 0x00,
  0x00, 0x00, 0x00, 0x06, 0x70, 0x00, 0x00, 0x00, 0x00, 0x07, 0x40, 0x00, 0x00, 0x00, 0x01, 0x00,
  0x00, 0x00, 0x00, 0x0d, 0xc0, 0x00, 0x00, 0x00, 0x00, 0x05, 0x00, 0x00, 0x00, 0x00, 0x00, 0x00,
  0x00, 0x00, 0x00, 0x07, 0xa0, 0x00, 0x00, 0x00, 0x00, 0x00, 0x00, 0x00, 0x00, 0x00, 0x01, 0x00,
  0x00, 0x00, 0x00, 0x07, 0x00, 0x00, 0x00, 0x00, 0x00, 0x00, 0x00, 0x00, 0x00, 0x00, 0x00, 0x00,
  0x00, 0x00, 0x00, 0x00, 0x00, 0x00, 0x60, 0x10, 0x00, 0x00, 0x00, 0x00, 0x00, 0x00, 0x00, 0x00,
  0x00, 0x00, 0x00, 0x00, 0x00, 0x00, 0x40, 0x28, 0x00, 0x00, 0x00, 0x00, 0x00, 0x00, 0x00, 0x00,
  0x00, 0x00, 0x00, 0x00, 0x00, 0x00, 0x00, 0x00, 0x00, 0x00, 0x00, 0x00, 0x00, 0x00, 0x00, 0x80,
  0x00, 0x00, 0x00, 0x00, 0x00, 0x06, 0x00, 0x06, 0x00, 0x00, 0x00, 0x00, 0x00, 0x00, 0x00, 0x00,
  0x00, 0x00, 0x00, 0x00, 0x00, 0x03, 0x80, 0x0e, 0x00, 0x00, 0x00, 0x00, 0x00, 0x00, 0x00, 0x00,
  0x00, 0x00, 0x00, 0x00, 0x00, 0x01, 0xc0, 0x58, 0x00, 0x00, 0x00, 0x00, 0x00, 0x00, 0x00, 0x00,
  0x00, 0x00, 0x00, 0x00, 0x00, 0x00, 0xff, 0xf4, 0x00, 0x00, 0x00, 0x00, 0x00, 0x00, 0x00, 0x00,
  0x00, 0x00, 0x00, 0x00, 0x00, 0x00, 0x1f, 0xa0, 0x00, 0x00, 0x00, 0x00, 0x00, 0x00, 0x00, 0x00,
  0x00, 0x00, 0x00, 0x00, 0x00, 0x00, 0x00, 0x00, 0x00, 0x00, 0x00, 0x00, 0x00, 0x00, 0x00, 0x00
};

const uint8_t PROGMEM frame20[1024] = {
  0x00, 0x00, 0x00, 0x00, 0x00, 0x00, 0x00, 0x00, 0x00, 0x00, 0x00, 0x00, 0x00, 0x00, 0x00, 0x00,
  0x00, 0x00, 0x00, 0x00, 0x00, 0x00, 0x00, 0x00, 0x00, 0x18, 0x00, 0x00, 0x00, 0x00, 0x00, 0x00,
  0x00, 0x00, 0x00, 0x00, 0x00, 0x00, 0x00, 0x00, 0x00, 0x18, 0x00, 0x00, 0x00, 0x00, 0x00, 0x00,
  0x00, 0x00, 0x00, 0x00, 0x00, 0x00, 0x00, 0x00, 0x10, 0x38, 0x00, 0x00, 0x00, 0x00, 0x00, 0x00,
  0x00, 0x00, 0x00, 0x00, 0x00, 0x00, 0x00, 0x00, 0x18, 0x30, 0x00, 0x00, 0x00, 0x00, 0x00, 0x00,
  0x10, 0x00, 0x00, 0x00, 0x00, 0x00, 0x00, 0x00, 0x0c, 0x00, 0x00, 0x00, 0x00, 0x00, 0x00, 0x00,
  0x00, 0x00, 0x00, 0x00, 0x00, 0x00, 0x00, 0x00, 0x00, 0x00, 0x00, 0x00, 0x00, 0x00, 0x00, 0x00,
  0x10, 0x00, 0x00, 0x00, 0x00, 0x00, 0x00, 0x00, 0x01, 0xe0, 0x10, 0x00, 0x00, 0x00, 0x00, 0x00,
  0x00, 0x00, 0x00, 0x00, 0x00, 0x00, 0x00, 0x00, 0x03, 0xf9, 0xf0, 0x00, 0x00, 0x00, 0x00, 0x00,
  0x00, 0x20, 0x00, 0x00, 0x00, 0x00, 0x00, 0x00, 0x07, 0xf1, 0xf0, 0x00, 0x00, 0x00, 0x00, 0x00,
  0x01, 0x00, 0x48, 0x00, 0x00, 0x00, 0x00, 0x00, 0x07, 0xf8, 0x00, 0x00, 0x00, 0x00, 0x00, 0x00,
  0x00, 0x00, 0x04, 0x00, 0x00, 0x00, 0x00, 0x01, 0xe7, 0xf8, 0x00, 0x00, 0x00, 0x00, 0x00, 0x00,
  0x00, 0x40, 0x50, 0x00, 0x00, 0x00, 0x00, 0x01, 0xa3, 0xf0, 0x00, 0x00, 0x00, 0x00, 0x00, 0x00,
  0x00, 0x00, 0x00, 0x40, 0x00, 0x00, 0x00, 0x00, 0x01, 0xa2, 0x00, 0x00, 0x00, 0x00, 0x00, 0x00,
  0x00, 0x00, 0x81, 0x00, 0x00, 0x00, 0x00, 0x00, 0x00, 0x03, 0x00, 0x00, 0x00, 0x00, 0x00, 0x00,
  0x00, 0x00, 0x00, 0x00, 0x00, 0x00, 0x00, 0x00, 0x02, 0x03, 0xc0, 0x00, 0x00, 0x00, 0x40, 0x00,
  0x02, 0x00, 0x40, 0x00, 0x00, 0x00, 0x00, 0x00, 0x07, 0x00, 0xc0, 0x00, 0x00, 0x00, 0x00, 0x00,
  0x00, 0x01, 0x10, 0x00, 0x00, 0x00, 0x00, 0x00, 0x06, 0x00, 0x03, 0x00, 0x00, 0x00, 0x20, 0x00,
  0x00, 0x02, 0x02, 0x00, 0x04, 0x02, 0x00, 0x00, 0x0e, 0x03, 0x03, 0x00, 0x00, 0x00, 0x00, 0x40,
  0x00, 0x00, 0x00, 0x80, 0x0c, 0x06, 0x00, 0x00, 0x00, 0x01, 0x86, 0x00, 0x00, 0x10, 0x00, 0x00,
  0x02, 0x00, 0x08, 0x50, 0x0c, 0x02, 0x00, 0x00, 0xc0, 0x01, 0xc6, 0x00, 0x00, 0x00, 0x02, 0x00,
  0x02, 0x01, 0x01, 0x20, 0x08, 0x06, 0x00, 0x03, 0xf0, 0x00, 0x66, 0x00, 0x00, 0x08, 0x00, 0x80,
  0x01, 0x24, 0x00, 0x00, 0x0c, 0x03, 0x06, 0x06, 0x38, 0x00, 0x7c, 0x00, 0x00, 0x00, 0x00, 0x00,
  0x00, 0x00, 0x02, 0x00, 0x0c, 0x06, 0x0f, 0x04, 0x18, 0x00, 0x1c, 0x00, 0x00, 0x02, 0x00, 0x01,
  0x01, 0x00, 0x10, 0x40, 0x0c, 0x0e, 0x0e, 0x06, 0x18, 0x38, 0x1c, 0x00, 0x00, 0x00, 0x10, 0x00,
  0x00, 0x00, 0x00, 0x08, 0x0e, 0xfe, 0x1f, 0x02, 0x18, 0x7e, 0x18, 0x00, 0x02, 0x00, 0x00, 0x00,
  0x01, 0x00, 0x04, 0x00, 0x0f, 0xeb, 0x1b, 0x07, 0x70, 0xc6, 0x18, 0x00, 0x00, 0x00, 0x00, 0x01,
  0x00, 0x80, 0x08, 0x80, 0x0e, 0x06, 0x7f, 0x83, 0xe0, 0x63, 0x18, 0x08, 0x03, 0x00, 0x00, 0x04,
  0x00, 0x00, 0x00, 0x00, 0x0c, 0x02, 0x77, 0x87, 0x40, 0xc7, 0x18, 0x1c, 0xa3, 0x00, 0x00, 0x00,
  0x01, 0x00, 0x42, 0x00, 0x0c, 0x07, 0x11, 0x03, 0x00, 0x6e, 0x30, 0x0c, 0x02, 0x00, 0x00, 0x00,
  0x00, 0x80, 0x00, 0x00, 0x0c, 0x06, 0x11, 0xc3, 0x00, 0x7c, 0x30, 0x06, 0x06, 0x00, 0x0c, 0x0a,
  0x01, 0x04, 0x10, 0x00, 0x0c, 0x02, 0x00, 0xc2, 0x00, 0x70, 0x60, 0x07, 0x06, 0x88, 0x04, 0x00,
  0x10, 0x40, 0x00, 0x00, 0x0c, 0x06, 0x00, 0x83, 0x00, 0x60, 0x60, 0x03, 0x8e, 0x00, 0x04, 0x80,
  0x20, 0x84, 0x02, 0x00, 0x08, 0x02, 0x00, 0x01, 0x00, 0xc0, 0x20, 0x01, 0xa4, 0x00, 0x00, 0x00,
  0x00, 0x20, 0x00, 0x00, 0x1c, 0x06, 0x00, 0x00, 0x00, 0x40, 0x00, 0x00, 0xcc, 0x01, 0x04, 0x00,
  0x01, 0x41, 0x00, 0x00, 0x08, 0x00, 0x00, 0x00, 0x00, 0x00, 0x00, 0xe0, 0xcc, 0x00, 0x00, 0x00,
  0x00, 0x80, 0x10, 0x00, 0x00, 0x00, 0x00, 0x0a, 0x60, 0x00, 0x00, 0xe0, 0x7c, 0x04, 0x04, 0x00,
  0x40, 0x02, 0x00, 0x00, 0x00, 0x60, 0x68, 0xfe, 0x60, 0xc0, 0x00, 0xf0, 0x38, 0x10, 0x02, 0x00,
  0x00, 0x80, 0x00, 0x07, 0xc0, 0x00, 0xb8, 0xf8, 0x30, 0xc0, 0x01, 0xb0, 0x18, 0x00, 0x00, 0x00,
  0x00, 0x40, 0x00, 0x0f, 0xc0, 0x00, 0xdc, 0x10, 0x60, 0xc0, 0x03, 0xf0, 0x18, 0x80, 0x04, 0x00,
  0x00, 0x40, 0x00, 0x18, 0x60, 0x00, 0xcc, 0x38, 0x6b, 0xc0, 0x07, 0xf8, 0x30, 0x00, 0x02, 0x10,
  0x00, 0x00, 0x00, 0x0c, 0xc0, 0x30, 0xdc, 0x10, 0x7e, 0xc5, 0x07, 0x38, 0x19, 0x10, 0x81, 0x00,
  0x00, 0x80, 0x00, 0x1d, 0xe0, 0x60, 0xf8, 0x38, 0x68, 0xcf, 0xc2, 0x08, 0x30, 0x04, 0x00, 0x80,
  0x00, 0x00, 0x00, 0x0f, 0xf8, 0x31, 0xf0, 0x10, 0x60, 0xc4, 0xe2, 0x1c, 0x60, 0x00, 0x42, 0x10,
  0x00, 0x40, 0x00, 0x0f, 0x1c, 0x20, 0xbc, 0x38, 0x60, 0xce, 0x60, 0x0c, 0x30, 0x01, 0x01, 0x00,
  0x00, 0x00, 0x00, 0x0c, 0x0c, 0x31, 0x8e, 0x10, 0x60, 0xa4, 0x60, 0x04, 0x60, 0x10, 0x12, 0x4a,
  0x00, 0x00, 0x00, 0x0c, 0x0c, 0x30, 0x87, 0x18, 0x60, 0x8c, 0x30, 0x00, 0x40, 0x05, 0x01, 0x00,
  0x00, 0x00, 0x00, 0x0c, 0x0c, 0x30, 0x00, 0x30, 0x40, 0x06, 0x60, 0x00, 0x60, 0x00, 0x00, 0x00,
  0x00, 0x00, 0x00, 0x0c, 0x1c, 0x30, 0x00, 0x18, 0x00, 0x0c, 0x60, 0x00, 0xc0, 0x00, 0x41, 0x00,
  0x00, 0x40, 0x00, 0x0c, 0x18, 0x30, 0x00, 0x18, 0x00, 0x0c, 0xe0, 0x00, 0x80, 0x02, 0x00, 0x80,
  0x00, 0x00, 0x00, 0x0c, 0x38, 0x00, 0x00, 0x00, 0x00, 0x07, 0xc0, 0x00, 0x80, 0x00, 0x01, 0x00,
  0x00, 0x00, 0x00, 0x0c, 0x70, 0x00, 0x00, 0x00, 0x00, 0x0f, 0x00, 0x00, 0x00, 0x00, 0x00, 0x00,
  0x00, 0x00, 0x00, 0x0e, 0xe0, 0x00, 0x00, 0x00, 0x00, 0x00, 0x00, 0x00, 0x00, 0x00, 0x01, 0x00,
  0x00, 0x00, 0x00, 0x0f, 0x80, 0x00, 0x00, 0x00, 0x00, 0x00, 0x00, 0x00, 0x00, 0x00, 0x00, 0x00,
  0x00, 0x00, 0x00, 0x07, 0x00, 0x00, 0x00, 0x00, 0x00, 0x00, 0x00, 0x00, 0x00, 0x00, 0x00, 0x00,
  0x00, 0x00, 0x00, 0x04, 0x00, 0x00, 0x60, 0x10, 0x00, 0x00, 0x00, 0x00, 0x00, 0x00, 0x00, 0x00,
  0x00, 0x00, 0x00, 0x00, 0x00, 0x00, 0x40, 0x10, 0x00, 0x00, 0x00, 0x00, 0x00, 0x00, 0x00, 0x00,
  0x00, 0x00, 0x00, 0x00, 0x00, 0x00, 0x00, 0x00, 0x00, 0x00, 0x00, 0x00, 0x00, 0x00, 0x00, 0x80,
  0x00, 0x00, 0x00, 0x00, 0x00, 0x06, 0x00, 0x06, 0x00, 0x00, 0x00, 0x00, 0x00, 0x00, 0x00, 0x00,
  0x00, 0x00, 0x00, 0x00, 0x00, 0x03, 0x80, 0x0e, 0x00, 0x00, 0x00, 0x00, 0x00, 0x00, 0x00, 0x00,
  0x00, 0x00, 0x00, 0x00, 0x00, 0x01, 0xc0, 0x78, 0x00, 0x00, 0x00, 0x00, 0x00, 0x00, 0x00, 0x00,
  0x00, 0x00, 0x00, 0x00, 0x00, 0x00, 0xff, 0xe8, 0x00, 0x00, 0x00, 0x00, 0x00, 0x00, 0x00, 0x00,
  0x00, 0x00, 0x00, 0x00, 0x00, 0x00, 0x1f, 0x80, 0x00, 0x00, 0x00, 0x00, 0x00, 0x00, 0x00, 0x00,
  0x00, 0x00, 0x00, 0x00, 0x00, 0x00, 0x00, 0x00, 0x00, 0x00, 0x00, 0x00, 0x00, 0x00, 0x00, 0x00
};

const uint8_t PROGMEM frame21[1024] = {
  0x00, 0x00, 0x00, 0x00, 0x00, 0x00, 0x00, 0x00, 0x00, 0x00, 0x00, 0x00, 0x00, 0x00, 0x00, 0x00,
  0x00, 0x00, 0x00, 0x00, 0x00, 0x00, 0x00, 0x00, 0x00, 0x18, 0x00, 0x00, 0x00, 0x00, 0x00, 0x00,
  0x00, 0x00, 0x00, 0x00, 0x00, 0x00, 0x00, 0x00, 0x00, 0x18, 0x00, 0x00, 0x00, 0x00, 0x00, 0x00,
  0x00, 0x00, 0x00, 0x00, 0x00, 0x00, 0x00, 0x00, 0x10, 0x38, 0x00, 0x00, 0x00, 0x00, 0x00, 0x00,
  0x00, 0x00, 0x00, 0x00, 0x00, 0x00, 0x00, 0x00, 0x18, 0x30, 0x00, 0x00, 0x00, 0x00, 0x00, 0x00,
  0x10, 0x00, 0x00, 0x00, 0x00, 0x00, 0x00, 0x00, 0x0c, 0x00, 0x00, 0x00, 0x00, 0x00, 0x00, 0x00,
  0x00, 0x00, 0x00, 0x00, 0x00, 0x00, 0x00, 0x00, 0x00, 0x00, 0x00, 0x00, 0x00, 0x00, 0x00, 0x00,
  0x10, 0x40, 0x00, 0x00, 0x00, 0x00, 0x00, 0x00, 0x01, 0xe0, 0x10, 0x00, 0x00, 0x00, 0x00, 0x00,
  0x00, 0x00, 0x00, 0x00, 0x00, 0x00, 0x00, 0x00, 0x03, 0xf9, 0xf0, 0x00, 0x00, 0x00, 0x00, 0x00,
  0x00, 0x80, 0x10, 0x00, 0x00, 0x00, 0x00, 0x00, 0x07, 0xf1, 0xf0, 0x00, 0x00, 0x00, 0x00, 0x00,
  0x00, 0x00, 0x24, 0x00, 0x00, 0x00, 0x00, 0x00, 0x07, 0xf8, 0x00, 0x00, 0x00, 0x00, 0x00, 0x00,
  0x00, 0x00, 0x02, 0x00, 0x00, 0x00, 0x00, 0x01, 0xe7, 0xf8, 0x00, 0x00, 0x00, 0x00, 0x00, 0x00,
  0x00, 0x40, 0x10, 0x80, 0x00, 0x00, 0x00, 0x01, 0xa3, 0xf0, 0x00, 0x00, 0x00, 0x00, 0x00, 0x00,
  0x00, 0x00, 0x00, 0x00, 0x00, 0x00, 0x00, 0x00, 0x01, 0xa2, 0x00, 0x00, 0x00, 0x00, 0x00, 0x00,
  0x00, 0x00, 0x80, 0x20, 0x00, 0x00, 0x00, 0x00, 0x00, 0x03, 0x00, 0x00, 0x00, 0x00, 0x00, 0x00,
  0x00, 0x00, 0x00, 0x00, 0x00, 0x00, 0x00, 0x00, 0x02, 0x03, 0xc0, 0x00, 0x00, 0x00, 0x40, 0x00,
  0x00, 0x80, 0x20, 0x00, 0x00, 0x00, 0x00, 0x00, 0x07, 0x00, 0xc0, 0x00, 0x00, 0x00, 0x00, 0x00,
  0x00, 0x00, 0x90, 0x00, 0x00, 0x00, 0x00, 0x00, 0x06, 0x00, 0x03, 0x00, 0x00, 0x00, 0x20, 0x80,
  0x00, 0x02, 0x01, 0x00, 0x04, 0x02, 0x00, 0x00, 0x0e, 0x03, 0x03, 0x00, 0x00, 0x00, 0x00, 0x00,
  0x00, 0x00, 0x00, 0x20, 0x0c, 0x06, 0x00, 0x00, 0x00, 0x01, 0x86, 0x00, 0x00, 0x50, 0x02, 0x00,
  0x02, 0x00, 0x04, 0x80, 0x0c, 0x02, 0x00, 0x00, 0xc0, 0x01, 0xc6, 0x00, 0x00, 0x00, 0x00, 0x00,
  0x03, 0x00, 0x00, 0x28, 0x08, 0x06, 0x00, 0x03, 0xf0, 0x00, 0x66, 0x00, 0x00, 0x00, 0x00, 0x00,
  0x00, 0x00, 0x00, 0x00, 0x0c, 0x03, 0x06, 0x06, 0x38, 0x00, 0x7c, 0x00, 0x00, 0x08, 0x00, 0x80,
  0x01, 0x02, 0x01, 0x00, 0x0c, 0x06, 0x0f, 0x04, 0x18, 0x00, 0x1c, 0x00, 0x00, 0x00, 0x00, 0x00,
  0x00, 0x00, 0x10, 0x20, 0x0c, 0x0e, 0x0e, 0x06, 0x18, 0x38, 0x1c, 0x00, 0x00, 0x00, 0x10, 0x00,
  0x01, 0x00, 0x00, 0x04, 0x0e, 0xfe, 0x1f, 0x02, 0x18, 0x7e, 0x18, 0x00, 0x04, 0x00, 0x00, 0x02,
  0x00, 0x00, 0x04, 0x00, 0x0f, 0xeb, 0x1b, 0x07, 0x70, 0xc6, 0x18, 0x00, 0x00, 0x00, 0x00, 0x00,
  0x00, 0x80, 0x00, 0x80, 0x0d, 0x06, 0x7f, 0x83, 0xe0, 0x63, 0x18, 0x08, 0x03, 0x00, 0x00, 0x00,
  0x00, 0x00, 0x02, 0x00, 0x0c, 0x02, 0x77, 0x87, 0x40, 0xc7, 0x18, 0x1c, 0xa2, 0x00, 0x00, 0x02,
  0x01, 0x00, 0x00, 0x00, 0x0c, 0x07, 0x11, 0x03, 0x00, 0x6e, 0x30, 0x0c, 0x03, 0x00, 0x00, 0x00,
  0x00, 0x80, 0x20, 0x00, 0x0c, 0x06, 0x11, 0xc3, 0x00, 0x7c, 0x30, 0x07, 0x06, 0x00, 0x0a, 0x00,
  0x00, 0x24, 0x08, 0x00, 0x0c, 0x02, 0x00, 0xc2, 0x00, 0x70, 0x60, 0x06, 0x05, 0x00, 0x04, 0x00,
  0x00, 0x80, 0x00, 0x20, 0x0c, 0x06, 0x00, 0x83, 0x00, 0x60, 0x60, 0x03, 0x86, 0x08, 0x08, 0x00,
  0x00, 0x40, 0x02, 0x00, 0x08, 0x02, 0x00, 0x01, 0x00, 0xc0, 0x20, 0x01, 0x96, 0x00, 0x00, 0x48,
  0x04, 0x84, 0x00, 0x00, 0x0c, 0x06, 0x00, 0x00, 0x00, 0x40, 0x00, 0x00, 0xcc, 0x00, 0x04, 0x00,
  0x00, 0x90, 0x10, 0x00, 0x18, 0x00, 0x00, 0x00, 0x00, 0x00, 0x00, 0xe0, 0xec, 0x00, 0x02, 0x00,
  0x10, 0x81, 0x00, 0x00, 0x00, 0x00, 0x00, 0x0a, 0x60, 0x00, 0x00, 0xe0, 0x6c, 0x02, 0x00, 0x00,
  0x00, 0x80, 0x00, 0x00, 0x00, 0x60, 0x50, 0xfe, 0x60, 0xc0, 0x00, 0xf0, 0x38, 0x08, 0x02, 0x00,
  0x40, 0x00, 0x80, 0x07, 0x80, 0x00, 0xfc, 0xf8, 0x30, 0xc0, 0x01, 0xb0, 0x18, 0x00, 0x00, 0x00,
  0x00, 0xa0, 0x00, 0x0e, 0xe0, 0x00, 0xdc, 0x10, 0x60, 0xc0, 0x03, 0xf0, 0x18, 0x00, 0x05, 0x00,
  0x00, 0x00, 0x00, 0x18, 0xc0, 0x00, 0xcc, 0x18, 0x6b, 0xc0, 0x07, 0xf8, 0x39, 0x00, 0x00, 0x00,
  0x00, 0x80, 0x00, 0x0c, 0xe0, 0x30, 0xd8, 0x30, 0x7e, 0xc5, 0x07, 0x38, 0x10, 0x10, 0x02, 0x00,
  0x00, 0x40, 0x00, 0x1d, 0xc0, 0x60, 0xf8, 0x18, 0x68, 0xcf, 0xc2, 0x08, 0x30, 0x00, 0x81, 0x08,
  0x00, 0x00, 0x00, 0x0f, 0xf8, 0x31, 0xf0, 0x30, 0x60, 0xc4, 0xe2, 0x1c, 0x70, 0x00, 0x00, 0x80,
  0x00, 0x00, 0x00, 0x0e, 0x9c, 0x20, 0xbc, 0x18, 0x60, 0xce, 0x60, 0x0c, 0x20, 0x48, 0x12, 0x08,
  0x00, 0x40, 0x00, 0x0c, 0x0c, 0x31, 0x8e, 0x30, 0x60, 0xa4, 0x60, 0x04, 0x60, 0x02, 0x02, 0x80,
  0x00, 0x00, 0x00, 0x0c, 0x0c, 0x30, 0x87, 0x18, 0x60, 0x8c, 0x30, 0x00, 0x40, 0x00, 0x41, 0x04,
  0x00, 0x00, 0x00, 0x0c, 0x0c, 0x30, 0x00, 0x30, 0xa0, 0x06, 0x60, 0x00, 0x60, 0x09, 0x00, 0x00,
  0x00, 0x00, 0x00, 0x0c, 0x1c, 0x30, 0x00, 0x18, 0x00, 0x0c, 0x60, 0x00, 0xc0, 0x00, 0x02, 0x00,
  0x00, 0x00, 0x00, 0x0c, 0x18, 0x30, 0x00, 0x18, 0x00, 0x0c, 0xe0, 0x00, 0x80, 0x02, 0x00, 0x80,
  0x00, 0x00, 0x00, 0x0c, 0x38, 0x00, 0x00, 0x00, 0x00, 0x07, 0xc0, 0x00, 0x80, 0x00, 0x00, 0x80,
  0x00, 0x00, 0x00, 0x0c, 0x70, 0x00, 0x00, 0x00, 0x00, 0x0f, 0x00, 0x00, 0x00, 0x00, 0x01, 0x00,
  0x00, 0x00, 0x00, 0x0e, 0xe0, 0x00, 0x00, 0x00, 0x00, 0x00, 0x00, 0x00, 0x00, 0x00, 0x00, 0x00,
  0x00, 0x00, 0x00, 0x0f, 0xc0, 0x00, 0x00, 0x00, 0x00, 0x00, 0x00, 0x00, 0x00, 0x00, 0x01, 0x00,
  0x00, 0x00, 0x00, 0x07, 0x00, 0x00, 0x00, 0x00, 0x00, 0x00, 0x00, 0x00, 0x00, 0x00, 0x00, 0x00,
  0x00, 0x00, 0x00, 0x04, 0x00, 0x00, 0x60, 0x10, 0x00, 0x00, 0x00, 0x00, 0x00, 0x00, 0x00, 0x00,
  0x00, 0x00, 0x00, 0x00, 0x00, 0x00, 0x40, 0x10, 0x00, 0x00, 0x00, 0x00, 0x00, 0x00, 0x00, 0x00,
  0x00, 0x00, 0x00, 0x00, 0x00, 0x00, 0x00, 0x00, 0x00, 0x00, 0x00, 0x00, 0x00, 0x00, 0x01, 0x00,
  0x00, 0x00, 0x00, 0x00, 0x00, 0x06, 0x00, 0x06, 0x00, 0x00, 0x00, 0x00, 0x00, 0x00, 0x00, 0x00,
  0x00, 0x00, 0x00, 0x00, 0x00, 0x03, 0x80, 0x0e, 0x00, 0x00, 0x00, 0x00, 0x00, 0x00, 0x00, 0x00,
  0x00, 0x00, 0x00, 0x00, 0x00, 0x01, 0xc0, 0x78, 0x00, 0x00, 0x00, 0x00, 0x00, 0x00, 0x00, 0x00,
  0x00, 0x00, 0x00, 0x00, 0x00, 0x00, 0xff, 0xd4, 0x00, 0x00, 0x00, 0x00, 0x00, 0x00, 0x00, 0x00,
  0x00, 0x00, 0x00, 0x00, 0x00, 0x00, 0x1f, 0xa0, 0x00, 0x00, 0x00, 0x00, 0x00, 0x00, 0x00, 0x00,
  0x00, 0x00, 0x00, 0x00, 0x00, 0x00, 0x00, 0x00, 0x00, 0x00, 0x00, 0x00, 0x00, 0x00, 0x00, 0x00
};

const uint8_t PROGMEM frame22[1024] = {
  0x00, 0x00, 0x00, 0x00, 0x00, 0x00, 0x00, 0x00, 0x00, 0x00, 0x00, 0x00, 0x00, 0x00, 0x00, 0x00,
  0x00, 0x00, 0x00, 0x00, 0x00, 0x00, 0x00, 0x00, 0x00, 0x18, 0x00, 0x00, 0x00, 0x00, 0x00, 0x00,
  0x00, 0x00, 0x00, 0x00, 0x00, 0x00, 0x00, 0x00, 0x00, 0x18, 0x00, 0x00, 0x00, 0x00, 0x00, 0x00,
  0x00, 0x00, 0x00, 0x00, 0x00, 0x00, 0x00, 0x00, 0x10, 0x38, 0x00, 0x00, 0x00, 0x00, 0x00, 0x00,
  0x00, 0x00, 0x00, 0x00, 0x00, 0x00, 0x00, 0x00, 0x18, 0x30, 0x00, 0x00, 0x00, 0x00, 0x00, 0x00,
  0x10, 0x00, 0x00, 0x00, 0x00, 0x00, 0x00, 0x00, 0x0c, 0x00, 0x00, 0x00, 0x00, 0x00, 0x00, 0x00,
  0x00, 0x00, 0x00, 0x00, 0x00, 0x00, 0x00, 0x00, 0x00, 0x00, 0x00, 0x00, 0x00, 0x00, 0x00, 0x00,
  0x10, 0x40, 0x00, 0x00, 0x00, 0x00, 0x00, 0x00, 0x01, 0xe0, 0x10, 0x00, 0x00, 0x00, 0x00, 0x00,
  0x00, 0x00, 0x00, 0x00, 0x00, 0x00, 0x00, 0x00, 0x03, 0xf9, 0xf0, 0x00, 0x00, 0x00, 0x00, 0x00,
  0x00, 0x80, 0x10, 0x00, 0x00, 0x00, 0x00, 0x00, 0x07, 0xf1, 0xf0, 0x00, 0x00, 0x00, 0x00, 0x00,
  0x00, 0x00, 0x24, 0x00, 0x00, 0x00, 0x00, 0x00, 0x07, 0xf8, 0x00, 0x00, 0x00, 0x00, 0x00, 0x00,
  0x00, 0x00, 0x02, 0x00, 0x00, 0x00, 0x00, 0x01, 0xe7, 0xf8, 0x00, 0x00, 0x00, 0x00, 0x00, 0x00,
  0x00, 0x40, 0x10, 0x80, 0x00, 0x00, 0x00, 0x01, 0xa3, 0xf0, 0x00, 0x00, 0x00, 0x00, 0x00, 0x00,
  0x00, 0x00, 0x00, 0x00, 0x00, 0x00, 0x00, 0x00, 0x01, 0xa2, 0x00, 0x00, 0x00, 0x00, 0x00, 0x00,
  0x00, 0x00, 0x80, 0x20, 0x00, 0x00, 0x00, 0x00, 0x00, 0x03, 0x00, 0x00, 0x00, 0x00, 0x00, 0x00,
  0x00, 0x00, 0x00, 0x00, 0x00, 0x00, 0x00, 0x00, 0x02, 0x03, 0xc0, 0x00, 0x00, 0x00, 0x40, 0x00,
  0x00, 0x80, 0x20, 0x00, 0x00, 0x00, 0x00, 0x00, 0x07, 0x00, 0xc0, 0x00, 0x00, 0x00, 0x00, 0x00,
  0x00, 0x00, 0x90, 0x00, 0x00, 0x00, 0x00, 0x00, 0x06, 0x00, 0x03, 0x00, 0x00, 0x00, 0x20, 0x80,
  0x00, 0x02, 0x01, 0x00, 0x04, 0x02, 0x00, 0x00, 0x0e, 0x03, 0x03, 0x00, 0x00, 0x00, 0x00, 0x00,
  0x00, 0x00, 0x00, 0x20, 0x0c, 0x06, 0x00, 0x00, 0x00, 0x01, 0x86, 0x00, 0x00, 0x50, 0x02, 0x00,
  0x02, 0x00, 0x04, 0x80, 0x0c, 0x02, 0x00, 0x00, 0xc0, 0x01, 0xc6, 0x00, 0x00, 0x00, 0x00, 0x00,
  0x03, 0x00, 0x00, 0x28, 0x08, 0x06, 0x00, 0x03, 0xf0, 0x00, 0x66, 0x00, 0x00, 0x00, 0x00, 0x00,
  0x00, 0x00, 0x00, 0x00, 0x0c, 0x03, 0x06, 0x06, 0x38, 0x00, 0x7c, 0x00, 0x00, 0x08, 0x00, 0x80,
  0x01, 0x02, 0x01, 0x00, 0x0c, 0x06, 0x0f, 0x04, 0x18, 0x00, 0x1c, 0x00, 0x00, 0x00, 0x00, 0x00,
  0x00, 0x00, 0x10, 0x20, 0x0c, 0x0e, 0x0e, 0x06, 0x18, 0x38, 0x1c, 0x00, 0x00, 0x00, 0x10, 0x00,
  0x01, 0x00, 0x00, 0x04, 0x0e, 0xfe, 0x1f, 0x02, 0x18, 0x7e, 0x18, 0x00, 0x04, 0x00, 0x00, 0x02,
  0x00, 0x00, 0x04, 0x00, 0x0f, 0xeb, 0x1b, 0x07, 0x70, 0xc6, 0x18, 0x00, 0x00, 0x00, 0x00, 0x00,
  0x00, 0x80, 0x00, 0x80, 0x0d, 0x06, 0x7f, 0x83, 0xe0, 0x63, 0x18, 0x08, 0x03, 0x00, 0x00, 0x00,
  0x00, 0x00, 0x02, 0x00, 0x0c, 0x02, 0x77, 0x87, 0x40, 0xc7, 0x18, 0x1c, 0xa2, 0x00, 0x00, 0x02,
  0x01, 0x00, 0x00, 0x00, 0x0c, 0x07, 0x11, 0x03, 0x00, 0x6e, 0x30, 0x0c, 0x03, 0x00, 0x00, 0x00,
  0x00, 0x80, 0x20, 0x00, 0x0c, 0x06, 0x11, 0xc3, 0x00, 0x7c, 0x30, 0x07, 0x06, 0x00, 0x0a, 0x00,
  0x00, 0x24, 0x08, 0x00, 0x0c, 0x02, 0x00, 0xc2, 0x00, 0x70, 0x60, 0x06, 0x05, 0x00, 0x04, 0x00,
  0x00, 0x80, 0x00, 0x20, 0x0c, 0x06, 0x00, 0x83, 0x00, 0x60, 0x60, 0x03, 0x86, 0x08, 0x08, 0x00,
  0x00, 0x40, 0x02, 0x00, 0x08, 0x02, 0x00, 0x01, 0x00, 0xc0, 0x20, 0x01, 0x96, 0x00, 0x00, 0x48,
  0x04, 0x84, 0x00, 0x00, 0x0c, 0x06, 0x00, 0x00, 0x00, 0x40, 0x00, 0x00, 0xcc, 0x00, 0x04, 0x00,
  0x00, 0x90, 0x10, 0x00, 0x18, 0x00, 0x00, 0x00, 0x00, 0x00, 0x00, 0xe0, 0xec, 0x00, 0x02, 0x00,
  0x10, 0x81, 0x00, 0x00, 0x00, 0x00, 0x00, 0x0a, 0x60, 0x00, 0x00, 0xe0, 0x6c, 0x02, 0x00, 0x00,
  0x00, 0x80, 0x00, 0x00, 0x00, 0x60, 0x50, 0xfe, 0x60, 0xc0, 0x00, 0xf0, 0x38, 0x08, 0x02, 0x00,
  0x40, 0x00, 0x80, 0x07, 0x80, 0x00, 0xfc, 0xf8, 0x30, 0xc0, 0x01, 0xb0, 0x18, 0x00, 0x00, 0x00,
  0x00, 0xa0, 0x00, 0x0e, 0xe0, 0x00, 0xdc, 0x10, 0x60, 0xc0, 0x03, 0xf0, 0x18, 0x00, 0x05, 0x00,
  0x00, 0x00, 0x00, 0x18, 0xc0, 0x00, 0xcc, 0x18, 0x6b, 0xc0, 0x07, 0xf8, 0x39, 0x00, 0x00, 0x00,
  0x00, 0x80, 0x00, 0x0c, 0xe0, 0x30, 0xd8, 0x30, 0x7e, 0xc5, 0x07, 0x38, 0x10, 0x10, 0x02, 0x00,
  0x00, 0x40, 0x00, 0x1d, 0xc0, 0x60, 0xf8, 0x18, 0x68, 0xcf, 0xc2, 0x08, 0x30, 0x00, 0x81, 0x08,
  0x00, 0x00, 0x00, 0x0f, 0xf8, 0x31, 0xf0, 0x30, 0x60, 0xc4, 0xe2, 0x1c, 0x70, 0x00, 0x00, 0x80,
  0x00, 0x00, 0x00, 0x0e, 0x9c, 0x20, 0xbc, 0x18, 0x60, 0xce, 0x60, 0x0c, 0x20, 0x48, 0x12, 0x08,
  0x00, 0x40, 0x00, 0x0c, 0x0c, 0x31, 0x8e, 0x30, 0x60, 0xa4, 0x60, 0x04, 0x60, 0x02, 0x02, 0x80,
  0x00, 0x00, 0x00, 0x0c, 0x0c, 0x30, 0x87, 0x18, 0x60, 0x8c, 0x30, 0x00, 0x40, 0x00, 0x41, 0x04,
  0x00, 0x00, 0x00, 0x0c, 0x0c, 0x30, 0x00, 0x30, 0xa0, 0x06, 0x60, 0x00, 0x60, 0x09, 0x00, 0x00,
  0x00, 0x00, 0x00, 0x0c, 0x1c, 0x30, 0x00, 0x18, 0x00, 0x0c, 0x60, 0x00, 0xc0, 0x00, 0x02, 0x00,
  0x00, 0x00, 0x00, 0x0c, 0x18, 0x30, 0x00, 0x18, 0x00, 0x0c, 0xe0, 0x00, 0x80, 0x02, 0x00, 0x80,
  0x00, 0x00, 0x00, 0x0c, 0x38, 0x00, 0x00, 0x00, 0x00, 0x07, 0xc0, 0x00, 0x80, 0x00, 0x00, 0x80,
  0x00, 0x00, 0x00, 0x0c, 0x70, 0x00, 0x00, 0x00, 0x00, 0x0f, 0x00, 0x00, 0x00, 0x00, 0x01, 0x00,
  0x00, 0x00, 0x00, 0x0e, 0xe0, 0x00, 0x00, 0x00, 0x00, 0x00, 0x00, 0x00, 0x00, 0x00, 0x00, 0x00,
  0x00, 0x00, 0x00, 0x0f, 0xc0, 0x00, 0x00, 0x00, 0x00, 0x00, 0x00, 0x00, 0x00, 0x00, 0x01, 0x00,
  0x00, 0x00, 0x00, 0x07, 0x00, 0x00, 0x00, 0x00, 0x00, 0x00, 0x00, 0x00, 0x00, 0x00, 0x00, 0x00,
  0x00, 0x00, 0x00, 0x04, 0x00, 0x00, 0x60, 0x10, 0x00, 0x00, 0x00, 0x00, 0x00, 0x00, 0x00, 0x00,
  0x00, 0x00, 0x00, 0x00, 0x00, 0x00, 0x40, 0x10, 0x00, 0x00, 0x00, 0x00, 0x00, 0x00, 0x00, 0x00,
  0x00, 0x00, 0x00, 0x00, 0x00, 0x00, 0x00, 0x00, 0x00, 0x00, 0x00, 0x00, 0x00, 0x00, 0x01, 0x00,
  0x00, 0x00, 0x00, 0x00, 0x00, 0x06, 0x00, 0x06, 0x00, 0x00, 0x00, 0x00, 0x00, 0x00, 0x00, 0x00,
  0x00, 0x00, 0x00, 0x00, 0x00, 0x03, 0x80, 0x0e, 0x00, 0x00, 0x00, 0x00, 0x00, 0x00, 0x00, 0x00,
  0x00, 0x00, 0x00, 0x00, 0x00, 0x01, 0xc0, 0x78, 0x00, 0x00, 0x00, 0x00, 0x00, 0x00, 0x00, 0x00,
  0x00, 0x00, 0x00, 0x00, 0x00, 0x00, 0xff, 0xd4, 0x00, 0x00, 0x00, 0x00, 0x00, 0x00, 0x00, 0x00,
  0x00, 0x00, 0x00, 0x00, 0x00, 0x00, 0x1f, 0xa0, 0x00, 0x00, 0x00, 0x00, 0x00, 0x00, 0x00, 0x00,
  0x00, 0x00, 0x00, 0x00, 0x00, 0x00, 0x00, 0x00, 0x00, 0x00, 0x00, 0x00, 0x00, 0x00, 0x00, 0x00
};

const uint8_t PROGMEM frame23[1024] = {
  0x00, 0x00, 0x00, 0x00, 0x00, 0x00, 0x00, 0x00, 0x00, 0x00, 0x00, 0x00, 0x00, 0x00, 0x00, 0x00,
  0x00, 0x00, 0x00, 0x00, 0x00, 0x00, 0x00, 0x00, 0x00, 0x18, 0x00, 0x00, 0x00, 0x00, 0x00, 0x00,
  0x00, 0x00, 0x00, 0x00, 0x00, 0x00, 0x00, 0x00, 0x00, 0x18, 0x00, 0x00, 0x00, 0x00, 0x00, 0x00,
  0x00, 0x00, 0x00, 0x00, 0x00, 0x00, 0x00, 0x00, 0x10, 0x38, 0x00, 0x00, 0x00, 0x00, 0x00, 0x00,
  0x00, 0x00, 0x00, 0x00, 0x00, 0x00, 0x00, 0x00, 0x18, 0x30, 0x00, 0x00, 0x00, 0x00, 0x00, 0x00,
  0x10, 0x00, 0x00, 0x00, 0x00, 0x00, 0x00, 0x00, 0x0c, 0x00, 0x00, 0x00, 0x00, 0x00, 0x00, 0x00,
  0x00, 0x00, 0x00, 0x00, 0x00, 0x00, 0x00, 0x00, 0x00, 0x00, 0x00, 0x00, 0x00, 0x00, 0x00, 0x00,
  0x10, 0x40, 0x00, 0x00, 0x00, 0x00, 0x00, 0x00, 0x01, 0xe0, 0x10, 0x00, 0x00, 0x00, 0x00, 0x00,
  0x00, 0x00, 0x00, 0x00, 0x00, 0x00, 0x00, 0x00, 0x03, 0xf9, 0xf0, 0x00, 0x00, 0x00, 0x00, 0x00,
  0x00, 0x80, 0x10, 0x00, 0x00, 0x00, 0x00, 0x00, 0x07, 0xf1, 0xf0, 0x00, 0x00, 0x00, 0x00, 0x00,
  0x00, 0x00, 0x24, 0x00, 0x00, 0x00, 0x00, 0x00, 0x07, 0xf8, 0x00, 0x00, 0x00, 0x00, 0x00, 0x00,
  0x00, 0x00, 0x02, 0x00, 0x00, 0x00, 0x00, 0x01, 0xe7, 0xf8, 0x00, 0x00, 0x00, 0x00, 0x00, 0x00,
  0x00, 0x40, 0x10, 0x80, 0x00, 0x00, 0x00, 0x01, 0xa3, 0xf0, 0x00, 0x00, 0x00, 0x00, 0x00, 0x00,
  0x00, 0x00, 0x00, 0x00, 0x00, 0x00, 0x00, 0x00, 0x01, 0xa2, 0x00, 0x00, 0x00, 0x00, 0x00, 0x00,
  0x00, 0x00, 0x80, 0x20, 0x00, 0x00, 0x00, 0x00, 0x00, 0x03, 0x00, 0x00, 0x00, 0x00, 0x00, 0x00,
  0x00, 0x00, 0x00, 0x00, 0x00, 0x00, 0x00, 0x00, 0x02, 0x03, 0xc0, 0x00, 0x00, 0x00, 0x40, 0x00,
  0x00, 0x80, 0x20, 0x00, 0x00, 0x00, 0x00, 0x00, 0x07, 0x00, 0xc0, 0x00, 0x00, 0x00, 0x00, 0x00,
  0x00, 0x00, 0x90, 0x00, 0x00, 0x00, 0x00, 0x00, 0x06, 0x00, 0x03, 0x00, 0x00, 0x00, 0x20, 0x80,
  0x00, 0x02, 0x01, 0x00, 0x04, 0x02, 0x00, 0x00, 0x0e, 0x03, 0x03, 0x00, 0x00, 0x00, 0x00, 0x00,
  0x00, 0x00, 0x00, 0x20, 0x0c, 0x06, 0x00, 0x00, 0x00, 0x01, 0x86, 0x00, 0x00, 0x50, 0x02, 0x00,
  0x02, 0x00, 0x04, 0x80, 0x0c, 0x02, 0x00, 0x00, 0xc0, 0x01, 0xc6, 0x00, 0x00, 0x00, 0x00, 0x00,
  0x03, 0x00, 0x00, 0x28, 0x08, 0x06, 0x00, 0x03, 0xf0, 0x00, 0x66, 0x00, 0x00, 0x00, 0x00, 0x00,
  0x00, 0x00, 0x00, 0x00, 0x0c, 0x03, 0x06, 0x06, 0x38, 0x00, 0x7c, 0x00, 0x00, 0x08, 0x00, 0x80,
  0x01, 0x02, 0x01, 0x00, 0x0c, 0x06, 0x0f, 0x04, 0x18, 0x00, 0x1c, 0x00, 0x00, 0x00, 0x00, 0x00,
  0x00, 0x00, 0x10, 0x20, 0x0c, 0x0e, 0x0e, 0x06, 0x18, 0x38, 0x1c, 0x00, 0x00, 0x00, 0x10, 0x00,
  0x01, 0x00, 0x00, 0x04, 0x0e, 0xfe, 0x1f, 0x02, 0x18, 0x7e, 0x18, 0x00, 0x04, 0x00, 0x00, 0x02,
  0x00, 0x00, 0x04, 0x00, 0x0f, 0xeb, 0x1b, 0x07, 0x70, 0xc6, 0x18, 0x00, 0x00, 0x00, 0x00, 0x00,
  0x00, 0x80, 0x00, 0x80, 0x0d, 0x06, 0x7f, 0x83, 0xe0, 0x63, 0x18, 0x08, 0x03, 0x00, 0x00, 0x00,
  0x00, 0x00, 0x02, 0x00, 0x0c, 0x02, 0x77, 0x87, 0x40, 0xc7, 0x18, 0x1c, 0xa2, 0x00, 0x00, 0x02,
  0x01, 0x00, 0x00, 0x00, 0x0c, 0x07, 0x11, 0x03, 0x00, 0x6e, 0x30, 0x0c, 0x03, 0x00, 0x00, 0x00,
  0x00, 0x80, 0x20, 0x00, 0x0c, 0x06, 0x11, 0xc3, 0x00, 0x7c, 0x30, 0x07, 0x06, 0x00, 0x0a, 0x00,
  0x00, 0x24, 0x08, 0x00, 0x0c, 0x02, 0x00, 0xc2, 0x00, 0x70, 0x60, 0x06, 0x05, 0x00, 0x04, 0x00,
  0x00, 0x80, 0x00, 0x20, 0x0c, 0x06, 0x00, 0x83, 0x00, 0x60, 0x60, 0x03, 0x86, 0x08, 0x08, 0x00,
  0x00, 0x40, 0x02, 0x00, 0x08, 0x02, 0x00, 0x01, 0x00, 0xc0, 0x20, 0x01, 0x96, 0x00, 0x00, 0x48,
  0x04, 0x84, 0x00, 0x00, 0x0c, 0x06, 0x00, 0x00, 0x00, 0x40, 0x00, 0x00, 0xcc, 0x00, 0x04, 0x00,
  0x00, 0x90, 0x10, 0x00, 0x18, 0x00, 0x00, 0x00, 0x00, 0x00, 0x00, 0xe0, 0xec, 0x00, 0x02, 0x00,
  0x10, 0x81, 0x00, 0x00, 0x00, 0x00, 0x00, 0x0a, 0x60, 0x00, 0x00, 0xe0, 0x6c, 0x02, 0x00, 0x00,
  0x00, 0x80, 0x00, 0x00, 0x00, 0x60, 0x50, 0xfe, 0x60, 0xc0, 0x00, 0xf0, 0x38, 0x08, 0x02, 0x00,
  0x40, 0x00, 0x80, 0x07, 0x80, 0x00, 0xfc, 0xf8, 0x30, 0xc0, 0x01, 0xb0, 0x18, 0x00, 0x00, 0x00,
  0x00, 0xa0, 0x00, 0x0e, 0xe0, 0x00, 0xdc, 0x10, 0x60, 0xc0, 0x03, 0xf0, 0x18, 0x00, 0x05, 0x00,
  0x00, 0x00, 0x00, 0x18, 0xc0, 0x00, 0xcc, 0x18, 0x6b, 0xc0, 0x07, 0xf8, 0x39, 0x00, 0x00, 0x00,
  0x00, 0x80, 0x00, 0x0c, 0xe0, 0x30, 0xd8, 0x30, 0x7e, 0xc5, 0x07, 0x38, 0x10, 0x10, 0x02, 0x00,
  0x00, 0x40, 0x00, 0x1d, 0xc0, 0x60, 0xf8, 0x18, 0x68, 0xcf, 0xc2, 0x08, 0x30, 0x00, 0x81, 0x08,
  0x00, 0x00, 0x00, 0x0f, 0xf8, 0x31, 0xf0, 0x30, 0x60, 0xc4, 0xe2, 0x1c, 0x70, 0x00, 0x00, 0x80,
  0x00, 0x00, 0x00, 0x0e, 0x9c, 0x20, 0xbc, 0x18, 0x60, 0xce, 0x60, 0x0c, 0x20, 0x48, 0x12, 0x08,
  0x00, 0x40, 0x00, 0x0c, 0x0c, 0x31, 0x8e, 0x30, 0x60, 0xa4, 0x60, 0x04, 0x60, 0x02, 0x02, 0x80,
  0x00, 0x00, 0x00, 0x0c, 0x0c, 0x30, 0x87, 0x18, 0x60, 0x8c, 0x30, 0x00, 0x40, 0x00, 0x41, 0x04,
  0x00, 0x00, 0x00, 0x0c, 0x0c, 0x30, 0x00, 0x30, 0xa0, 0x06, 0x60, 0x00, 0x60, 0x09, 0x00, 0x00,
  0x00, 0x00, 0x00, 0x0c, 0x1c, 0x30, 0x00, 0x18, 0x00, 0x0c, 0x60, 0x00, 0xc0, 0x00, 0x02, 0x00,
  0x00, 0x00, 0x00, 0x0c, 0x18, 0x30, 0x00, 0x18, 0x00, 0x0c, 0xe0, 0x00, 0x80, 0x02, 0x00, 0x80,
  0x00, 0x00, 0x00, 0x0c, 0x38, 0x00, 0x00, 0x00, 0x00, 0x07, 0xc0, 0x00, 0x80, 0x00, 0x00, 0x80,
  0x00, 0x00, 0x00, 0x0c, 0x70, 0x00, 0x00, 0x00, 0x00, 0x0f, 0x00, 0x00, 0x00, 0x00, 0x01, 0x00,
  0x00, 0x00, 0x00, 0x0e, 0xe0, 0x00, 0x00, 0x00, 0x00, 0x00, 0x00, 0x00, 0x00, 0x00, 0x00, 0x00,
  0x00, 0x00, 0x00, 0x0f, 0xc0, 0x00, 0x00, 0x00, 0x00, 0x00, 0x00, 0x00, 0x00, 0x00, 0x01, 0x00,
  0x00, 0x00, 0x00, 0x07, 0x00, 0x00, 0x00, 0x00, 0x00, 0x00, 0x00, 0x00, 0x00, 0x00, 0x00, 0x00,
  0x00, 0x00, 0x00, 0x04, 0x00, 0x00, 0x60, 0x10, 0x00, 0x00, 0x00, 0x00, 0x00, 0x00, 0x00, 0x00,
  0x00, 0x00, 0x00, 0x00, 0x00, 0x00, 0x40, 0x10, 0x00, 0x00, 0x00, 0x00, 0x00, 0x00, 0x00, 0x00,
  0x00, 0x00, 0x00, 0x00, 0x00, 0x00, 0x00, 0x00, 0x00, 0x00, 0x00, 0x00, 0x00, 0x00, 0x01, 0x00,
  0x00, 0x00, 0x00, 0x00, 0x00, 0x06, 0x00, 0x06, 0x00, 0x00, 0x00, 0x00, 0x00, 0x00, 0x00, 0x00,
  0x00, 0x00, 0x00, 0x00, 0x00, 0x03, 0x80, 0x0e, 0x00, 0x00, 0x00, 0x00, 0x00, 0x00, 0x00, 0x00,
  0x00, 0x00, 0x00, 0x00, 0x00, 0x01, 0xc0, 0x78, 0x00, 0x00, 0x00, 0x00, 0x00, 0x00, 0x00, 0x00,
  0x00, 0x00, 0x00, 0x00, 0x00, 0x00, 0xff, 0xd4, 0x00, 0x00, 0x00, 0x00, 0x00, 0x00, 0x00, 0x00,
  0x00, 0x00, 0x00, 0x00, 0x00, 0x00, 0x1f, 0xa0, 0x00, 0x00, 0x00, 0x00, 0x00, 0x00, 0x00, 0x00,
  0x00, 0x00, 0x00, 0x00, 0x00, 0x00, 0x00, 0x00, 0x00, 0x00, 0x00, 0x00, 0x00, 0x00, 0x00, 0x00
};

const uint8_t PROGMEM frame24[1024] = {
  0x00, 0x00, 0x00, 0x00, 0x00, 0x00, 0x00, 0x00, 0x00, 0x00, 0x00, 0x00, 0x00, 0x00, 0x00, 0x00,
  0x00, 0x00, 0x00, 0x00, 0x00, 0x00, 0x00, 0x00, 0x00, 0x18, 0x00, 0x00, 0x00, 0x00, 0x00, 0x00,
  0x00, 0x00, 0x00, 0x00, 0x00, 0x00, 0x00, 0x00, 0x00, 0x18, 0x00, 0x00, 0x00, 0x00, 0x00, 0x00,
  0x00, 0x00, 0x00, 0x00, 0x00, 0x00, 0x00, 0x00, 0x10, 0x38, 0x00, 0x00, 0x00, 0x00, 0x00, 0x00,
  0x00, 0x00, 0x00, 0x00, 0x00, 0x00, 0x00, 0x00, 0x18, 0x30, 0x00, 0x00, 0x00, 0x00, 0x00, 0x00,
  0x10, 0x00, 0x00, 0x00, 0x00, 0x00, 0x00, 0x00, 0x0c, 0x00, 0x00, 0x00, 0x00, 0x00, 0x00, 0x00,
  0x00, 0x00, 0x00, 0x00, 0x00, 0x00, 0x00, 0x00, 0x00, 0x00, 0x00, 0x00, 0x00, 0x00, 0x00, 0x00,
  0x00, 0x00, 0x00, 0x00, 0x00, 0x00, 0x00, 0x00, 0x01, 0xe0, 0x10, 0x00, 0x00, 0x00, 0x00, 0x00,
  0x01, 0x10, 0x08, 0x00, 0x00, 0x00, 0x00, 0x00, 0x03, 0xf9, 0xf0, 0x00, 0x00, 0x00, 0x00, 0x00,
  0x00, 0x00, 0x00, 0x00, 0x00, 0x00, 0x00, 0x00, 0x07, 0xf1, 0xf0, 0x00, 0x00, 0x00, 0x00, 0x00,
  0x00, 0x00, 0x04, 0x00, 0x00, 0x00, 0x00, 0x00, 0x07, 0xf8, 0x00, 0x00, 0x00, 0x00, 0x00, 0x00,
  0x00, 0x20, 0x12, 0x80, 0x00, 0x00, 0x00, 0x01, 0xe7, 0xf8, 0x00, 0x00, 0x00, 0x00, 0x00, 0x00,
  0x00, 0x00, 0x00, 0x00, 0x00, 0x00, 0x00, 0x01, 0xa3, 0xf0, 0x00, 0x00, 0x00, 0x00, 0x00, 0x00,
  0x00, 0x00, 0x00, 0x00, 0x00, 0x00, 0x00, 0x00, 0x01, 0xa2, 0x00, 0x00, 0x00, 0x00, 0x00, 0x00,
  0x00, 0x00, 0x40, 0x40, 0x00, 0x00, 0x00, 0x00, 0x00, 0x03, 0x00, 0x00, 0x00, 0x00, 0x40, 0x00,
  0x00, 0x00, 0x00, 0x00, 0x00, 0x00, 0x00, 0x00, 0x02, 0x03, 0xc0, 0x00, 0x00, 0x00, 0x00, 0x00,
  0x00, 0x80, 0x20, 0x00, 0x00, 0x00, 0x00, 0x00, 0x07, 0x00, 0xc0, 0x00, 0x00, 0x00, 0x20, 0x00,
  0x00, 0x00, 0x10, 0x00, 0x00, 0x00, 0x00, 0x00, 0x06, 0x00, 0x01, 0x00, 0x00, 0x00, 0x00, 0x00,
  0x00, 0x01, 0x00, 0x80, 0x08, 0x06, 0x00, 0x00, 0x0e, 0x01, 0x03, 0x00, 0x00, 0x20, 0x00, 0x40,
  0x00, 0x00, 0x00, 0x00, 0x0c, 0x06, 0x00, 0x00, 0x00, 0x01, 0x81, 0x00, 0x00, 0x00, 0x02, 0x00,
  0x02, 0x00, 0x02, 0x50, 0x08, 0x04, 0x00, 0x00, 0x00, 0x01, 0xc3, 0x00, 0x00, 0x00, 0x00, 0x00,
  0x01, 0x00, 0x00, 0x08, 0x0c, 0x06, 0x00, 0x03, 0xe0, 0x00, 0x67, 0x00, 0x00, 0x10, 0x00, 0x00,
  0x00, 0x00, 0x80, 0x02, 0x08, 0x06, 0x04, 0x06, 0xf0, 0x00, 0x74, 0x00, 0x00, 0x04, 0x00, 0x00,
  0x01, 0x04, 0x00, 0x40, 0x0c, 0x04, 0x07, 0x04, 0x18, 0x10, 0x3e, 0x00, 0x00, 0x00, 0x00, 0x00,
  0x00, 0x00, 0x08, 0x00, 0x0c, 0x3e, 0x0f, 0x06, 0x38, 0x7c, 0x1c, 0x00, 0x00, 0x00, 0x10, 0x00,
  0x01, 0x00, 0x00, 0x08, 0x0a, 0xfe, 0x0f, 0x06, 0x18, 0xf6, 0x0e, 0x00, 0x0a, 0x00, 0x00, 0x02,
  0x00, 0x00, 0x04, 0x00, 0x0f, 0xc6, 0x1b, 0x04, 0x30, 0xc6, 0x0c, 0x18, 0x03, 0x00, 0x00, 0x00,
  0x00, 0x80, 0x00, 0x80, 0x0c, 0x06, 0x3f, 0x07, 0xe0, 0xc6, 0x08, 0x18, 0x02, 0x00, 0x00, 0x00,
  0x00, 0x80, 0x00, 0x00, 0x0c, 0x04, 0x7f, 0x87, 0xa0, 0xc6, 0x1c, 0x0e, 0x86, 0x00, 0x00, 0x00,
  0x00, 0x00, 0x02, 0x00, 0x18, 0x06, 0x35, 0x82, 0x80, 0x7c, 0x18, 0x06, 0x06, 0x00, 0x00, 0x00,
  0x01, 0x80, 0x10, 0x00, 0x0c, 0x06, 0x31, 0x86, 0x00, 0xf8, 0x18, 0x07, 0x04, 0x00, 0x04, 0x02,
  0x00, 0x00, 0x00, 0x00, 0x18, 0x06, 0x00, 0xc3, 0x00, 0x60, 0x30, 0x03, 0x0e, 0x00, 0x04, 0x00,
  0x00, 0x82, 0x08, 0x20, 0x0c, 0x06, 0x00, 0xc6, 0x00, 0xc0, 0x30, 0x01, 0x8c, 0x10, 0x00, 0x08,
  0x00, 0x20, 0x00, 0x00, 0x18, 0x04, 0x00, 0x03, 0x00, 0xc0, 0x70, 0x01, 0xd8, 0x00, 0x04, 0x40,
  0x20, 0x80, 0x01, 0x00, 0x18, 0x04, 0x00, 0x01, 0x00, 0x20, 0x00, 0x60, 0x6c, 0x00, 0x00, 0x00,
  0x04, 0xa2, 0x00, 0x00, 0x10, 0x00, 0x00, 0x00, 0x00, 0x00, 0x00, 0xe0, 0x78, 0x01, 0x04, 0x00,
  0x00, 0x80, 0x08, 0x00, 0x00, 0x00, 0x00, 0xfe, 0x00, 0x00, 0x00, 0xb0, 0x38, 0x04, 0x02, 0x00,
  0x00, 0x40, 0x80, 0x01, 0xc0, 0x60, 0x01, 0xfc, 0x60, 0x00, 0x00, 0xf0, 0x30, 0x00, 0x00, 0x00,
  0x00, 0x81, 0x00, 0x07, 0xe0, 0x00, 0x7c, 0x10, 0x40, 0xc0, 0x01, 0xb8, 0x18, 0x20, 0x02, 0x00,
  0x20, 0x00, 0x00, 0x0e, 0x70, 0x00, 0x7c, 0x30, 0x60, 0xc0, 0x07, 0xf0, 0x30, 0x00, 0x01, 0x00,
  0x00, 0x40, 0x00, 0x04, 0x30, 0x00, 0xc6, 0x30, 0x60, 0xc0, 0x07, 0xf8, 0x30, 0x80, 0x02, 0x00,
  0x00, 0x80, 0x00, 0x06, 0xe0, 0x60, 0x6c, 0x30, 0x6f, 0x87, 0x83, 0x18, 0x60, 0x00, 0x00, 0x00,
  0x00, 0x00, 0x00, 0x06, 0xf8, 0x60, 0xfc, 0x30, 0x7d, 0xc6, 0xe2, 0x0c, 0x62, 0x00, 0x02, 0x08,
  0x00, 0x00, 0x00, 0x0f, 0xfe, 0x60, 0x70, 0x20, 0x60, 0xc6, 0xe0, 0x0c, 0x50, 0x09, 0x41, 0x40,
  0x00, 0x40, 0x00, 0x07, 0x06, 0x60, 0xfc, 0x30, 0xc0, 0x86, 0x30, 0x06, 0x60, 0x00, 0x09, 0x00,
  0x00, 0x00, 0x00, 0x06, 0x06, 0x40, 0x8e, 0x30, 0x60, 0xcc, 0x30, 0x00, 0xc0, 0x10, 0x01, 0x00,
  0x00, 0x00, 0x00, 0x06, 0x06, 0x60, 0xc7, 0xb0, 0xe0, 0xc6, 0x30, 0x00, 0x40, 0x04, 0x01, 0x24,
  0x00, 0x00, 0x00, 0x06, 0x06, 0x60, 0x01, 0x30, 0x41, 0x4c, 0x70, 0x00, 0xc0, 0x01, 0x02, 0x00,
  0x00, 0x00, 0x00, 0x06, 0x0c, 0x60, 0x00, 0x30, 0xc0, 0x06, 0x60, 0x01, 0x80, 0x08, 0x00, 0x80,
  0x00, 0x00, 0x00, 0x06, 0x1c, 0x60, 0x00, 0x00, 0x00, 0x0d, 0xe0, 0x00, 0x00, 0x02, 0x02, 0x02,
  0x00, 0x00, 0x00, 0x06, 0x38, 0x00, 0x00, 0x00, 0x00, 0x07, 0x80, 0x00, 0x00, 0x00, 0x00, 0x80,
  0x00, 0x00, 0x00, 0x06, 0x70, 0x00, 0x00, 0x00, 0x00, 0x07, 0x00, 0x00, 0x00, 0x00, 0x40, 0x00,
  0x00, 0x00, 0x00, 0x07, 0xe0, 0x00, 0x00, 0x00, 0x00, 0x00, 0x00, 0x00, 0x00, 0x00, 0x01, 0x00,
  0x00, 0x00, 0x00, 0x07, 0x80, 0x00, 0x00, 0x00, 0x00, 0x00, 0x00, 0x00, 0x00, 0x00, 0x00, 0x00,
  0x00, 0x00, 0x00, 0x02, 0x80, 0x00, 0x00, 0x00, 0x00, 0x00, 0x00, 0x00, 0x00, 0x00, 0x00, 0x00,
  0x00, 0x00, 0x00, 0x00, 0x00, 0x00, 0x60, 0x10, 0x00, 0x00, 0x00, 0x00, 0x00, 0x00, 0x00, 0x80,
  0x00, 0x00, 0x00, 0x00, 0x00, 0x00, 0x40, 0x10, 0x00, 0x00, 0x00, 0x00, 0x00, 0x00, 0x00, 0x00,
  0x00, 0x00, 0x00, 0x00, 0x00, 0x00, 0x00, 0x00, 0x00, 0x00, 0x00, 0x00, 0x00, 0x00, 0x00, 0x00,
  0x00, 0x00, 0x00, 0x00, 0x00, 0x07, 0x00, 0x06, 0x00, 0x00, 0x00, 0x00, 0x00, 0x00, 0x00, 0x00,
  0x00, 0x00, 0x00, 0x00, 0x00, 0x03, 0x00, 0x0e, 0x00, 0x00, 0x00, 0x00, 0x00, 0x00, 0x00, 0x00,
  0x00, 0x00, 0x00, 0x00, 0x00, 0x01, 0xc0, 0x78, 0x00, 0x00, 0x00, 0x00, 0x00, 0x00, 0x00, 0x00,
  0x00, 0x00, 0x00, 0x00, 0x00, 0x00, 0xff, 0xe8, 0x00, 0x00, 0x00, 0x00, 0x00, 0x00, 0x00, 0x00,
  0x00, 0x00, 0x00, 0x00, 0x00, 0x00, 0x3f, 0xa0, 0x00, 0x00, 0x00, 0x00, 0x00, 0x00, 0x00, 0x00,
  0x00, 0x00, 0x00, 0x00, 0x00, 0x00, 0x00, 0x00, 0x00, 0x00, 0x00, 0x00, 0x00, 0x00, 0x00, 0x00
};

const uint8_t PROGMEM frame25[1024] = {
  0x00, 0x00, 0x00, 0x00, 0x00, 0x00, 0x00, 0x00, 0x00, 0x00, 0x00, 0x00, 0x00, 0x00, 0x00, 0x00,
  0x00, 0x00, 0x00, 0x00, 0x00, 0x00, 0x00, 0x00, 0x00, 0x18, 0x00, 0x00, 0x00, 0x00, 0x00, 0x00,
  0x00, 0x00, 0x00, 0x00, 0x00, 0x00, 0x00, 0x00, 0x00, 0x18, 0x00, 0x00, 0x00, 0x00, 0x00, 0x00,
  0x00, 0x00, 0x00, 0x00, 0x00, 0x00, 0x00, 0x00, 0x10, 0x38, 0x00, 0x00, 0x00, 0x00, 0x00, 0x00,
  0x00, 0x00, 0x00, 0x00, 0x00, 0x00, 0x00, 0x00, 0x18, 0x30, 0x00, 0x00, 0x00, 0x00, 0x00, 0x00,
  0x10, 0x00, 0x00, 0x00, 0x00, 0x00, 0x00, 0x00, 0x0c, 0x00, 0x00, 0x00, 0x00, 0x00, 0x00, 0x00,
  0x00, 0x00, 0x00, 0x00, 0x00, 0x00, 0x00, 0x00, 0x00, 0x00, 0x00, 0x00, 0x00, 0x00, 0x00, 0x00,
  0x00, 0x00, 0x00, 0x00, 0x00, 0x00, 0x00, 0x00, 0x01, 0xe0, 0x10, 0x00, 0x00, 0x00, 0x00, 0x00,
  0x01, 0x10, 0x08, 0x00, 0x00, 0x00, 0x00, 0x00, 0x03, 0xf9, 0xf0, 0x00, 0x00, 0x00, 0x00, 0x00,
  0x00, 0x00, 0x00, 0x00, 0x00, 0x00, 0x00, 0x00, 0x07, 0xf1, 0xf0, 0x00, 0x00, 0x00, 0x00, 0x00,
  0x00, 0x00, 0x04, 0x00, 0x00, 0x00, 0x00, 0x00, 0x07, 0xf8, 0x00, 0x00, 0x00, 0x00, 0x00, 0x00,
  0x00, 0x20, 0x12, 0x80, 0x00, 0x00, 0x00, 0x01, 0xe7, 0xf8, 0x00, 0x00, 0x00, 0x00, 0x00, 0x00,
  0x00, 0x00, 0x00, 0x00, 0x00, 0x00, 0x00, 0x01, 0xa3, 0xf0, 0x00, 0x00, 0x00, 0x00, 0x00, 0x00,
  0x00, 0x00, 0x00, 0x00, 0x00, 0x00, 0x00, 0x00, 0x01, 0xa2, 0x00, 0x00, 0x00, 0x00, 0x00, 0x00,
  0x00, 0x00, 0x40, 0x40, 0x00, 0x00, 0x00, 0x00, 0x00, 0x03, 0x00, 0x00, 0x00, 0x00, 0x40, 0x00,
  0x00, 0x00, 0x00, 0x00, 0x00, 0x00, 0x00, 0x00, 0x02, 0x03, 0xc0, 0x00, 0x00, 0x00, 0x00, 0x00,
  0x00, 0x80, 0x20, 0x00, 0x00, 0x00, 0x00, 0x00, 0x07, 0x00, 0xc0, 0x00, 0x00, 0x00, 0x20, 0x00,
  0x00, 0x00, 0x10, 0x00, 0x00, 0x00, 0x00, 0x00, 0x06, 0x00, 0x01, 0x00, 0x00, 0x00, 0x00, 0x00,
  0x00, 0x01, 0x00, 0x80, 0x08, 0x06, 0x00, 0x00, 0x0e, 0x01, 0x03, 0x00, 0x00, 0x20, 0x00, 0x40,
  0x00, 0x00, 0x00, 0x00, 0x0c, 0x06, 0x00, 0x00, 0x00, 0x01, 0x81, 0x00, 0x00, 0x00, 0x02, 0x00,
  0x02, 0x00, 0x02, 0x50, 0x08, 0x04, 0x00, 0x00, 0x00, 0x01, 0xc3, 0x00, 0x00, 0x00, 0x00, 0x00,
  0x01, 0x00, 0x00, 0x08, 0x0c, 0x06, 0x00, 0x03, 0xe0, 0x00, 0x67, 0x00, 0x00, 0x10, 0x00, 0x00,
  0x00, 0x00, 0x80, 0x02, 0x08, 0x06, 0x04, 0x06, 0xf0, 0x00, 0x74, 0x00, 0x00, 0x04, 0x00, 0x00,
  0x01, 0x04, 0x00, 0x40, 0x0c, 0x04, 0x07, 0x04, 0x18, 0x10, 0x3e, 0x00, 0x00, 0x00, 0x00, 0x00,
  0x00, 0x00, 0x08, 0x00, 0x0c, 0x3e, 0x0f, 0x06, 0x38, 0x7c, 0x1c, 0x00, 0x00, 0x00, 0x10, 0x00,
  0x01, 0x00, 0x00, 0x08, 0x0a, 0xfe, 0x0f, 0x06, 0x18, 0xf6, 0x0e, 0x00, 0x0a, 0x00, 0x00, 0x02,
  0x00, 0x00, 0x04, 0x00, 0x0f, 0xc6, 0x1b, 0x04, 0x30, 0xc6, 0x0c, 0x18, 0x03, 0x00, 0x00, 0x00,
  0x00, 0x80, 0x00, 0x80, 0x0c, 0x06, 0x3f, 0x07, 0xe0, 0xc6, 0x08, 0x18, 0x02, 0x00, 0x00, 0x00,
  0x00, 0x80, 0x00, 0x00, 0x0c, 0x04, 0x7f, 0x87, 0xa0, 0xc6, 0x1c, 0x0e, 0x86, 0x00, 0x00, 0x00,
  0x00, 0x00, 0x02, 0x00, 0x18, 0x06, 0x35, 0x82, 0x80, 0x7c, 0x18, 0x06, 0x06, 0x00, 0x00, 0x00,
  0x01, 0x80, 0x10, 0x00, 0x0c, 0x06, 0x31, 0x86, 0x00, 0xf8, 0x18, 0x07, 0x04, 0x00, 0x04, 0x02,
  0x00, 0x00, 0x00, 0x00, 0x18, 0x06, 0x00, 0xc3, 0x00, 0x60, 0x30, 0x03, 0x0e, 0x00, 0x04, 0x00,
  0x00, 0x82, 0x08, 0x20, 0x0c, 0x06, 0x00, 0xc6, 0x00, 0xc0, 0x30, 0x01, 0x8c, 0x10, 0x00, 0x08,
  0x00, 0x20, 0x00, 0x00, 0x18, 0x04, 0x00, 0x03, 0x00, 0xc0, 0x70, 0x01, 0xd8, 0x00, 0x04, 0x40,
  0x20, 0x80, 0x01, 0x00, 0x18, 0x04, 0x00, 0x01, 0x00, 0x20, 0x00, 0x60, 0x6c, 0x00, 0x00, 0x00,
  0x04, 0xa2, 0x00, 0x00, 0x10, 0x00, 0x00, 0x00, 0x00, 0x00, 0x00, 0xe0, 0x78, 0x01, 0x04, 0x00,
  0x00, 0x80, 0x08, 0x00, 0x00, 0x00, 0x00, 0xfe, 0x00, 0x00, 0x00, 0xb0, 0x38, 0x04, 0x02, 0x00,
  0x00, 0x40, 0x80, 0x01, 0xc0, 0x60, 0x01, 0xfc, 0x60, 0x00, 0x00, 0xf0, 0x30, 0x00, 0x00, 0x00,
  0x00, 0x81, 0x00, 0x07, 0xe0, 0x00, 0x7c, 0x10, 0x40, 0xc0, 0x01, 0xb8, 0x18, 0x20, 0x02, 0x00,
  0x20, 0x00, 0x00, 0x0e, 0x70, 0x00, 0x7c, 0x30, 0x60, 0xc0, 0x07, 0xf0, 0x30, 0x00, 0x01, 0x00,
  0x00, 0x40, 0x00, 0x04, 0x30, 0x00, 0xc6, 0x30, 0x60, 0xc0, 0x07, 0xf8, 0x30, 0x80, 0x02, 0x00,
  0x00, 0x80, 0x00, 0x06, 0xe0, 0x60, 0x6c, 0x30, 0x6f, 0x87, 0x83, 0x18, 0x60, 0x00, 0x00, 0x00,
  0x00, 0x00, 0x00, 0x06, 0xf8, 0x60, 0xfc, 0x30, 0x7d, 0xc6, 0xe2, 0x0c, 0x62, 0x00, 0x02, 0x08,
  0x00, 0x00, 0x00, 0x0f, 0xfe, 0x60, 0x70, 0x20, 0x60, 0xc6, 0xe0, 0x0c, 0x50, 0x09, 0x41, 0x40,
  0x00, 0x40, 0x00, 0x07, 0x06, 0x60, 0xfc, 0x30, 0xc0, 0x86, 0x30, 0x06, 0x60, 0x00, 0x09, 0x00,
  0x00, 0x00, 0x00, 0x06, 0x06, 0x40, 0x8e, 0x30, 0x60, 0xcc, 0x30, 0x00, 0xc0, 0x10, 0x01, 0x00,
  0x00, 0x00, 0x00, 0x06, 0x06, 0x60, 0xc7, 0xb0, 0xe0, 0xc6, 0x30, 0x00, 0x40, 0x04, 0x01, 0x24,
  0x00, 0x00, 0x00, 0x06, 0x06, 0x60, 0x01, 0x30, 0x41, 0x4c, 0x70, 0x00, 0xc0, 0x01, 0x02, 0x00,
  0x00, 0x00, 0x00, 0x06, 0x0c, 0x60, 0x00, 0x30, 0xc0, 0x06, 0x60, 0x01, 0x80, 0x08, 0x00, 0x80,
  0x00, 0x00, 0x00, 0x06, 0x1c, 0x60, 0x00, 0x00, 0x00, 0x0d, 0xe0, 0x00, 0x00, 0x02, 0x02, 0x02,
  0x00, 0x00, 0x00, 0x06, 0x38, 0x00, 0x00, 0x00, 0x00, 0x07, 0x80, 0x00, 0x00, 0x00, 0x00, 0x80,
  0x00, 0x00, 0x00, 0x06, 0x70, 0x00, 0x00, 0x00, 0x00, 0x07, 0x00, 0x00, 0x00, 0x00, 0x40, 0x00,
  0x00, 0x00, 0x00, 0x07, 0xe0, 0x00, 0x00, 0x00, 0x00, 0x00, 0x00, 0x00, 0x00, 0x00, 0x01, 0x00,
  0x00, 0x00, 0x00, 0x07, 0x80, 0x00, 0x00, 0x00, 0x00, 0x00, 0x00, 0x00, 0x00, 0x00, 0x00, 0x00,
  0x00, 0x00, 0x00, 0x02, 0x80, 0x00, 0x00, 0x00, 0x00, 0x00, 0x00, 0x00, 0x00, 0x00, 0x00, 0x00,
  0x00, 0x00, 0x00, 0x00, 0x00, 0x00, 0x60, 0x10, 0x00, 0x00, 0x00, 0x00, 0x00, 0x00, 0x00, 0x80,
  0x00, 0x00, 0x00, 0x00, 0x00, 0x00, 0x40, 0x10, 0x00, 0x00, 0x00, 0x00, 0x00, 0x00, 0x00, 0x00,
  0x00, 0x00, 0x00, 0x00, 0x00, 0x00, 0x00, 0x00, 0x00, 0x00, 0x00, 0x00, 0x00, 0x00, 0x00, 0x00,
  0x00, 0x00, 0x00, 0x00, 0x00, 0x07, 0x00, 0x06, 0x00, 0x00, 0x00, 0x00, 0x00, 0x00, 0x00, 0x00,
  0x00, 0x00, 0x00, 0x00, 0x00, 0x03, 0x00, 0x0e, 0x00, 0x00, 0x00, 0x00, 0x00, 0x00, 0x00, 0x00,
  0x00, 0x00, 0x00, 0x00, 0x00, 0x01, 0xc0, 0x78, 0x00, 0x00, 0x00, 0x00, 0x00, 0x00, 0x00, 0x00,
  0x00, 0x00, 0x00, 0x00, 0x00, 0x00, 0xff, 0xe8, 0x00, 0x00, 0x00, 0x00, 0x00, 0x00, 0x00, 0x00,
  0x00, 0x00, 0x00, 0x00, 0x00, 0x00, 0x3f, 0xa0, 0x00, 0x00, 0x00, 0x00, 0x00, 0x00, 0x00, 0x00,
  0x00, 0x00, 0x00, 0x00, 0x00, 0x00, 0x00, 0x00, 0x00, 0x00, 0x00, 0x00, 0x00, 0x00, 0x00, 0x00
};

const uint8_t PROGMEM frame26[1024] = {
  0x00, 0x00, 0x00, 0x00, 0x00, 0x00, 0x00, 0x00, 0x00, 0x00, 0x00, 0x00, 0x00, 0x00, 0x00, 0x00,
  0x00, 0x00, 0x00, 0x00, 0x00, 0x00, 0x00, 0x00, 0x00, 0x18, 0x00, 0x00, 0x00, 0x00, 0x00, 0x00,
  0x00, 0x00, 0x00, 0x00, 0x00, 0x00, 0x00, 0x00, 0x00, 0x18, 0x00, 0x00, 0x00, 0x00, 0x00, 0x00,
  0x00, 0x00, 0x00, 0x00, 0x00, 0x00, 0x00, 0x00, 0x10, 0x38, 0x00, 0x00, 0x00, 0x00, 0x00, 0x00,
  0x00, 0x00, 0x00, 0x00, 0x00, 0x00, 0x00, 0x00, 0x18, 0x30, 0x00, 0x00, 0x00, 0x00, 0x00, 0x00,
  0x10, 0x00, 0x00, 0x00, 0x00, 0x00, 0x00, 0x00, 0x0c, 0x00, 0x00, 0x00, 0x00, 0x00, 0x00, 0x00,
  0x00, 0x00, 0x00, 0x00, 0x00, 0x00, 0x00, 0x00, 0x00, 0x00, 0x00, 0x00, 0x00, 0x00, 0x00, 0x00,
  0x00, 0x00, 0x00, 0x00, 0x00, 0x00, 0x00, 0x00, 0x01, 0xe0, 0x10, 0x00, 0x00, 0x00, 0x00, 0x00,
  0x01, 0x10, 0x08, 0x00, 0x00, 0x00, 0x00, 0x00, 0x03, 0xf9, 0xf0, 0x00, 0x00, 0x00, 0x00, 0x00,
  0x00, 0x00, 0x00, 0x00, 0x00, 0x00, 0x00, 0x00, 0x07, 0xf1, 0xf0, 0x00, 0x00, 0x00, 0x00, 0x00,
  0x00, 0x00, 0x04, 0x00, 0x00, 0x00, 0x00, 0x00, 0x07, 0xf8, 0x00, 0x00, 0x00, 0x00, 0x00, 0x00,
  0x00, 0x20, 0x12, 0x80, 0x00, 0x00, 0x00, 0x01, 0xe7, 0xf8, 0x00, 0x00, 0x00, 0x00, 0x00, 0x00,
  0x00, 0x00, 0x00, 0x00, 0x00, 0x00, 0x00, 0x01, 0xa3, 0xf0, 0x00, 0x00, 0x00, 0x00, 0x00, 0x00,
  0x00, 0x00, 0x00, 0x00, 0x00, 0x00, 0x00, 0x00, 0x01, 0xa2, 0x00, 0x00, 0x00, 0x00, 0x00, 0x00,
  0x00, 0x00, 0x40, 0x40, 0x00, 0x00, 0x00, 0x00, 0x00, 0x03, 0x00, 0x00, 0x00, 0x00, 0x40, 0x00,
  0x00, 0x00, 0x00, 0x00, 0x00, 0x00, 0x00, 0x00, 0x02, 0x03, 0xc0, 0x00, 0x00, 0x00, 0x00, 0x00,
  0x00, 0x80, 0x20, 0x00, 0x00, 0x00, 0x00, 0x00, 0x07, 0x00, 0xc0, 0x00, 0x00, 0x00, 0x20, 0x00,
  0x00, 0x00, 0x10, 0x00, 0x00, 0x00, 0x00, 0x00, 0x06, 0x00, 0x01, 0x00, 0x00, 0x00, 0x00, 0x00,
  0x00, 0x01, 0x00, 0x80, 0x08, 0x06, 0x00, 0x00, 0x0e, 0x01, 0x03, 0x00, 0x00, 0x20, 0x00, 0x40,
  0x00, 0x00, 0x00, 0x00, 0x0c, 0x06, 0x00, 0x00, 0x00, 0x01, 0x81, 0x00, 0x00, 0x00, 0x02, 0x00,
  0x02, 0x00, 0x02, 0x50, 0x08, 0x04, 0x00, 0x00, 0x00, 0x01, 0xc3, 0x00, 0x00, 0x00, 0x00, 0x00,
  0x01, 0x00, 0x00, 0x08, 0x0c, 0x06, 0x00, 0x03, 0xe0, 0x00, 0x67, 0x00, 0x00, 0x10, 0x00, 0x00,
  0x00, 0x00, 0x80, 0x02, 0x08, 0x06, 0x04, 0x06, 0xf0, 0x00, 0x74, 0x00, 0x00, 0x04, 0x00, 0x00,
  0x01, 0x04, 0x00, 0x40, 0x0c, 0x04, 0x07, 0x04, 0x18, 0x10, 0x3e, 0x00, 0x00, 0x00, 0x00, 0x00,
  0x00, 0x00, 0x08, 0x00, 0x0c, 0x3e, 0x0f, 0x06, 0x38, 0x7c, 0x1c, 0x00, 0x00, 0x00, 0x10, 0x00,
  0x01, 0x00, 0x00, 0x08, 0x0a, 0xfe, 0x0f, 0x06, 0x18, 0xf6, 0x0e, 0x00, 0x0a, 0x00, 0x00, 0x02,
  0x00, 0x00, 0x04, 0x00, 0x0f, 0xc6, 0x1b, 0x04, 0x30, 0xc6, 0x0c, 0x18, 0x03, 0x00, 0x00, 0x00,
  0x00, 0x80, 0x00, 0x80, 0x0c, 0x06, 0x3f, 0x07, 0xe0, 0xc6, 0x08, 0x18, 0x02, 0x00, 0x00, 0x00,
  0x00, 0x80, 0x00, 0x00, 0x0c, 0x04, 0x7f, 0x87, 0xa0, 0xc6, 0x1c, 0x0e, 0x86, 0x00, 0x00, 0x00,
  0x00, 0x00, 0x02, 0x00, 0x18, 0x06, 0x35, 0x82, 0x80, 0x7c, 0x18, 0x06, 0x06, 0x00, 0x00, 0x00,
  0x01, 0x80, 0x10, 0x00, 0x0c, 0x06, 0x31, 0x86, 0x00, 0xf8, 0x18, 0x07, 0x04, 0x00, 0x04, 0x02,
  0x00, 0x00, 0x00, 0x00, 0x18, 0x06, 0x00, 0xc3, 0x00, 0x60, 0x30, 0x03, 0x0e, 0x00, 0x04, 0x00,
  0x00, 0x82, 0x08, 0x20, 0x0c, 0x06, 0x00, 0xc6, 0x00, 0xc0, 0x30, 0x01, 0x8c, 0x10, 0x00, 0x08,
  0x00, 0x20, 0x00, 0x00, 0x18, 0x04, 0x00, 0x03, 0x00, 0xc0, 0x70, 0x01, 0xd8, 0x00, 0x04, 0x40,
  0x20, 0x80, 0x01, 0x00, 0x18, 0x04, 0x00, 0x01, 0x00, 0x20, 0x00, 0x60, 0x6c, 0x00, 0x00, 0x00,
  0x04, 0xa2, 0x00, 0x00, 0x10, 0x00, 0x00, 0x00, 0x00, 0x00, 0x00, 0xe0, 0x78, 0x01, 0x04, 0x00,
  0x00, 0x80, 0x08, 0x00, 0x00, 0x00, 0x00, 0xfe, 0x00, 0x00, 0x00, 0xb0, 0x38, 0x04, 0x02, 0x00,
  0x00, 0x40, 0x80, 0x01, 0xc0, 0x60, 0x01, 0xfc, 0x60, 0x00, 0x00, 0xf0, 0x30, 0x00, 0x00, 0x00,
  0x00, 0x81, 0x00, 0x07, 0xe0, 0x00, 0x7c, 0x10, 0x40, 0xc0, 0x01, 0xb8, 0x18, 0x20, 0x02, 0x00,
  0x20, 0x00, 0x00, 0x0e, 0x70, 0x00, 0x7c, 0x30, 0x60, 0xc0, 0x07, 0xf0, 0x30, 0x00, 0x01, 0x00,
  0x00, 0x40, 0x00, 0x04, 0x30, 0x00, 0xc6, 0x30, 0x60, 0xc0, 0x07, 0xf8, 0x30, 0x80, 0x02, 0x00,
  0x00, 0x80, 0x00, 0x06, 0xe0, 0x60, 0x6c, 0x30, 0x6f, 0x87, 0x83, 0x18, 0x60, 0x00, 0x00, 0x00,
  0x00, 0x00, 0x00, 0x06, 0xf8, 0x60, 0xfc, 0x30, 0x7d, 0xc6, 0xe2, 0x0c, 0x62, 0x00, 0x02, 0x08,
  0x00, 0x00, 0x00, 0x0f, 0xfe, 0x60, 0x70, 0x20, 0x60, 0xc6, 0xe0, 0x0c, 0x50, 0x09, 0x41, 0x40,
  0x00, 0x40, 0x00, 0x07, 0x06, 0x60, 0xfc, 0x30, 0xc0, 0x86, 0x30, 0x06, 0x60, 0x00, 0x09, 0x00,
  0x00, 0x00, 0x00, 0x06, 0x06, 0x40, 0x8e, 0x30, 0x60, 0xcc, 0x30, 0x00, 0xc0, 0x10, 0x01, 0x00,
  0x00, 0x00, 0x00, 0x06, 0x06, 0x60, 0xc7, 0xb0, 0xe0, 0xc6, 0x30, 0x00, 0x40, 0x04, 0x01, 0x24,
  0x00, 0x00, 0x00, 0x06, 0x06, 0x60, 0x01, 0x30, 0x41, 0x4c, 0x70, 0x00, 0xc0, 0x01, 0x02, 0x00,
  0x00, 0x00, 0x00, 0x06, 0x0c, 0x60, 0x00, 0x30, 0xc0, 0x06, 0x60, 0x01, 0x80, 0x08, 0x00, 0x80,
  0x00, 0x00, 0x00, 0x06, 0x1c, 0x60, 0x00, 0x00, 0x00, 0x0d, 0xe0, 0x00, 0x00, 0x02, 0x02, 0x02,
  0x00, 0x00, 0x00, 0x06, 0x38, 0x00, 0x00, 0x00, 0x00, 0x07, 0x80, 0x00, 0x00, 0x00, 0x00, 0x80,
  0x00, 0x00, 0x00, 0x06, 0x70, 0x00, 0x00, 0x00, 0x00, 0x07, 0x00, 0x00, 0x00, 0x00, 0x40, 0x00,
  0x00, 0x00, 0x00, 0x07, 0xe0, 0x00, 0x00, 0x00, 0x00, 0x00, 0x00, 0x00, 0x00, 0x00, 0x01, 0x00,
  0x00, 0x00, 0x00, 0x07, 0x80, 0x00, 0x00, 0x00, 0x00, 0x00, 0x00, 0x00, 0x00, 0x00, 0x00, 0x00,
  0x00, 0x00, 0x00, 0x02, 0x80, 0x00, 0x00, 0x00, 0x00, 0x00, 0x00, 0x00, 0x00, 0x00, 0x00, 0x00,
  0x00, 0x00, 0x00, 0x00, 0x00, 0x00, 0x60, 0x10, 0x00, 0x00, 0x00, 0x00, 0x00, 0x00, 0x00, 0x80,
  0x00, 0x00, 0x00, 0x00, 0x00, 0x00, 0x40, 0x10, 0x00, 0x00, 0x00, 0x00, 0x00, 0x00, 0x00, 0x00,
  0x00, 0x00, 0x00, 0x00, 0x00, 0x00, 0x00, 0x00, 0x00, 0x00, 0x00, 0x00, 0x00, 0x00, 0x00, 0x00,
  0x00, 0x00, 0x00, 0x00, 0x00, 0x07, 0x00, 0x06, 0x00, 0x00, 0x00, 0x00, 0x00, 0x00, 0x00, 0x00,
  0x00, 0x00, 0x00, 0x00, 0x00, 0x03, 0x00, 0x0e, 0x00, 0x00, 0x00, 0x00, 0x00, 0x00, 0x00, 0x00,
  0x00, 0x00, 0x00, 0x00, 0x00, 0x01, 0xc0, 0x78, 0x00, 0x00, 0x00, 0x00, 0x00, 0x00, 0x00, 0x00,
  0x00, 0x00, 0x00, 0x00, 0x00, 0x00, 0xff, 0xe8, 0x00, 0x00, 0x00, 0x00, 0x00, 0x00, 0x00, 0x00,
  0x00, 0x00, 0x00, 0x00, 0x00, 0x00, 0x3f, 0xa0, 0x00, 0x00, 0x00, 0x00, 0x00, 0x00, 0x00, 0x00,
  0x00, 0x00, 0x00, 0x00, 0x00, 0x00, 0x00, 0x00, 0x00, 0x00, 0x00, 0x00, 0x00, 0x00, 0x00, 0x00
};

const uint8_t PROGMEM frame27[1024] = {
  0x00, 0x00, 0x00, 0x00, 0x00, 0x00, 0x00, 0x00, 0x00, 0x00, 0x00, 0x00, 0x00, 0x00, 0x00, 0x00,
  0x00, 0x00, 0x00, 0x00, 0x00, 0x00, 0x00, 0x00, 0x00, 0x18, 0x00, 0x00, 0x00, 0x00, 0x00, 0x00,
  0x00, 0x00, 0x00, 0x00, 0x00, 0x00, 0x00, 0x00, 0x00, 0x18, 0x00, 0x00, 0x00, 0x00, 0x00, 0x00,
  0x00, 0x00, 0x00, 0x00, 0x00, 0x00, 0x00, 0x00, 0x10, 0x38, 0x00, 0x00, 0x00, 0x00, 0x00, 0x00,
  0x00, 0x00, 0x00, 0x00, 0x00, 0x00, 0x00, 0x00, 0x18, 0x30, 0x00, 0x00, 0x00, 0x00, 0x00, 0x00,
  0x10, 0x00, 0x00, 0x00, 0x00, 0x00, 0x00, 0x00, 0x0c, 0x00, 0x00, 0x00, 0x00, 0x00, 0x00, 0x00,
  0x00, 0x00, 0x00, 0x00, 0x00, 0x00, 0x00, 0x00, 0x00, 0x00, 0x00, 0x00, 0x00, 0x00, 0x00, 0x00,
  0x00, 0x10, 0x00, 0x00, 0x00, 0x00, 0x00, 0x00, 0x01, 0xe0, 0x10, 0x00, 0x00, 0x00, 0x00, 0x00,
  0x00, 0x00, 0x08, 0x00, 0x00, 0x00, 0x00, 0x00, 0x03, 0xf9, 0xf0, 0x00, 0x00, 0x00, 0x00, 0x00,
  0x00, 0x00, 0x00, 0x00, 0x00, 0x00, 0x00, 0x00, 0x07, 0xf1, 0xf0, 0x00, 0x00, 0x00, 0x00, 0x00,
  0x00, 0x20, 0x02, 0x00, 0x00, 0x00, 0x00, 0x00, 0x07, 0xf8, 0x00, 0x00, 0x00, 0x00, 0x00, 0x00,
  0x01, 0x00, 0x08, 0x80, 0x00, 0x00, 0x00, 0x01, 0xe7, 0xf8, 0x00, 0x00, 0x00, 0x00, 0x00, 0x00,
  0x00, 0x00, 0x02, 0x00, 0x00, 0x00, 0x00, 0x01, 0xa3, 0xf0, 0x00, 0x00, 0x00, 0x00, 0x00, 0x00,
  0x00, 0x00, 0x00, 0x00, 0x00, 0x00, 0x00, 0x00, 0x01, 0xa2, 0x00, 0x00, 0x00, 0x00, 0x00, 0x00,
  0x00, 0x00, 0x40, 0x00, 0x00, 0x00, 0x00, 0x00, 0x00, 0x03, 0x00, 0x00, 0x00, 0x00, 0x00, 0x00,
  0x00, 0x00, 0x00, 0x00, 0x00, 0x00, 0x00, 0x00, 0x02, 0x03, 0xc0, 0x00, 0x00, 0x00, 0x20, 0x00,
  0x00, 0x00, 0x10, 0x00, 0x00, 0x00, 0x00, 0x00, 0x07, 0x00, 0xc0, 0x00, 0x00, 0x00, 0x00, 0x00,
  0x00, 0x00, 0x00, 0x00, 0x00, 0x00, 0x00, 0x00, 0x06, 0x00, 0x01, 0x00, 0x00, 0x00, 0x00, 0x00,
  0x00, 0x01, 0x00, 0x20, 0x08, 0x06, 0x00, 0x00, 0x0e, 0x01, 0x03, 0x00, 0x00, 0x20, 0x00, 0x40,
  0x00, 0x00, 0x00, 0x00, 0x0c, 0x06, 0x00, 0x00, 0x00, 0x01, 0x81, 0x00, 0x00, 0x00, 0x00, 0x00,
  0x00, 0x00, 0x01, 0x00, 0x08, 0x04, 0x00, 0x00, 0x00, 0x01, 0xc3, 0x00, 0x00, 0x00, 0x00, 0x00,
  0x01, 0x00, 0x00, 0x94, 0x0c, 0x06, 0x00, 0x03, 0xe0, 0x00, 0x67, 0x00, 0x00, 0x10, 0x04, 0x80,
  0x00, 0x00, 0x00, 0x00, 0x0c, 0x06, 0x04, 0x06, 0xf0, 0x00, 0x74, 0x00, 0x00, 0x04, 0x00, 0x00,
  0x01, 0x02, 0x00, 0x00, 0x08, 0x04, 0x07, 0x04, 0x18, 0x10, 0x3e, 0x00, 0x00, 0x00, 0x00, 0x00,
  0x00, 0x00, 0x10, 0x00, 0x0c, 0x3e, 0x0f, 0x06, 0x38, 0x7c, 0x1c, 0x00, 0x08, 0x00, 0x00, 0x00,
  0x00, 0x00, 0x00, 0x12, 0x0d, 0xfe, 0x0f, 0x06, 0x18, 0xf6, 0x0e, 0x00, 0x02, 0x00, 0x00, 0x00,
  0x01, 0x00, 0x02, 0x00, 0x0f, 0xa6, 0x1b, 0x04, 0x30, 0xc6, 0x0c, 0x18, 0x03, 0x00, 0x00, 0x00,
  0x00, 0x80, 0x00, 0x80, 0x0c, 0x04, 0x3f, 0x07, 0xe0, 0xc6, 0x08, 0x18, 0x06, 0x00, 0x04, 0x00,
  0x00, 0x00, 0x00, 0x00, 0x0c, 0x06, 0x7f, 0x87, 0xa0, 0xc6, 0x1c, 0x0e, 0x02, 0x00, 0x00, 0x02,
  0x00, 0x80, 0x02, 0x00, 0x18, 0x06, 0x35, 0x82, 0x80, 0x7c, 0x18, 0x0e, 0x06, 0x00, 0x00, 0x00,
  0x00, 0x80, 0x00, 0x00, 0x0c, 0x06, 0x31, 0x86, 0x00, 0xf8, 0x18, 0x03, 0x0c, 0x00, 0x00, 0x00,
  0x00, 0x00, 0x10, 0x00, 0x18, 0x04, 0x00, 0xc3, 0x00, 0x60, 0x30, 0x03, 0x06, 0x00, 0x04, 0x00,
  0x00, 0x82, 0x08, 0x00, 0x0c, 0x06, 0x00, 0xc6, 0x00, 0xc0, 0x30, 0x01, 0xcc, 0x08, 0x00, 0x00,
  0x00, 0x40, 0x00, 0x10, 0x18, 0x06, 0x00, 0x03, 0x00, 0xc0, 0x70, 0x01, 0xdc, 0x00, 0x00, 0x40,
  0x04, 0x90, 0x01, 0x00, 0x18, 0x00, 0x00, 0x01, 0x00, 0x20, 0x00, 0x60, 0x68, 0x00, 0x04, 0x00,
  0x00, 0x40, 0x00, 0x00, 0x08, 0x00, 0x00, 0x00, 0x00, 0x00, 0x00, 0xe0, 0x78, 0x00, 0x00, 0x00,
  0x00, 0x80, 0x00, 0x00, 0x00, 0x00, 0x00, 0xfe, 0x00, 0x00, 0x00, 0xb0, 0x38, 0x00, 0x04, 0x00,
  0x00, 0x41, 0x08, 0x01, 0xc0, 0x60, 0x11, 0xfc, 0x60, 0x00, 0x00, 0xf0, 0x30, 0x02, 0x02, 0x00,
  0x10, 0x80, 0x00, 0x07, 0xe0, 0x00, 0x7c, 0x10, 0x40, 0xc0, 0x01, 0xb0, 0x18, 0x20, 0x00, 0x00,
  0x00, 0x01, 0x00, 0x0d, 0x30, 0x00, 0x6c, 0x30, 0x60, 0xc0, 0x07, 0xf8, 0x30, 0x00, 0x02, 0x00,
  0x20, 0xa0, 0x20, 0x06, 0x70, 0x00, 0xe6, 0x30, 0x60, 0xc0, 0x07, 0xf8, 0x70, 0x80, 0x01, 0x00,
  0x00, 0x00, 0x00, 0x04, 0x60, 0x60, 0x4c, 0x30, 0x6f, 0x87, 0x83, 0x0c, 0x20, 0x00, 0x02, 0x00,
  0x00, 0x40, 0x00, 0x07, 0xf8, 0x60, 0xfc, 0x20, 0x7d, 0xc6, 0xe2, 0x18, 0x60, 0x00, 0x00, 0x00,
  0x00, 0x00, 0x00, 0x0f, 0xfe, 0x60, 0x78, 0x30, 0x60, 0xc6, 0xe0, 0x0c, 0x60, 0x00, 0x41, 0x04,
  0x00, 0x00, 0x00, 0x07, 0x06, 0x40, 0xfa, 0x30, 0xe0, 0x86, 0x30, 0x06, 0x40, 0x49, 0x08, 0x80,
  0x00, 0x00, 0x00, 0x06, 0x04, 0x60, 0xce, 0x30, 0x40, 0xcc, 0x30, 0x00, 0xe0, 0x00, 0x02, 0x40,
  0x00, 0x00, 0x00, 0x06, 0x07, 0x60, 0x87, 0x30, 0xe0, 0xc6, 0x30, 0x00, 0x40, 0x10, 0x01, 0x04,
  0x00, 0x00, 0x00, 0x06, 0x06, 0x60, 0x41, 0x30, 0x40, 0x8e, 0x70, 0x00, 0xc0, 0x02, 0x00, 0x80,
  0x00, 0x00, 0x00, 0x06, 0x0c, 0x60, 0x00, 0x30, 0xc0, 0x04, 0x60, 0x01, 0x80, 0x08, 0x01, 0x00,
  0x00, 0x00, 0x00, 0x06, 0x1c, 0x20, 0x00, 0x00, 0x00, 0x0e, 0xe0, 0x00, 0x00, 0x02, 0x00, 0x02,
  0x00, 0x00, 0x00, 0x06, 0x38, 0x00, 0x00, 0x00, 0x00, 0x0f, 0xc0, 0x00, 0x00, 0x00, 0x42, 0x40,
  0x00, 0x00, 0x00, 0x06, 0x68, 0x00, 0x00, 0x00, 0x00, 0x03, 0x00, 0x00, 0x00, 0x00, 0x00, 0x80,
  0x00, 0x00, 0x00, 0x07, 0xe0, 0x00, 0x00, 0x00, 0x00, 0x00, 0x00, 0x00, 0x00, 0x00, 0x00, 0x00,
  0x00, 0x00, 0x00, 0x07, 0x80, 0x00, 0x00, 0x00, 0x00, 0x00, 0x00, 0x00, 0x00, 0x00, 0x00, 0x00,
  0x00, 0x00, 0x00, 0x02, 0x80, 0x00, 0x00, 0x00, 0x00, 0x00, 0x00, 0x00, 0x00, 0x00, 0x00, 0x00,
  0x00, 0x00, 0x00, 0x00, 0x00, 0x00, 0x60, 0x10, 0x00, 0x00, 0x00, 0x00, 0x00, 0x00, 0x00, 0x80,
  0x00, 0x00, 0x00, 0x00, 0x00, 0x00, 0x40, 0x10, 0x00, 0x00, 0x00, 0x00, 0x00, 0x00, 0x00, 0x00,
  0x00, 0x00, 0x00, 0x00, 0x00, 0x00, 0x00, 0x00, 0x00, 0x00, 0x00, 0x00, 0x00, 0x00, 0x00, 0x00,
  0x00, 0x00, 0x00, 0x00, 0x00, 0x07, 0x00, 0x06, 0x00, 0x00, 0x00, 0x00, 0x00, 0x00, 0x00, 0x00,
  0x00, 0x00, 0x00, 0x00, 0x00, 0x03, 0x00, 0x0e, 0x00, 0x00, 0x00, 0x00, 0x00, 0x00, 0x00, 0x00,
  0x00, 0x00, 0x00, 0x00, 0x00, 0x01, 0xc0, 0x58, 0x00, 0x00, 0x00, 0x00, 0x00, 0x00, 0x00, 0x00,
  0x00, 0x00, 0x00, 0x00, 0x00, 0x00, 0xff, 0xf8, 0x00, 0x00, 0x00, 0x00, 0x00, 0x00, 0x01, 0x00,
  0x00, 0x00, 0x00, 0x00, 0x00, 0x00, 0x3f, 0xa0, 0x00, 0x00, 0x00, 0x00, 0x00, 0x00, 0x00, 0x00,
  0x00, 0x00, 0x00, 0x00, 0x00, 0x00, 0x00, 0x00, 0x00, 0x00, 0x00, 0x00, 0x00, 0x00, 0x00, 0x00
};

const uint8_t PROGMEM frame28[1024] = {
  0x00, 0x00, 0x00, 0x00, 0x00, 0x00, 0x00, 0x00, 0x00, 0x00, 0x00, 0x00, 0x00, 0x00, 0x00, 0x00,
  0x00, 0x00, 0x00, 0x00, 0x00, 0x00, 0x00, 0x00, 0x00, 0x18, 0x00, 0x00, 0x00, 0x00, 0x00, 0x00,
  0x00, 0x00, 0x00, 0x00, 0x00, 0x00, 0x00, 0x00, 0x00, 0x18, 0x00, 0x00, 0x00, 0x00, 0x00, 0x00,
  0x00, 0x00, 0x00, 0x00, 0x00, 0x00, 0x00, 0x00, 0x10, 0x38, 0x00, 0x00, 0x00, 0x00, 0x00, 0x00,
  0x00, 0x00, 0x00, 0x00, 0x00, 0x00, 0x00, 0x00, 0x18, 0x30, 0x00, 0x00, 0x00, 0x00, 0x00, 0x00,
  0x10, 0x00, 0x00, 0x00, 0x00, 0x00, 0x00, 0x00, 0x0c, 0x00, 0x00, 0x00, 0x00, 0x00, 0x00, 0x00,
  0x00, 0x00, 0x00, 0x00, 0x00, 0x00, 0x00, 0x00, 0x00, 0x00, 0x00, 0x00, 0x00, 0x00, 0x00, 0x00,
  0x00, 0x10, 0x00, 0x00, 0x00, 0x00, 0x00, 0x00, 0x01, 0xe0, 0x10, 0x00, 0x00, 0x00, 0x00, 0x00,
  0x00, 0x00, 0x08, 0x00, 0x00, 0x00, 0x00, 0x00, 0x03, 0xf9, 0xf0, 0x00, 0x00, 0x00, 0x00, 0x00,
  0x00, 0x00, 0x00, 0x00, 0x00, 0x00, 0x00, 0x00, 0x07, 0xf1, 0xf0, 0x00, 0x00, 0x00, 0x00, 0x00,
  0x00, 0x20, 0x02, 0x00, 0x00, 0x00, 0x00, 0x00, 0x07, 0xf8, 0x00, 0x00, 0x00, 0x00, 0x00, 0x00,
  0x01, 0x00, 0x08, 0x80, 0x00, 0x00, 0x00, 0x01, 0xe7, 0xf8, 0x00, 0x00, 0x00, 0x00, 0x00, 0x00,
  0x00, 0x00, 0x02, 0x00, 0x00, 0x00, 0x00, 0x01, 0xa3, 0xf0, 0x00, 0x00, 0x00, 0x00, 0x00, 0x00,
  0x00, 0x00, 0x00, 0x00, 0x00, 0x00, 0x00, 0x00, 0x01, 0xa2, 0x00, 0x00, 0x00, 0x00, 0x00, 0x00,
  0x00, 0x00, 0x40, 0x00, 0x00, 0x00, 0x00, 0x00, 0x00, 0x03, 0x00, 0x00, 0x00, 0x00, 0x00, 0x00,
  0x00, 0x00, 0x00, 0x00, 0x00, 0x00, 0x00, 0x00, 0x02, 0x03, 0xc0, 0x00, 0x00, 0x00, 0x20, 0x00,
  0x00, 0x00, 0x10, 0x00, 0x00, 0x00, 0x00, 0x00, 0x07, 0x00, 0xc0, 0x00, 0x00, 0x00, 0x00, 0x00,
  0x00, 0x00, 0x00, 0x00, 0x00, 0x00, 0x00, 0x00, 0x06, 0x00, 0x01, 0x00, 0x00, 0x00, 0x00, 0x00,
  0x00, 0x01, 0x00, 0x20, 0x08, 0x06, 0x00, 0x00, 0x0e, 0x01, 0x03, 0x00, 0x00, 0x20, 0x00, 0x40,
  0x00, 0x00, 0x00, 0x00, 0x0c, 0x06, 0x00, 0x00, 0x00, 0x01, 0x81, 0x00, 0x00, 0x00, 0x00, 0x00,
  0x00, 0x00, 0x01, 0x00, 0x08, 0x04, 0x00, 0x00, 0x00, 0x01, 0xc3, 0x00, 0x00, 0x00, 0x00, 0x00,
  0x01, 0x00, 0x00, 0x94, 0x0c, 0x06, 0x00, 0x03, 0xe0, 0x00, 0x67, 0x00, 0x00, 0x10, 0x04, 0x80,
  0x00, 0x00, 0x00, 0x00, 0x0c, 0x06, 0x04, 0x06, 0xf0, 0x00, 0x74, 0x00, 0x00, 0x04, 0x00, 0x00,
  0x01, 0x02, 0x00, 0x00, 0x08, 0x04, 0x07, 0x04, 0x18, 0x10, 0x3e, 0x00, 0x00, 0x00, 0x00, 0x00,
  0x00, 0x00, 0x10, 0x00, 0x0c, 0x3e, 0x0f, 0x06, 0x38, 0x7c, 0x1c, 0x00, 0x08, 0x00, 0x00, 0x00,
  0x00, 0x00, 0x00, 0x12, 0x0d, 0xfe, 0x0f, 0x06, 0x18, 0xf6, 0x0e, 0x00, 0x02, 0x00, 0x00, 0x00,
  0x01, 0x00, 0x02, 0x00, 0x0f, 0xa6, 0x1b, 0x04, 0x30, 0xc6, 0x0c, 0x18, 0x03, 0x00, 0x00, 0x00,
  0x00, 0x80, 0x00, 0x80, 0x0c, 0x04, 0x3f, 0x07, 0xe0, 0xc6, 0x08, 0x18, 0x06, 0x00, 0x04, 0x00,
  0x00, 0x00, 0x00, 0x00, 0x0c, 0x06, 0x7f, 0x87, 0xa0, 0xc6, 0x1c, 0x0e, 0x02, 0x00, 0x00, 0x02,
  0x00, 0x80, 0x02, 0x00, 0x18, 0x06, 0x35, 0x82, 0x80, 0x7c, 0x18, 0x0e, 0x06, 0x00, 0x00, 0x00,
  0x00, 0x80, 0x00, 0x00, 0x0c, 0x06, 0x31, 0x86, 0x00, 0xf8, 0x18, 0x03, 0x0c, 0x00, 0x00, 0x00,
  0x00, 0x00, 0x10, 0x00, 0x18, 0x04, 0x00, 0xc3, 0x00, 0x60, 0x30, 0x03, 0x06, 0x00, 0x04, 0x00,
  0x00, 0x82, 0x08, 0x00, 0x0c, 0x06, 0x00, 0xc6, 0x00, 0xc0, 0x30, 0x01, 0xcc, 0x08, 0x00, 0x00,
  0x00, 0x40, 0x00, 0x10, 0x18, 0x06, 0x00, 0x03, 0x00, 0xc0, 0x70, 0x01, 0xdc, 0x00, 0x00, 0x40,
  0x04, 0x90, 0x01, 0x00, 0x18, 0x00, 0x00, 0x01, 0x00, 0x20, 0x00, 0x60, 0x68, 0x00, 0x04, 0x00,
  0x00, 0x40, 0x00, 0x00, 0x08, 0x00, 0x00, 0x00, 0x00, 0x00, 0x00, 0xe0, 0x78, 0x00, 0x00, 0x00,
  0x00, 0x80, 0x00, 0x00, 0x00, 0x00, 0x00, 0xfe, 0x00, 0x00, 0x00, 0xb0, 0x38, 0x00, 0x04, 0x00,
  0x00, 0x41, 0x08, 0x01, 0xc0, 0x60, 0x11, 0xfc, 0x60, 0x00, 0x00, 0xf0, 0x30, 0x02, 0x02, 0x00,
  0x10, 0x80, 0x00, 0x07, 0xe0, 0x00, 0x7c, 0x10, 0x40, 0xc0, 0x01, 0xb0, 0x18, 0x20, 0x00, 0x00,
  0x00, 0x01, 0x00, 0x0d, 0x30, 0x00, 0x6c, 0x30, 0x60, 0xc0, 0x07, 0xf8, 0x30, 0x00, 0x02, 0x00,
  0x20, 0xa0, 0x20, 0x06, 0x70, 0x00, 0xe6, 0x30, 0x60, 0xc0, 0x07, 0xf8, 0x70, 0x80, 0x01, 0x00,
  0x00, 0x00, 0x00, 0x04, 0x60, 0x60, 0x4c, 0x30, 0x6f, 0x87, 0x83, 0x0c, 0x20, 0x00, 0x02, 0x00,
  0x00, 0x40, 0x00, 0x07, 0xf8, 0x60, 0xfc, 0x20, 0x7d, 0xc6, 0xe2, 0x18, 0x60, 0x00, 0x00, 0x00,
  0x00, 0x00, 0x00, 0x0f, 0xfe, 0x60, 0x78, 0x30, 0x60, 0xc6, 0xe0, 0x0c, 0x60, 0x00, 0x41, 0x04,
  0x00, 0x00, 0x00, 0x07, 0x06, 0x40, 0xfa, 0x30, 0xe0, 0x86, 0x30, 0x06, 0x40, 0x49, 0x08, 0x80,
  0x00, 0x00, 0x00, 0x06, 0x04, 0x60, 0xce, 0x30, 0x40, 0xcc, 0x30, 0x00, 0xe0, 0x00, 0x02, 0x40,
  0x00, 0x00, 0x00, 0x06, 0x07, 0x60, 0x87, 0x30, 0xe0, 0xc6, 0x30, 0x00, 0x40, 0x10, 0x01, 0x04,
  0x00, 0x00, 0x00, 0x06, 0x06, 0x60, 0x41, 0x30, 0x40, 0x8e, 0x70, 0x00, 0xc0, 0x02, 0x00, 0x80,
  0x00, 0x00, 0x00, 0x06, 0x0c, 0x60, 0x00, 0x30, 0xc0, 0x04, 0x60, 0x01, 0x80, 0x08, 0x01, 0x00,
  0x00, 0x00, 0x00, 0x06, 0x1c, 0x20, 0x00, 0x00, 0x00, 0x0e, 0xe0, 0x00, 0x00, 0x02, 0x00, 0x02,
  0x00, 0x00, 0x00, 0x06, 0x38, 0x00, 0x00, 0x00, 0x00, 0x0f, 0xc0, 0x00, 0x00, 0x00, 0x42, 0x40,
  0x00, 0x00, 0x00, 0x06, 0x68, 0x00, 0x00, 0x00, 0x00, 0x03, 0x00, 0x00, 0x00, 0x00, 0x00, 0x80,
  0x00, 0x00, 0x00, 0x07, 0xe0, 0x00, 0x00, 0x00, 0x00, 0x00, 0x00, 0x00, 0x00, 0x00, 0x00, 0x00,
  0x00, 0x00, 0x00, 0x07, 0x80, 0x00, 0x00, 0x00, 0x00, 0x00, 0x00, 0x00, 0x00, 0x00, 0x00, 0x00,
  0x00, 0x00, 0x00, 0x02, 0x80, 0x00, 0x00, 0x00, 0x00, 0x00, 0x00, 0x00, 0x00, 0x00, 0x00, 0x00,
  0x00, 0x00, 0x00, 0x00, 0x00, 0x00, 0x60, 0x10, 0x00, 0x00, 0x00, 0x00, 0x00, 0x00, 0x00, 0x80,
  0x00, 0x00, 0x00, 0x00, 0x00, 0x00, 0x40, 0x10, 0x00, 0x00, 0x00, 0x00, 0x00, 0x00, 0x00, 0x00,
  0x00, 0x00, 0x00, 0x00, 0x00, 0x00, 0x00, 0x00, 0x00, 0x00, 0x00, 0x00, 0x00, 0x00, 0x00, 0x00,
  0x00, 0x00, 0x00, 0x00, 0x00, 0x07, 0x00, 0x06, 0x00, 0x00, 0x00, 0x00, 0x00, 0x00, 0x00, 0x00,
  0x00, 0x00, 0x00, 0x00, 0x00, 0x03, 0x00, 0x0e, 0x00, 0x00, 0x00, 0x00, 0x00, 0x00, 0x00, 0x00,
  0x00, 0x00, 0x00, 0x00, 0x00, 0x01, 0xc0, 0x58, 0x00, 0x00, 0x00, 0x00, 0x00, 0x00, 0x00, 0x00,
  0x00, 0x00, 0x00, 0x00, 0x00, 0x00, 0xff, 0xf8, 0x00, 0x00, 0x00, 0x00, 0x00, 0x00, 0x01, 0x00,
  0x00, 0x00, 0x00, 0x00, 0x00, 0x00, 0x3f, 0xa0, 0x00, 0x00, 0x00, 0x00, 0x00, 0x00, 0x00, 0x00,
  0x00, 0x00, 0x00, 0x00, 0x00, 0x00, 0x00, 0x00, 0x00, 0x00, 0x00, 0x00, 0x00, 0x00, 0x00, 0x00
};

const uint8_t PROGMEM frame29[1024] = {
  0x00, 0x00, 0x00, 0x00, 0x00, 0x00, 0x00, 0x00, 0x00, 0x00, 0x00, 0x00, 0x00, 0x00, 0x00, 0x00,
  0x00, 0x00, 0x00, 0x00, 0x00, 0x00, 0x00, 0x00, 0x00, 0x18, 0x00, 0x00, 0x00, 0x00, 0x00, 0x00,
  0x00, 0x00, 0x00, 0x00, 0x00, 0x00, 0x00, 0x00, 0x00, 0x18, 0x00, 0x00, 0x00, 0x00, 0x00, 0x00,
  0x00, 0x00, 0x00, 0x00, 0x00, 0x00, 0x00, 0x00, 0x10, 0x38, 0x00, 0x00, 0x00, 0x00, 0x00, 0x00,
  0x00, 0x00, 0x00, 0x00, 0x00, 0x00, 0x00, 0x00, 0x18, 0x30, 0x00, 0x00, 0x00, 0x00, 0x00, 0x00,
  0x10, 0x00, 0x00, 0x00, 0x00, 0x00, 0x00, 0x00, 0x0c, 0x00, 0x00, 0x00, 0x00, 0x00, 0x00, 0x00,
  0x00, 0x00, 0x00, 0x00, 0x00, 0x00, 0x00, 0x00, 0x00, 0x00, 0x00, 0x00, 0x00, 0x00, 0x00, 0x00,
  0x00, 0x10, 0x00, 0x00, 0x00, 0x00, 0x00, 0x00, 0x01, 0xe0, 0x10, 0x00, 0x00, 0x00, 0x00, 0x00,
  0x00, 0x00, 0x08, 0x00, 0x00, 0x00, 0x00, 0x00, 0x03, 0xf9, 0xf0, 0x00, 0x00, 0x00, 0x00, 0x00,
  0x00, 0x00, 0x00, 0x00, 0x00, 0x00, 0x00, 0x00, 0x07, 0xf1, 0xf0, 0x00, 0x00, 0x00, 0x00, 0x00,
  0x00, 0x20, 0x02, 0x00, 0x00, 0x00, 0x00, 0x00, 0x07, 0xf8, 0x00, 0x00, 0x00, 0x00, 0x00, 0x00,
  0x01, 0x00, 0x08, 0x80, 0x00, 0x00, 0x00, 0x01, 0xe7, 0xf8, 0x00, 0x00, 0x00, 0x00, 0x00, 0x00,
  0x00, 0x00, 0x02, 0x00, 0x00, 0x00, 0x00, 0x01, 0xa3, 0xf0, 0x00, 0x00, 0x00, 0x00, 0x00, 0x00,
  0x00, 0x00, 0x00, 0x00, 0x00, 0x00, 0x00, 0x00, 0x01, 0xa2, 0x00, 0x00, 0x00, 0x00, 0x00, 0x00,
  0x00, 0x00, 0x40, 0x00, 0x00, 0x00, 0x00, 0x00, 0x00, 0x03, 0x00, 0x00, 0x00, 0x00, 0x00, 0x00,
  0x00, 0x00, 0x00, 0x00, 0x00, 0x00, 0x00, 0x00, 0x02, 0x03, 0xc0, 0x00, 0x00, 0x00, 0x20, 0x00,
  0x00, 0x00, 0x10, 0x00, 0x00, 0x00, 0x00, 0x00, 0x07, 0x00, 0xc0, 0x00, 0x00, 0x00, 0x00, 0x00,
  0x00, 0x00, 0x00, 0x00, 0x00, 0x00, 0x00, 0x00, 0x06, 0x00, 0x01, 0x00, 0x00, 0x00, 0x00, 0x00,
  0x00, 0x01, 0x00, 0x20, 0x00, 0x02, 0x00, 0x00, 0x0e, 0x01, 0x03, 0x00, 0x00, 0x20, 0x00, 0x40,
  0x00, 0x00, 0x00, 0x00, 0x0c, 0x06, 0x00, 0x00, 0x00, 0x01, 0x83, 0x00, 0x00, 0x00, 0x00, 0x00,
  0x00, 0x00, 0x01, 0x00, 0x08, 0x02, 0x00, 0x00, 0x00, 0x01, 0xc6, 0x00, 0x00, 0x00, 0x00, 0x00,
  0x01, 0x00, 0x00, 0x94, 0x0c, 0x06, 0x02, 0x01, 0xf0, 0x00, 0x63, 0x00, 0x00, 0x10, 0x04, 0x80,
  0x00, 0x00, 0x00, 0x00, 0x0c, 0x06, 0x07, 0x03, 0xb8, 0x00, 0x76, 0x00, 0x00, 0x04, 0x00, 0x00,
  0x01, 0x02, 0x00, 0x00, 0x08, 0x04, 0x0e, 0x06, 0x18, 0x00, 0x3e, 0x00, 0x00, 0x00, 0x00, 0x00,
  0x00, 0x00, 0x10, 0x00, 0x0c, 0x06, 0x0f, 0x02, 0x0c, 0x00, 0x1c, 0x00, 0x08, 0x00, 0x00, 0x00,
  0x00, 0x00, 0x00, 0x12, 0x0c, 0x7e, 0x0b, 0x83, 0x18, 0xfc, 0x0c, 0x00, 0x00, 0x00, 0x00, 0x00,
  0x01, 0x00, 0x02, 0x00, 0x0f, 0xfe, 0x1d, 0x06, 0x18, 0xfe, 0x0c, 0x00, 0x00, 0x00, 0x00, 0x00,
  0x00, 0x80, 0x00, 0x80, 0x0f, 0x04, 0x7f, 0x83, 0xf0, 0xc6, 0x18, 0x00, 0x03, 0x00, 0x04, 0x00,
  0x00, 0x00, 0x00, 0x00, 0x0c, 0x06, 0x35, 0xc3, 0xd0, 0xc2, 0x18, 0x19, 0x02, 0x00, 0x00, 0x02,
  0x00, 0x80, 0x02, 0x00, 0x08, 0x06, 0x11, 0x83, 0x00, 0xce, 0x18, 0x1c, 0x06, 0x00, 0x00, 0x00,
  0x00, 0x80, 0x00, 0x00, 0x1c, 0x06, 0x00, 0xc1, 0x00, 0x7c, 0x30, 0x0e, 0x03, 0x00, 0x00, 0x00,
  0x00, 0x00, 0x10, 0x00, 0x08, 0x04, 0x00, 0xc3, 0x80, 0xf0, 0x30, 0x06, 0x06, 0x00, 0x04, 0x00,
  0x00, 0x82, 0x08, 0x00, 0x1c, 0x06, 0x00, 0x01, 0x00, 0x40, 0x70, 0x03, 0x16, 0x08, 0x00, 0x00,
  0x00, 0x40, 0x00, 0x10, 0x08, 0x06, 0x00, 0x03, 0x00, 0xe0, 0x20, 0x01, 0x8c, 0x00, 0x00, 0x40,
  0x04, 0x90, 0x01, 0x00, 0x18, 0x06, 0x00, 0x00, 0x80, 0xc0, 0x20, 0x01, 0xcc, 0x00, 0x04, 0x00,
  0x00, 0x40, 0x00, 0x00, 0x18, 0x00, 0x00, 0x00, 0x00, 0x00, 0x00, 0x60, 0xcc, 0x00, 0x00, 0x00,
  0x00, 0x80, 0x00, 0x00, 0x10, 0x00, 0x00, 0x00, 0x00, 0x00, 0x00, 0xe0, 0xec, 0x00, 0x04, 0x00,
  0x00, 0x41, 0x08, 0x00, 0x80, 0x40, 0x70, 0xfe, 0x30, 0x40, 0x01, 0xe0, 0x78, 0x00, 0x02, 0x00,
  0x10, 0x80, 0x00, 0x07, 0xc0, 0x60, 0xf9, 0xf4, 0x70, 0xe0, 0x01, 0xb0, 0x38, 0x08, 0x00, 0x00,
  0x00, 0x01, 0x00, 0x0e, 0xe0, 0x01, 0x8c, 0x10, 0x30, 0x40, 0x01, 0xb0, 0x10, 0x00, 0x02, 0x00,
  0x20, 0xa0, 0x20, 0x04, 0x70, 0x00, 0xdc, 0x30, 0x31, 0x60, 0x0f, 0xf0, 0x38, 0x00, 0x01, 0x00,
  0x00, 0x00, 0x00, 0x0c, 0xc0, 0x01, 0xd8, 0x30, 0x7f, 0xe1, 0x07, 0xf8, 0x30, 0x00, 0x02, 0x00,
  0x00, 0x40, 0x00, 0x0e, 0xf0, 0x60, 0xf0, 0x30, 0x35, 0x47, 0x82, 0x18, 0x30, 0x20, 0x00, 0x00,
  0x00, 0x00, 0x00, 0x07, 0xfc, 0x71, 0xf0, 0x30, 0x60, 0x66, 0xe6, 0x18, 0x20, 0x01, 0x49, 0x04,
  0x00, 0x00, 0x00, 0x0f, 0x0e, 0x21, 0x5c, 0x10, 0x60, 0xc4, 0xe0, 0x0c, 0x60, 0x48, 0x00, 0x80,
  0x00, 0x00, 0x00, 0x06, 0x04, 0x71, 0x9c, 0x30, 0x60, 0x6e, 0x30, 0x08, 0x60, 0x00, 0x02, 0x40,
  0x00, 0x00, 0x00, 0x0e, 0x0e, 0x21, 0x06, 0x38, 0x60, 0xc4, 0x70, 0x00, 0x40, 0x10, 0x09, 0x04,
  0x00, 0x00, 0x00, 0x06, 0x06, 0x70, 0x00, 0x30, 0x50, 0x0e, 0x30, 0x00, 0xe0, 0x02, 0x00, 0x80,
  0x00, 0x00, 0x00, 0x0c, 0x0c, 0x20, 0x00, 0x30, 0x00, 0x04, 0x60, 0x00, 0x80, 0x00, 0x40, 0x00,
  0x00, 0x00, 0x00, 0x06, 0x1c, 0x60, 0x00, 0x38, 0x00, 0x0c, 0xe0, 0x00, 0xc0, 0x0a, 0x01, 0x02,
  0x00, 0x00, 0x00, 0x06, 0x38, 0x20, 0x00, 0x10, 0x00, 0x0f, 0xc0, 0x00, 0x80, 0x00, 0x00, 0x00,
  0x00, 0x00, 0x00, 0x06, 0x70, 0x00, 0x00, 0x00, 0x00, 0x07, 0x40, 0x00, 0x00, 0x00, 0x81, 0x40,
  0x00, 0x00, 0x00, 0x06, 0xe0, 0x00, 0x00, 0x00, 0x00, 0x05, 0x00, 0x00, 0x00, 0x00, 0x00, 0x00,
  0x00, 0x00, 0x00, 0x0f, 0xc0, 0x00, 0x00, 0x00, 0x00, 0x00, 0x00, 0x00, 0x00, 0x00, 0x00, 0x00,
  0x00, 0x00, 0x00, 0x07, 0x00, 0x00, 0x00, 0x00, 0x00, 0x00, 0x00, 0x00, 0x00, 0x00, 0x00, 0x00,
  0x00, 0x00, 0x00, 0x00, 0x00, 0x00, 0x60, 0x10, 0x00, 0x00, 0x00, 0x00, 0x00, 0x00, 0x00, 0x80,
  0x00, 0x00, 0x00, 0x00, 0x00, 0x00, 0x40, 0x10, 0x00, 0x00, 0x00, 0x00, 0x00, 0x00, 0x00, 0x00,
  0x00, 0x00, 0x00, 0x00, 0x00, 0x00, 0x00, 0x00, 0x00, 0x00, 0x00, 0x00, 0x00, 0x00, 0x00, 0x00,
  0x00, 0x00, 0x00, 0x00, 0x00, 0x06, 0x00, 0x06, 0x00, 0x00, 0x00, 0x00, 0x00, 0x00, 0x00, 0x00,
  0x00, 0x00, 0x00, 0x00, 0x00, 0x03, 0x80, 0x0e, 0x00, 0x00, 0x00, 0x00, 0x00, 0x00, 0x00, 0x00,
  0x00, 0x00, 0x00, 0x00, 0x00, 0x01, 0xc0, 0x78, 0x00, 0x00, 0x00, 0x00, 0x00, 0x00, 0x00, 0x00,
  0x00, 0x00, 0x00, 0x00, 0x00, 0x00, 0xff, 0xe8, 0x00, 0x00, 0x00, 0x00, 0x00, 0x00, 0x00, 0x00,
  0x00, 0x00, 0x00, 0x00, 0x00, 0x00, 0x1f, 0xa0, 0x00, 0x00, 0x00, 0x00, 0x00, 0x00, 0x00, 0x00,
  0x00, 0x00, 0x00, 0x00, 0x00, 0x00, 0x00, 0x00, 0x00, 0x00, 0x00, 0x00, 0x00, 0x00, 0x00, 0x00
};

const uint8_t PROGMEM frame30[1024] = {
  0x00, 0x00, 0x00, 0x00, 0x00, 0x00, 0x00, 0x00, 0x00, 0x00, 0x00, 0x00, 0x00, 0x00, 0x00, 0x00,
  0x00, 0x00, 0x00, 0x00, 0x00, 0x00, 0x00, 0x00, 0x00, 0x18, 0x00, 0x00, 0x00, 0x00, 0x00, 0x00,
  0x00, 0x00, 0x00, 0x00, 0x00, 0x00, 0x00, 0x00, 0x00, 0x18, 0x00, 0x00, 0x00, 0x00, 0x00, 0x00,
  0x00, 0x00, 0x00, 0x00, 0x00, 0x00, 0x00, 0x00, 0x10, 0x38, 0x00, 0x00, 0x00, 0x00, 0x00, 0x00,
  0x00, 0x00, 0x00, 0x00, 0x00, 0x00, 0x00, 0x00, 0x18, 0x30, 0x00, 0x00, 0x00, 0x00, 0x00, 0x00,
  0x10, 0x00, 0x00, 0x00, 0x00, 0x00, 0x00, 0x00, 0x0c, 0x00, 0x00, 0x00, 0x00, 0x00, 0x00, 0x00,
  0x00, 0x00, 0x00, 0x00, 0x00, 0x00, 0x00, 0x00, 0x00, 0x00, 0x00, 0x00, 0x00, 0x00, 0x00, 0x00,
  0x00, 0x00, 0x00, 0x00, 0x00, 0x00, 0x00, 0x00, 0x01, 0xe0, 0x10, 0x00, 0x00, 0x00, 0x00, 0x00,
  0x00, 0x10, 0x04, 0x00, 0x00, 0x00, 0x00, 0x00, 0x03, 0xf9, 0xf0, 0x00, 0x00, 0x00, 0x00, 0x00,
  0x00, 0x00, 0x00, 0x00, 0x00, 0x00, 0x00, 0x00, 0x07, 0xf1, 0xf0, 0x00, 0x00, 0x00, 0x00, 0x00,
  0x00, 0x00, 0x02, 0x00, 0x00, 0x00, 0x00, 0x00, 0x07, 0xf8, 0x00, 0x00, 0x00, 0x00, 0x00, 0x00,
  0x00, 0x20, 0x08, 0x80, 0x00, 0x00, 0x00, 0x01, 0xe7, 0xf8, 0x00, 0x00, 0x00, 0x00, 0x00, 0x00,
  0x00, 0x00, 0x00, 0x00, 0x00, 0x00, 0x00, 0x01, 0xa3, 0xf0, 0x00, 0x00, 0x00, 0x00, 0x00, 0x00,
  0x00, 0x00, 0x00, 0x10, 0x00, 0x00, 0x00, 0x00, 0x01, 0xa2, 0x00, 0x00, 0x00, 0x00, 0x00, 0x00,
  0x00, 0x00, 0x00, 0x00, 0x00, 0x00, 0x00, 0x00, 0x00, 0x03, 0x00, 0x00, 0x00, 0x00, 0x00, 0x00,
  0x00, 0x00, 0x00, 0x00, 0x00, 0x00, 0x00, 0x00, 0x02, 0x03, 0xc0, 0x00, 0x00, 0x00, 0x40, 0x00,
  0x00, 0x00, 0x10, 0x00, 0x00, 0x00, 0x00, 0x00, 0x07, 0x00, 0xc0, 0x00, 0x00, 0x00, 0x00, 0x00,
  0x00, 0x00, 0x00, 0x00, 0x00, 0x00, 0x00, 0x00, 0x06, 0x00, 0x01, 0x00, 0x00, 0x00, 0x00, 0x00,
  0x00, 0x00, 0x80, 0x00, 0x00, 0x02, 0x00, 0x00, 0x0e, 0x01, 0x03, 0x00, 0x00, 0x20, 0x00, 0x40,
  0x00, 0x00, 0x00, 0x20, 0x0c, 0x06, 0x00, 0x00, 0x00, 0x01, 0x83, 0x00, 0x00, 0x00, 0x00, 0x00,
  0x00, 0x00, 0x01, 0x08, 0x08, 0x02, 0x00, 0x00, 0x00, 0x01, 0xc6, 0x00, 0x00, 0x00, 0x00, 0x00,
  0x00, 0x00, 0x00, 0x40, 0x0c, 0x06, 0x02, 0x01, 0xf0, 0x00, 0x63, 0x00, 0x00, 0x00, 0x00, 0x00,
  0x00, 0x00, 0x00, 0x04, 0x0c, 0x06, 0x07, 0x03, 0xb8, 0x00, 0x76, 0x00, 0x00, 0x08, 0x00, 0x00,
  0x00, 0x00, 0x00, 0x00, 0x08, 0x04, 0x0e, 0x06, 0x18, 0x00, 0x3e, 0x00, 0x00, 0x00, 0x00, 0x00,
  0x00, 0x11, 0x00, 0x10, 0x0c, 0x06, 0x0f, 0x02, 0x0c, 0x00, 0x1c, 0x00, 0x00, 0x00, 0x00, 0x00,
  0x01, 0x00, 0x08, 0x00, 0x0c, 0x7e, 0x0b, 0x83, 0x18, 0xfc, 0x0c, 0x00, 0x08, 0x00, 0x00, 0x00,
  0x00, 0x80, 0x02, 0x01, 0x0f, 0xfe, 0x1d, 0x06, 0x18, 0xfe, 0x0c, 0x00, 0x00, 0x00, 0x01, 0x00,
  0x00, 0x00, 0x00, 0x00, 0x0f, 0x04, 0x7f, 0x83, 0xf0, 0xc6, 0x18, 0x00, 0x02, 0x00, 0x00, 0x00,
  0x01, 0x00, 0x00, 0x40, 0x0c, 0x06, 0x35, 0xc3, 0xd0, 0xc2, 0x18, 0x1a, 0x03, 0x00, 0x00, 0x02,
  0x00, 0x80, 0x00, 0x00, 0x08, 0x06, 0x11, 0x83, 0x00, 0xce, 0x18, 0x1c, 0x06, 0x00, 0x00, 0x00,
  0x00, 0x80, 0x00, 0x80, 0x1c, 0x06, 0x00, 0xc1, 0x00, 0x7c, 0x30, 0x0c, 0x02, 0x00, 0x00, 0x00,
  0x00, 0x00, 0x00, 0x00, 0x08, 0x04, 0x00, 0xc3, 0x80, 0xf0, 0x30, 0x07, 0x06, 0x00, 0x00, 0x00,
  0x00, 0x80, 0x08, 0x00, 0x1c, 0x06, 0x00, 0x01, 0x00, 0x40, 0x70, 0x03, 0x0e, 0x10, 0x00, 0x00,
  0x00, 0x00, 0x02, 0x00, 0x08, 0x06, 0x00, 0x03, 0x00, 0xe0, 0x20, 0x01, 0xaa, 0x00, 0x04, 0x00,
  0x04, 0xa1, 0x00, 0x00, 0x18, 0x06, 0x00, 0x00, 0x80, 0xc0, 0x20, 0x01, 0xcc, 0x00, 0x00, 0x04,
  0x00, 0x00, 0x00, 0x00, 0x18, 0x00, 0x00, 0x00, 0x00, 0x00, 0x00, 0x60, 0xcc, 0x00, 0x02, 0x00,
  0x00, 0xa0, 0x00, 0x00, 0x10, 0x00, 0x00, 0x00, 0x00, 0x00, 0x00, 0xe0, 0xe8, 0x00, 0x00, 0x00,
  0x00, 0x81, 0x00, 0x01, 0x00, 0x40, 0x70, 0xfe, 0x30, 0x40, 0x01, 0xe0, 0x38, 0x02, 0x02, 0x00,
  0x00, 0x40, 0x04, 0x07, 0xe0, 0x60, 0xf9, 0xf4, 0x70, 0xe0, 0x01, 0xb0, 0x38, 0x00, 0x02, 0x00,
  0x20, 0x00, 0x00, 0x0e, 0xe0, 0x01, 0x8c, 0x10, 0x30, 0x40, 0x01, 0xb0, 0x18, 0x10, 0x01, 0x00,
  0x00, 0x80, 0x40, 0x08, 0x60, 0x00, 0xdc, 0x30, 0x31, 0x60, 0x0f, 0xf0, 0x31, 0x00, 0x02, 0x00,
  0x00, 0x20, 0x00, 0x0e, 0x60, 0x01, 0xd8, 0x30, 0x7f, 0xe1, 0x07, 0xf8, 0x30, 0x00, 0x00, 0x00,
  0x20, 0x80, 0x00, 0x05, 0xf0, 0x60, 0xf0, 0x30, 0x35, 0x47, 0x82, 0x18, 0x32, 0x00, 0x01, 0x00,
  0x00, 0x00, 0x00, 0x0f, 0xfc, 0x71, 0xf0, 0x30, 0x60, 0x66, 0xe6, 0x18, 0x60, 0x00, 0x00, 0x40,
  0x00, 0x00, 0x00, 0x0f, 0x0e, 0x21, 0x5c, 0x10, 0x60, 0xc4, 0xe0, 0x0c, 0x20, 0x09, 0x09, 0x04,
  0x00, 0x00, 0x00, 0x06, 0x04, 0x71, 0x9c, 0x30, 0x60, 0x6e, 0x30, 0x08, 0x60, 0x00, 0x02, 0x00,
  0x00, 0x00, 0x00, 0x0e, 0x06, 0x21, 0x06, 0x38, 0x60, 0xc4, 0x70, 0x00, 0x60, 0x10, 0x09, 0x20,
  0x00, 0x00, 0x00, 0x06, 0x0e, 0x70, 0x00, 0x30, 0x50, 0x0e, 0x30, 0x00, 0xc0, 0x00, 0x00, 0x80,
  0x00, 0x00, 0x00, 0x0c, 0x0c, 0x20, 0x00, 0x30, 0x00, 0x04, 0x60, 0x00, 0xc0, 0x22, 0x40, 0x02,
  0x00, 0x00, 0x00, 0x06, 0x1c, 0x60, 0x00, 0x38, 0x00, 0x0c, 0xe0, 0x00, 0x80, 0x00, 0x00, 0x80,
  0x00, 0x00, 0x00, 0x06, 0x38, 0x20, 0x00, 0x10, 0x00, 0x0f, 0xc0, 0x00, 0xc0, 0x04, 0x00, 0x00,
  0x00, 0x00, 0x00, 0x06, 0x70, 0x00, 0x00, 0x00, 0x00, 0x07, 0x40, 0x00, 0x00, 0x00, 0x81, 0x00,
  0x00, 0x00, 0x00, 0x0e, 0xe0, 0x00, 0x00, 0x00, 0x00, 0x05, 0x00, 0x00, 0x00, 0x02, 0x00, 0x80,
  0x00, 0x00, 0x00, 0x07, 0x80, 0x00, 0x00, 0x00, 0x00, 0x00, 0x00, 0x00, 0x00, 0x00, 0x00, 0x00,
  0x00, 0x00, 0x00, 0x07, 0x00, 0x00, 0x00, 0x00, 0x00, 0x00, 0x00, 0x00, 0x00, 0x00, 0x00, 0x00,
  0x00, 0x00, 0x00, 0x00, 0x00, 0x00, 0x60, 0x10, 0x00, 0x00, 0x00, 0x00, 0x00, 0x00, 0x00, 0x80,
  0x00, 0x00, 0x00, 0x00, 0x00, 0x00, 0x40, 0x10, 0x00, 0x00, 0x00, 0x00, 0x00, 0x00, 0x00, 0x00,
  0x00, 0x00, 0x00, 0x00, 0x00, 0x00, 0x00, 0x00, 0x00, 0x00, 0x00, 0x00, 0x00, 0x00, 0x00, 0x00,
  0x00, 0x00, 0x00, 0x00, 0x00, 0x06, 0x00, 0x06, 0x00, 0x00, 0x00, 0x00, 0x00, 0x00, 0x00, 0x00,
  0x00, 0x00, 0x00, 0x00, 0x00, 0x03, 0x80, 0x0e, 0x00, 0x00, 0x00, 0x00, 0x00, 0x00, 0x00, 0x00,
  0x00, 0x00, 0x00, 0x00, 0x00, 0x01, 0xc0, 0x78, 0x00, 0x00, 0x00, 0x00, 0x00, 0x00, 0x00, 0x00,
  0x00, 0x00, 0x00, 0x00, 0x00, 0x00, 0xff, 0xe8, 0x00, 0x00, 0x00, 0x00, 0x00, 0x00, 0x00, 0x00,
  0x00, 0x00, 0x00, 0x00, 0x00, 0x00, 0x1f, 0x80, 0x00, 0x00, 0x00, 0x00, 0x00, 0x00, 0x00, 0x00,
  0x00, 0x00, 0x00, 0x00, 0x00, 0x00, 0x00, 0x00, 0x00, 0x00, 0x00, 0x00, 0x00, 0x00, 0x00, 0x00
};

const uint8_t PROGMEM frame31[1024] = {
  0x00, 0x00, 0x00, 0x00, 0x00, 0x00, 0x00, 0x00, 0x00, 0x00, 0x00, 0x00, 0x00, 0x00, 0x00, 0x00,
  0x00, 0x00, 0x00, 0x00, 0x00, 0x00, 0x00, 0x00, 0x00, 0x18, 0x00, 0x00, 0x00, 0x00, 0x00, 0x00,
  0x00, 0x00, 0x00, 0x00, 0x00, 0x00, 0x00, 0x00, 0x00, 0x18, 0x00, 0x00, 0x00, 0x00, 0x00, 0x00,
  0x00, 0x00, 0x00, 0x00, 0x00, 0x00, 0x00, 0x00, 0x10, 0x38, 0x00, 0x00, 0x00, 0x00, 0x00, 0x00,
  0x00, 0x00, 0x00, 0x00, 0x00, 0x00, 0x00, 0x00, 0x18, 0x30, 0x00, 0x00, 0x00, 0x00, 0x00, 0x00,
  0x10, 0x00, 0x00, 0x00, 0x00, 0x00, 0x00, 0x00, 0x0c, 0x00, 0x00, 0x00, 0x00, 0x00, 0x00, 0x00,
  0x00, 0x00, 0x00, 0x00, 0x00, 0x00, 0x00, 0x00, 0x00, 0x00, 0x00, 0x00, 0x00, 0x00, 0x00, 0x00,
  0x00, 0x00, 0x00, 0x00, 0x00, 0x00, 0x00, 0x00, 0x01, 0xe0, 0x10, 0x00, 0x00, 0x00, 0x00, 0x00,
  0x00, 0x10, 0x04, 0x00, 0x00, 0x00, 0x00, 0x00, 0x03, 0xf9, 0xf0, 0x00, 0x00, 0x00, 0x00, 0x00,
  0x00, 0x00, 0x00, 0x00, 0x00, 0x00, 0x00, 0x00, 0x07, 0xf1, 0xf0, 0x00, 0x00, 0x00, 0x00, 0x00,
  0x00, 0x00, 0x02, 0x00, 0x00, 0x00, 0x00, 0x00, 0x07, 0xf8, 0x00, 0x00, 0x00, 0x00, 0x00, 0x00,
  0x00, 0x20, 0x08, 0x80, 0x00, 0x00, 0x00, 0x01, 0xe7, 0xf8, 0x00, 0x00, 0x00, 0x00, 0x00, 0x00,
  0x00, 0x00, 0x00, 0x00, 0x00, 0x00, 0x00, 0x01, 0xa3, 0xf0, 0x00, 0x00, 0x00, 0x00, 0x00, 0x00,
  0x00, 0x00, 0x00, 0x10, 0x00, 0x00, 0x00, 0x00, 0x01, 0xa2, 0x00, 0x00, 0x00, 0x00, 0x00, 0x00,
  0x00, 0x00, 0x00, 0x00, 0x00, 0x00, 0x00, 0x00, 0x00, 0x03, 0x00, 0x00, 0x00, 0x00, 0x00, 0x00,
  0x00, 0x00, 0x00, 0x00, 0x00, 0x00, 0x00, 0x00, 0x02, 0x03, 0xc0, 0x00, 0x00, 0x00, 0x40, 0x00,
  0x00, 0x00, 0x10, 0x00, 0x00, 0x00, 0x00, 0x00, 0x07, 0x00, 0xc0, 0x00, 0x00, 0x00, 0x00, 0x00,
  0x00, 0x00, 0x00, 0x00, 0x00, 0x00, 0x00, 0x00, 0x06, 0x00, 0x01, 0x00, 0x00, 0x00, 0x00, 0x00,
  0x00, 0x00, 0x80, 0x00, 0x00, 0x02, 0x00, 0x00, 0x0e, 0x01, 0x03, 0x00, 0x00, 0x20, 0x00, 0x40,
  0x00, 0x00, 0x00, 0x20, 0x0c, 0x06, 0x00, 0x00, 0x00, 0x01, 0x83, 0x00, 0x00, 0x00, 0x00, 0x00,
  0x00, 0x00, 0x01, 0x08, 0x08, 0x02, 0x00, 0x00, 0x00, 0x01, 0xc6, 0x00, 0x00, 0x00, 0x00, 0x00,
  0x00, 0x00, 0x00, 0x40, 0x0c, 0x06, 0x02, 0x01, 0xf0, 0x00, 0x63, 0x00, 0x00, 0x00, 0x00, 0x00,
  0x00, 0x00, 0x00, 0x04, 0x0c, 0x06, 0x07, 0x03, 0xb8, 0x00, 0x76, 0x00, 0x00, 0x08, 0x00, 0x00,
  0x00, 0x00, 0x00, 0x00, 0x08, 0x04, 0x0e, 0x06, 0x18, 0x00, 0x3e, 0x00, 0x00, 0x00, 0x00, 0x00,
  0x00, 0x11, 0x00, 0x10, 0x0c, 0x06, 0x0f, 0x02, 0x0c, 0x00, 0x1c, 0x00, 0x00, 0x00, 0x00, 0x00,
  0x01, 0x00, 0x08, 0x00, 0x0c, 0x7e, 0x0b, 0x83, 0x18, 0xfc, 0x0c, 0x00, 0x08, 0x00, 0x00, 0x00,
  0x00, 0x80, 0x02, 0x01, 0x0f, 0xfe, 0x1d, 0x06, 0x18, 0xfe, 0x0c, 0x00, 0x00, 0x00, 0x01, 0x00,
  0x00, 0x00, 0x00, 0x00, 0x0f, 0x04, 0x7f, 0x83, 0xf0, 0xc6, 0x18, 0x00, 0x02, 0x00, 0x00, 0x00,
  0x01, 0x00, 0x00, 0x40, 0x0c, 0x06, 0x35, 0xc3, 0xd0, 0xc2, 0x18, 0x1a, 0x03, 0x00, 0x00, 0x02,
  0x00, 0x80, 0x00, 0x00, 0x08, 0x06, 0x11, 0x83, 0x00, 0xce, 0x18, 0x1c, 0x06, 0x00, 0x00, 0x00,
  0x00, 0x80, 0x00, 0x80, 0x1c, 0x06, 0x00, 0xc1, 0x00, 0x7c, 0x30, 0x0c, 0x02, 0x00, 0x00, 0x00,
  0x00, 0x00, 0x00, 0x00, 0x08, 0x04, 0x00, 0xc3, 0x80, 0xf0, 0x30, 0x07, 0x06, 0x00, 0x00, 0x00,
  0x00, 0x80, 0x08, 0x00, 0x1c, 0x06, 0x00, 0x01, 0x00, 0x40, 0x70, 0x03, 0x0e, 0x10, 0x00, 0x00,
  0x00, 0x00, 0x02, 0x00, 0x08, 0x06, 0x00, 0x03, 0x00, 0xe0, 0x20, 0x01, 0xaa, 0x00, 0x04, 0x00,
  0x04, 0xa1, 0x00, 0x00, 0x18, 0x06, 0x00, 0x00, 0x80, 0xc0, 0x20, 0x01, 0xcc, 0x00, 0x00, 0x04,
  0x00, 0x00, 0x00, 0x00, 0x18, 0x00, 0x00, 0x00, 0x00, 0x00, 0x00, 0x60, 0xcc, 0x00, 0x02, 0x00,
  0x00, 0xa0, 0x00, 0x00, 0x10, 0x00, 0x00, 0x00, 0x00, 0x00, 0x00, 0xe0, 0xe8, 0x00, 0x00, 0x00,
  0x00, 0x81, 0x00, 0x01, 0x00, 0x40, 0x70, 0xfe, 0x30, 0x40, 0x01, 0xe0, 0x38, 0x02, 0x02, 0x00,
  0x00, 0x40, 0x04, 0x07, 0xe0, 0x60, 0xf9, 0xf4, 0x70, 0xe0, 0x01, 0xb0, 0x38, 0x00, 0x02, 0x00,
  0x20, 0x00, 0x00, 0x0e, 0xe0, 0x01, 0x8c, 0x10, 0x30, 0x40, 0x01, 0xb0, 0x18, 0x10, 0x01, 0x00,
  0x00, 0x80, 0x40, 0x08, 0x60, 0x00, 0xdc, 0x30, 0x31, 0x60, 0x0f, 0xf0, 0x31, 0x00, 0x02, 0x00,
  0x00, 0x20, 0x00, 0x0e, 0x60, 0x01, 0xd8, 0x30, 0x7f, 0xe1, 0x07, 0xf8, 0x30, 0x00, 0x00, 0x00,
  0x20, 0x80, 0x00, 0x05, 0xf0, 0x60, 0xf0, 0x30, 0x35, 0x47, 0x82, 0x18, 0x32, 0x00, 0x01, 0x00,
  0x00, 0x00, 0x00, 0x0f, 0xfc, 0x71, 0xf0, 0x30, 0x60, 0x66, 0xe6, 0x18, 0x60, 0x00, 0x00, 0x40,
  0x00, 0x00, 0x00, 0x0f, 0x0e, 0x21, 0x5c, 0x10, 0x60, 0xc4, 0xe0, 0x0c, 0x20, 0x09, 0x09, 0x04,
  0x00, 0x00, 0x00, 0x06, 0x04, 0x71, 0x9c, 0x30, 0x60, 0x6e, 0x30, 0x08, 0x60, 0x00, 0x02, 0x00,
  0x00, 0x00, 0x00, 0x0e, 0x06, 0x21, 0x06, 0x38, 0x60, 0xc4, 0x70, 0x00, 0x60, 0x10, 0x09, 0x20,
  0x00, 0x00, 0x00, 0x06, 0x0e, 0x70, 0x00, 0x30, 0x50, 0x0e, 0x30, 0x00, 0xc0, 0x00, 0x00, 0x80,
  0x00, 0x00, 0x00, 0x0c, 0x0c, 0x20, 0x00, 0x30, 0x00, 0x04, 0x60, 0x00, 0xc0, 0x22, 0x40, 0x02,
  0x00, 0x00, 0x00, 0x06, 0x1c, 0x60, 0x00, 0x38, 0x00, 0x0c, 0xe0, 0x00, 0x80, 0x00, 0x00, 0x80,
  0x00, 0x00, 0x00, 0x06, 0x38, 0x20, 0x00, 0x10, 0x00, 0x0f, 0xc0, 0x00, 0xc0, 0x04, 0x00, 0x00,
  0x00, 0x00, 0x00, 0x06, 0x70, 0x00, 0x00, 0x00, 0x00, 0x07, 0x40, 0x00, 0x00, 0x00, 0x81, 0x00,
  0x00, 0x00, 0x00, 0x0e, 0xe0, 0x00, 0x00, 0x00, 0x00, 0x05, 0x00, 0x00, 0x00, 0x02, 0x00, 0x80,
  0x00, 0x00, 0x00, 0x07, 0x80, 0x00, 0x00, 0x00, 0x00, 0x00, 0x00, 0x00, 0x00, 0x00, 0x00, 0x00,
  0x00, 0x00, 0x00, 0x07, 0x00, 0x00, 0x00, 0x00, 0x00, 0x00, 0x00, 0x00, 0x00, 0x00, 0x00, 0x00,
  0x00, 0x00, 0x00, 0x00, 0x00, 0x00, 0x60, 0x10, 0x00, 0x00, 0x00, 0x00, 0x00, 0x00, 0x00, 0x80,
  0x00, 0x00, 0x00, 0x00, 0x00, 0x00, 0x40, 0x10, 0x00, 0x00, 0x00, 0x00, 0x00, 0x00, 0x00, 0x00,
  0x00, 0x00, 0x00, 0x00, 0x00, 0x00, 0x00, 0x00, 0x00, 0x00, 0x00, 0x00, 0x00, 0x00, 0x00, 0x00,
  0x00, 0x00, 0x00, 0x00, 0x00, 0x06, 0x00, 0x06, 0x00, 0x00, 0x00, 0x00, 0x00, 0x00, 0x00, 0x00,
  0x00, 0x00, 0x00, 0x00, 0x00, 0x03, 0x80, 0x0e, 0x00, 0x00, 0x00, 0x00, 0x00, 0x00, 0x00, 0x00,
  0x00, 0x00, 0x00, 0x00, 0x00, 0x01, 0xc0, 0x78, 0x00, 0x00, 0x00, 0x00, 0x00, 0x00, 0x00, 0x00,
  0x00, 0x00, 0x00, 0x00, 0x00, 0x00, 0xff, 0xe8, 0x00, 0x00, 0x00, 0x00, 0x00, 0x00, 0x00, 0x00,
  0x00, 0x00, 0x00, 0x00, 0x00, 0x00, 0x1f, 0x80, 0x00, 0x00, 0x00, 0x00, 0x00, 0x00, 0x00, 0x00,
  0x00, 0x00, 0x00, 0x00, 0x00, 0x00, 0x00, 0x00, 0x00, 0x00, 0x00, 0x00, 0x00, 0x00, 0x00, 0x00
};

const uint8_t PROGMEM frame32[1024] = {
  0x00, 0x00, 0x00, 0x00, 0x00, 0x00, 0x00, 0x00, 0x00, 0x00, 0x00, 0x00, 0x00, 0x00, 0x00, 0x00,
  0x00, 0x00, 0x00, 0x00, 0x00, 0x00, 0x00, 0x00, 0x00, 0x18, 0x00, 0x00, 0x00, 0x00, 0x00, 0x00,
  0x00, 0x00, 0x00, 0x00, 0x00, 0x00, 0x00, 0x00, 0x00, 0x18, 0x00, 0x00, 0x00, 0x00, 0x00, 0x00,
  0x00, 0x00, 0x00, 0x00, 0x00, 0x00, 0x00, 0x00, 0x10, 0x38, 0x00, 0x00, 0x00, 0x00, 0x00, 0x00,
  0x00, 0x00, 0x00, 0x00, 0x00, 0x00, 0x00, 0x00, 0x18, 0x30, 0x00, 0x00, 0x00, 0x00, 0x00, 0x00,
  0x10, 0x00, 0x00, 0x00, 0x00, 0x00, 0x00, 0x00, 0x0c, 0x00, 0x00, 0x00, 0x00, 0x00, 0x00, 0x00,
  0x00, 0x00, 0x00, 0x00, 0x00, 0x00, 0x00, 0x00, 0x00, 0x00, 0x00, 0x00, 0x00, 0x00, 0x00, 0x00,
  0x00, 0x00, 0x00, 0x00, 0x00, 0x00, 0x00, 0x00, 0x01, 0xe0, 0x10, 0x00, 0x00, 0x00, 0x00, 0x00,
  0x00, 0x10, 0x04, 0x00, 0x00, 0x00, 0x00, 0x00, 0x03, 0xf9, 0xf0, 0x00, 0x00, 0x00, 0x00, 0x00,
  0x00, 0x00, 0x00, 0x00, 0x00, 0x00, 0x00, 0x00, 0x07, 0xf1, 0xf0, 0x00, 0x00, 0x00, 0x00, 0x00,
  0x00, 0x00, 0x02, 0x00, 0x00, 0x00, 0x00, 0x00, 0x07, 0xf8, 0x00, 0x00, 0x00, 0x00, 0x00, 0x00,
  0x00, 0x20, 0x08, 0x80, 0x00, 0x00, 0x00, 0x01, 0xe7, 0xf8, 0x00, 0x00, 0x00, 0x00, 0x00, 0x00,
  0x00, 0x00, 0x00, 0x00, 0x00, 0x00, 0x00, 0x01, 0xa3, 0xf0, 0x00, 0x00, 0x00, 0x00, 0x00, 0x00,
  0x00, 0x00, 0x00, 0x10, 0x00, 0x00, 0x00, 0x00, 0x01, 0xa2, 0x00, 0x00, 0x00, 0x00, 0x00, 0x00,
  0x00, 0x00, 0x00, 0x00, 0x00, 0x00, 0x00, 0x00, 0x00, 0x03, 0x00, 0x00, 0x00, 0x00, 0x00, 0x00,
  0x00, 0x00, 0x00, 0x00, 0x00, 0x00, 0x00, 0x00, 0x02, 0x03, 0xc0, 0x00, 0x00, 0x00, 0x40, 0x00,
  0x00, 0x00, 0x10, 0x00, 0x00, 0x00, 0x00, 0x00, 0x07, 0x00, 0xc0, 0x00, 0x00, 0x00, 0x00, 0x00,
  0x00, 0x00, 0x00, 0x00, 0x00, 0x00, 0x00, 0x00, 0x06, 0x00, 0x01, 0x00, 0x00, 0x00, 0x00, 0x00,
  0x00, 0x00, 0x80, 0x00, 0x00, 0x02, 0x00, 0x00, 0x0e, 0x01, 0x03, 0x00, 0x00, 0x20, 0x00, 0x40,
  0x00, 0x00, 0x00, 0x20, 0x0c, 0x06, 0x00, 0x00, 0x00, 0x01, 0x83, 0x00, 0x00, 0x00, 0x00, 0x00,
  0x00, 0x00, 0x01, 0x08, 0x08, 0x02, 0x00, 0x00, 0x00, 0x01, 0xc6, 0x00, 0x00, 0x00, 0x00, 0x00,
  0x00, 0x00, 0x00, 0x40, 0x0c, 0x06, 0x02, 0x01, 0xf0, 0x00, 0x63, 0x00, 0x00, 0x00, 0x00, 0x00,
  0x00, 0x00, 0x00, 0x04, 0x0c, 0x06, 0x07, 0x03, 0xb8, 0x00, 0x76, 0x00, 0x00, 0x08, 0x00, 0x00,
  0x00, 0x00, 0x00, 0x00, 0x08, 0x04, 0x0e, 0x06, 0x18, 0x00, 0x3e, 0x00, 0x00, 0x00, 0x00, 0x00,
  0x00, 0x11, 0x00, 0x10, 0x0c, 0x06, 0x0f, 0x02, 0x0c, 0x00, 0x1c, 0x00, 0x00, 0x00, 0x00, 0x00,
  0x01, 0x00, 0x08, 0x00, 0x0c, 0x7e, 0x0b, 0x83, 0x18, 0xfc, 0x0c, 0x00, 0x08, 0x00, 0x00, 0x00,
  0x00, 0x80, 0x02, 0x01, 0x0f, 0xfe, 0x1d, 0x06, 0x18, 0xfe, 0x0c, 0x00, 0x00, 0x00, 0x01, 0x00,
  0x00, 0x00, 0x00, 0x00, 0x0f, 0x04, 0x7f, 0x83, 0xf0, 0xc6, 0x18, 0x00, 0x02, 0x00, 0x00, 0x00,
  0x01, 0x00, 0x00, 0x40, 0x0c, 0x06, 0x35, 0xc3, 0xd0, 0xc2, 0x18, 0x1a, 0x03, 0x00, 0x00, 0x02,
  0x00, 0x80, 0x00, 0x00, 0x08, 0x06, 0x11, 0x83, 0x00, 0xce, 0x18, 0x1c, 0x06, 0x00, 0x00, 0x00,
  0x00, 0x80, 0x00, 0x80, 0x1c, 0x06, 0x00, 0xc1, 0x00, 0x7c, 0x30, 0x0c, 0x02, 0x00, 0x00, 0x00,
  0x00, 0x00, 0x00, 0x00, 0x08, 0x04, 0x00, 0xc3, 0x80, 0xf0, 0x30, 0x07, 0x06, 0x00, 0x00, 0x00,
  0x00, 0x80, 0x08, 0x00, 0x1c, 0x06, 0x00, 0x01, 0x00, 0x40, 0x70, 0x03, 0x0e, 0x10, 0x00, 0x00,
  0x00, 0x00, 0x02, 0x00, 0x08, 0x06, 0x00, 0x03, 0x00, 0xe0, 0x20, 0x01, 0xaa, 0x00, 0x04, 0x00,
  0x04, 0xa1, 0x00, 0x00, 0x18, 0x06, 0x00, 0x00, 0x80, 0xc0, 0x20, 0x01, 0xcc, 0x00, 0x00, 0x04,
  0x00, 0x00, 0x00, 0x00, 0x18, 0x00, 0x00, 0x00, 0x00, 0x00, 0x00, 0x60, 0xcc, 0x00, 0x02, 0x00,
  0x00, 0xa0, 0x00, 0x00, 0x10, 0x00, 0x00, 0x00, 0x00, 0x00, 0x00, 0xe0, 0xe8, 0x00, 0x00, 0x00,
  0x00, 0x81, 0x00, 0x01, 0x00, 0x40, 0x70, 0xfe, 0x30, 0x40, 0x01, 0xe0, 0x38, 0x02, 0x02, 0x00,
  0x00, 0x40, 0x04, 0x07, 0xe0, 0x60, 0xf9, 0xf4, 0x70, 0xe0, 0x01, 0xb0, 0x38, 0x00, 0x02, 0x00,
  0x20, 0x00, 0x00, 0x0e, 0xe0, 0x01, 0x8c, 0x10, 0x30, 0x40, 0x01, 0xb0, 0x18, 0x10, 0x01, 0x00,
  0x00, 0x80, 0x40, 0x08, 0x60, 0x00, 0xdc, 0x30, 0x31, 0x60, 0x0f, 0xf0, 0x31, 0x00, 0x02, 0x00,
  0x00, 0x20, 0x00, 0x0e, 0x60, 0x01, 0xd8, 0x30, 0x7f, 0xe1, 0x07, 0xf8, 0x30, 0x00, 0x00, 0x00,
  0x20, 0x80, 0x00, 0x05, 0xf0, 0x60, 0xf0, 0x30, 0x35, 0x47, 0x82, 0x18, 0x32, 0x00, 0x01, 0x00,
  0x00, 0x00, 0x00, 0x0f, 0xfc, 0x71, 0xf0, 0x30, 0x60, 0x66, 0xe6, 0x18, 0x60, 0x00, 0x00, 0x40,
  0x00, 0x00, 0x00, 0x0f, 0x0e, 0x21, 0x5c, 0x10, 0x60, 0xc4, 0xe0, 0x0c, 0x20, 0x09, 0x09, 0x04,
  0x00, 0x00, 0x00, 0x06, 0x04, 0x71, 0x9c, 0x30, 0x60, 0x6e, 0x30, 0x08, 0x60, 0x00, 0x02, 0x00,
  0x00, 0x00, 0x00, 0x0e, 0x06, 0x21, 0x06, 0x38, 0x60, 0xc4, 0x70, 0x00, 0x60, 0x10, 0x09, 0x20,
  0x00, 0x00, 0x00, 0x06, 0x0e, 0x70, 0x00, 0x30, 0x50, 0x0e, 0x30, 0x00, 0xc0, 0x00, 0x00, 0x80,
  0x00, 0x00, 0x00, 0x0c, 0x0c, 0x20, 0x00, 0x30, 0x00, 0x04, 0x60, 0x00, 0xc0, 0x22, 0x40, 0x02,
  0x00, 0x00, 0x00, 0x06, 0x1c, 0x60, 0x00, 0x38, 0x00, 0x0c, 0xe0, 0x00, 0x80, 0x00, 0x00, 0x80,
  0x00, 0x00, 0x00, 0x06, 0x38, 0x20, 0x00, 0x10, 0x00, 0x0f, 0xc0, 0x00, 0xc0, 0x04, 0x00, 0x00,
  0x00, 0x00, 0x00, 0x06, 0x70, 0x00, 0x00, 0x00, 0x00, 0x07, 0x40, 0x00, 0x00, 0x00, 0x81, 0x00,
  0x00, 0x00, 0x00, 0x0e, 0xe0, 0x00, 0x00, 0x00, 0x00, 0x05, 0x00, 0x00, 0x00, 0x02, 0x00, 0x80,
  0x00, 0x00, 0x00, 0x07, 0x80, 0x00, 0x00, 0x00, 0x00, 0x00, 0x00, 0x00, 0x00, 0x00, 0x00, 0x00,
  0x00, 0x00, 0x00, 0x07, 0x00, 0x00, 0x00, 0x00, 0x00, 0x00, 0x00, 0x00, 0x00, 0x00, 0x00, 0x00,
  0x00, 0x00, 0x00, 0x00, 0x00, 0x00, 0x60, 0x10, 0x00, 0x00, 0x00, 0x00, 0x00, 0x00, 0x00, 0x80,
  0x00, 0x00, 0x00, 0x00, 0x00, 0x00, 0x40, 0x10, 0x00, 0x00, 0x00, 0x00, 0x00, 0x00, 0x00, 0x00,
  0x00, 0x00, 0x00, 0x00, 0x00, 0x00, 0x00, 0x00, 0x00, 0x00, 0x00, 0x00, 0x00, 0x00, 0x00, 0x00,
  0x00, 0x00, 0x00, 0x00, 0x00, 0x06, 0x00, 0x06, 0x00, 0x00, 0x00, 0x00, 0x00, 0x00, 0x00, 0x00,
  0x00, 0x00, 0x00, 0x00, 0x00, 0x03, 0x80, 0x0e, 0x00, 0x00, 0x00, 0x00, 0x00, 0x00, 0x00, 0x00,
  0x00, 0x00, 0x00, 0x00, 0x00, 0x01, 0xc0, 0x78, 0x00, 0x00, 0x00, 0x00, 0x00, 0x00, 0x00, 0x00,
  0x00, 0x00, 0x00, 0x00, 0x00, 0x00, 0xff, 0xe8, 0x00, 0x00, 0x00, 0x00, 0x00, 0x00, 0x00, 0x00,
  0x00, 0x00, 0x00, 0x00, 0x00, 0x00, 0x1f, 0x80, 0x00, 0x00, 0x00, 0x00, 0x00, 0x00, 0x00, 0x00,
  0x00, 0x00, 0x00, 0x00, 0x00, 0x00, 0x00, 0x00, 0x00, 0x00, 0x00, 0x00, 0x00, 0x00, 0x00, 0x00
};

const uint8_t PROGMEM frame33[1024] = {
  0x00, 0x00, 0x00, 0x00, 0x00, 0x00, 0x00, 0x00, 0x00, 0x00, 0x00, 0x00, 0x00, 0x00, 0x00, 0x00,
  0x00, 0x00, 0x00, 0x00, 0x00, 0x00, 0x00, 0x00, 0x00, 0x18, 0x00, 0x00, 0x00, 0x00, 0x00, 0x00,
  0x00, 0x00, 0x00, 0x00, 0x00, 0x00, 0x00, 0x00, 0x00, 0x18, 0x00, 0x00, 0x00, 0x00, 0x00, 0x00,
  0x00, 0x00, 0x00, 0x00, 0x00, 0x00, 0x00, 0x00, 0x10, 0x38, 0x00, 0x00, 0x00, 0x00, 0x00, 0x00,
  0x20, 0x00, 0x00, 0x00, 0x00, 0x00, 0x00, 0x00, 0x18, 0x30, 0x00, 0x00, 0x00, 0x00, 0x00, 0x00,
  0x00, 0x00, 0x00, 0x00, 0x00, 0x00, 0x00, 0x00, 0x0c, 0x00, 0x00, 0x00, 0x00, 0x00, 0x00, 0x00,
  0x00, 0x00, 0x00, 0x00, 0x00, 0x00, 0x00, 0x00, 0x00, 0x00, 0x00, 0x00, 0x00, 0x00, 0x00, 0x00,
  0x00, 0x00, 0x00, 0x00, 0x00, 0x00, 0x00, 0x00, 0x01, 0xe0, 0x10, 0x00, 0x00, 0x00, 0x00, 0x00,
  0x00, 0x90, 0x08, 0x00, 0x00, 0x00, 0x00, 0x00, 0x03, 0xf9, 0xf0, 0x00, 0x00, 0x00, 0x00, 0x00,
  0x00, 0x00, 0x00, 0x00, 0x00, 0x00, 0x00, 0x00, 0x07, 0xf1, 0xf0, 0x00, 0x00, 0x00, 0x00, 0x00,
  0x00, 0x00, 0x01, 0x00, 0x00, 0x00, 0x00, 0x00, 0x07, 0xf8, 0x00, 0x00, 0x00, 0x00, 0x00, 0x00,
  0x00, 0x00, 0x08, 0xa0, 0x00, 0x00, 0x00, 0x01, 0xe7, 0xf8, 0x00, 0x00, 0x00, 0x00, 0x00, 0x00,
  0x00, 0x00, 0x02, 0x00, 0x00, 0x00, 0x00, 0x01, 0xa3, 0xf0, 0x00, 0x00, 0x00, 0x00, 0x00, 0x00,
  0x00, 0x00, 0x00, 0x28, 0x00, 0x00, 0x00, 0x00, 0x01, 0xa2, 0x00, 0x00, 0x00, 0x00, 0x40, 0x00,
  0x00, 0x00, 0x00, 0x00, 0x00, 0x00, 0x00, 0x00, 0x00, 0x03, 0x00, 0x00, 0x00, 0x00, 0x00, 0x00,
  0x00, 0x00, 0x00, 0x00, 0x00, 0x00, 0x00, 0x00, 0x02, 0x03, 0xc0, 0x00, 0x00, 0x00, 0x00, 0x00,
  0x00, 0x00, 0x08, 0x00, 0x00, 0x00, 0x00, 0x00, 0x07, 0x00, 0xc0, 0x00, 0x00, 0x00, 0x00, 0x00,
  0x00, 0x00, 0x00, 0x00, 0x00, 0x00, 0x00, 0x00, 0x06, 0x00, 0x01, 0x00, 0x00, 0x00, 0x00, 0x20,
  0x00, 0x00, 0x80, 0x00, 0x00, 0x02, 0x00, 0x00, 0x0e, 0x01, 0x03, 0x00, 0x00, 0x00, 0x00, 0x00,
  0x00, 0x00, 0x00, 0x00, 0x0c, 0x06, 0x00, 0x00, 0x00, 0x01, 0x83, 0x00, 0x00, 0x80, 0x00, 0x00,
  0x00, 0x00, 0x00, 0x40, 0x08, 0x02, 0x00, 0x00, 0x00, 0x01, 0xc6, 0x00, 0x00, 0x00, 0x00, 0x40,
  0x00, 0x00, 0x00, 0x04, 0x0c, 0x06, 0x02, 0x01, 0xf0, 0x00, 0x63, 0x00, 0x00, 0x00, 0x00, 0x00,
  0x00, 0x00, 0x00, 0x00, 0x08, 0x06, 0x07, 0x03, 0xb8, 0x00, 0x76, 0x00, 0x00, 0x08, 0x00, 0x00,
  0x00, 0x00, 0x00, 0x01, 0x0c, 0x04, 0x0e, 0x06, 0x18, 0x00, 0x3e, 0x00, 0x00, 0x00, 0x00, 0x00,
  0x00, 0x11, 0x00, 0x20, 0x0c, 0x06, 0x0f, 0x02, 0x0c, 0x00, 0x1c, 0x00, 0x00, 0x00, 0x00, 0x00,
  0x01, 0x00, 0x04, 0x04, 0x08, 0x7e, 0x0b, 0x83, 0x18, 0xfc, 0x0c, 0x00, 0x00, 0x00, 0x00, 0x00,
  0x00, 0x80, 0x00, 0x00, 0x0f, 0xfe, 0x1d, 0x06, 0x18, 0xfe, 0x0c, 0x00, 0x00, 0x00, 0x01, 0x00,
  0x00, 0x00, 0x00, 0x80, 0x0f, 0x84, 0x7f, 0x83, 0xf0, 0xc6, 0x18, 0x00, 0x03, 0x00, 0x04, 0x00,
  0x01, 0x00, 0x00, 0x00, 0x0c, 0x06, 0x35, 0xc3, 0xd0, 0xc2, 0x18, 0x18, 0x02, 0x00, 0x00, 0x00,
  0x00, 0x80, 0x00, 0x00, 0x0c, 0x06, 0x11, 0x83, 0x00, 0xce, 0x18, 0x1c, 0x07, 0x00, 0x00, 0x00,
  0x00, 0x00, 0x00, 0x00, 0x18, 0x04, 0x00, 0xc1, 0x00, 0x7c, 0x30, 0x0e, 0x04, 0x00, 0x00, 0x00,
  0x00, 0x80, 0x00, 0x80, 0x0c, 0x06, 0x00, 0xc3, 0x80, 0xf0, 0x30, 0x06, 0x06, 0x00, 0x00, 0x00,
  0x00, 0x00, 0x10, 0x00, 0x18, 0x06, 0x00, 0x01, 0x00, 0x40, 0x70, 0x03, 0x16, 0x00, 0x00, 0x00,
  0x00, 0x80, 0x04, 0x00, 0x08, 0x04, 0x00, 0x03, 0x00, 0xe0, 0x20, 0x03, 0xac, 0x00, 0x00, 0x00,
  0x00, 0x41, 0x01, 0x00, 0x18, 0x06, 0x00, 0x00, 0x80, 0xc0, 0x20, 0x01, 0x8c, 0x00, 0x04, 0x00,
  0x04, 0x10, 0x00, 0x00, 0x18, 0x00, 0x00, 0x00, 0x00, 0x00, 0x00, 0x60, 0xcc, 0x00, 0x00, 0x00,
  0x00, 0x80, 0x00, 0x00, 0x10, 0x00, 0x00, 0x00, 0x00, 0x00, 0x00, 0xe0, 0x78, 0x00, 0x04, 0x00,
  0x00, 0x40, 0x00, 0x01, 0x00, 0x40, 0xb0, 0xfe, 0x30, 0x40, 0x01, 0xe0, 0x78, 0x04, 0x02, 0x00,
  0x00, 0x41, 0x00, 0x07, 0xe0, 0x60, 0xf9, 0xf4, 0x70, 0xe0, 0x01, 0xb0, 0x38, 0x00, 0x01, 0x00,
  0x00, 0x00, 0x00, 0x0e, 0xe0, 0x01, 0x9c, 0x30, 0x30, 0x40, 0x01, 0xb0, 0x10, 0x48, 0x00, 0x00,
  0x20, 0xa0, 0x20, 0x04, 0x60, 0x00, 0xcc, 0x10, 0x31, 0x60, 0x0f, 0xf0, 0x38, 0x00, 0x02, 0x00,
  0x00, 0x00, 0x00, 0x0c, 0xa0, 0x01, 0xd8, 0x30, 0x7f, 0xe1, 0x07, 0xf8, 0x30, 0x00, 0x01, 0x00,
  0x00, 0x00, 0x00, 0x06, 0xf0, 0x60, 0xf8, 0x30, 0x35, 0x47, 0x82, 0x18, 0x30, 0x00, 0x00, 0x00,
  0x00, 0x40, 0x00, 0x0f, 0xfc, 0x71, 0xe0, 0x30, 0x60, 0x66, 0xe6, 0x18, 0x60, 0x00, 0x01, 0x04,
  0x00, 0x00, 0x00, 0x0f, 0x8e, 0x21, 0xbc, 0x30, 0x60, 0xc4, 0xe0, 0x0c, 0x20, 0x40, 0x00, 0x40,
  0x00, 0x00, 0x00, 0x06, 0x04, 0x71, 0x1c, 0x10, 0x60, 0x6e, 0x30, 0x08, 0x60, 0x08, 0x89, 0x00,
  0x00, 0x00, 0x00, 0x0c, 0x06, 0x61, 0x86, 0x38, 0x60, 0xc4, 0x70, 0x00, 0x60, 0x00, 0x01, 0x00,
  0x00, 0x00, 0x00, 0x06, 0x0e, 0x20, 0x00, 0x30, 0x50, 0x0e, 0x30, 0x00, 0xc0, 0x20, 0x08, 0x80,
  0x00, 0x00, 0x00, 0x0e, 0x0c, 0x70, 0x00, 0x38, 0x00, 0x04, 0x60, 0x00, 0xc0, 0x02, 0x00, 0x22,
  0x00, 0x00, 0x00, 0x04, 0x1c, 0x20, 0x00, 0x30, 0x00, 0x0c, 0xe0, 0x00, 0x80, 0x08, 0x00, 0x80,
  0x00, 0x00, 0x00, 0x06, 0x38, 0x60, 0x00, 0x10, 0x00, 0x0f, 0xc0, 0x00, 0xc0, 0x00, 0x00, 0x00,
  0x00, 0x00, 0x00, 0x0e, 0x70, 0x00, 0x00, 0x00, 0x00, 0x07, 0x40, 0x00, 0x00, 0x02, 0x41, 0x00,
  0x00, 0x00, 0x00, 0x06, 0xe0, 0x00, 0x00, 0x00, 0x00, 0x05, 0x00, 0x00, 0x00, 0x00, 0x00, 0x00,
  0x00, 0x00, 0x00, 0x07, 0xc0, 0x00, 0x00, 0x00, 0x00, 0x00, 0x00, 0x00, 0x00, 0x00, 0x00, 0x00,
  0x00, 0x00, 0x00, 0x07, 0x00, 0x00, 0x00, 0x00, 0x00, 0x00, 0x00, 0x00, 0x00, 0x00, 0x00, 0x00,
  0x00, 0x00, 0x00, 0x00, 0x00, 0x00, 0x60, 0x10, 0x00, 0x00, 0x00, 0x00, 0x00, 0x00, 0x00, 0x00,
  0x00, 0x00, 0x00, 0x00, 0x00, 0x00, 0x40, 0x10, 0x00, 0x00, 0x00, 0x00, 0x00, 0x00, 0x00, 0x00,
  0x00, 0x00, 0x00, 0x00, 0x00, 0x00, 0x00, 0x00, 0x00, 0x00, 0x00, 0x00, 0x00, 0x00, 0x00, 0x00,
  0x00, 0x00, 0x00, 0x00, 0x00, 0x06, 0x00, 0x06, 0x00, 0x00, 0x00, 0x00, 0x00, 0x00, 0x00, 0x00,
  0x00, 0x00, 0x00, 0x00, 0x00, 0x03, 0x80, 0x0e, 0x00, 0x00, 0x00, 0x00, 0x00, 0x00, 0x00, 0x00,
  0x00, 0x00, 0x00, 0x00, 0x00, 0x01, 0xa0, 0x78, 0x00, 0x00, 0x00, 0x00, 0x00, 0x00, 0x00, 0x00,
  0x00, 0x00, 0x00, 0x00, 0x00, 0x00, 0xff, 0xd4, 0x00, 0x00, 0x00, 0x00, 0x00, 0x00, 0x00, 0x00,
  0x00, 0x00, 0x00, 0x00, 0x00, 0x00, 0x1f, 0x40, 0x00, 0x00, 0x00, 0x00, 0x00, 0x00, 0x00, 0x00,
  0x00, 0x00, 0x00, 0x00, 0x00, 0x00, 0x00, 0x00, 0x00, 0x00, 0x00, 0x00, 0x00, 0x00, 0x00, 0x00
};

const uint8_t PROGMEM frame34[1024] = {
  0x00, 0x00, 0x00, 0x00, 0x00, 0x00, 0x00, 0x00, 0x00, 0x00, 0x00, 0x00, 0x00, 0x00, 0x00, 0x00,
  0x00, 0x00, 0x00, 0x00, 0x00, 0x00, 0x00, 0x00, 0x00, 0x18, 0x00, 0x00, 0x00, 0x00, 0x00, 0x00,
  0x00, 0x00, 0x00, 0x00, 0x00, 0x00, 0x00, 0x00, 0x00, 0x18, 0x00, 0x00, 0x00, 0x00, 0x00, 0x00,
  0x00, 0x00, 0x00, 0x00, 0x00, 0x00, 0x00, 0x00, 0x10, 0x38, 0x00, 0x00, 0x00, 0x00, 0x00, 0x00,
  0x20, 0x00, 0x00, 0x00, 0x00, 0x00, 0x00, 0x00, 0x18, 0x30, 0x00, 0x00, 0x00, 0x00, 0x00, 0x00,
  0x00, 0x00, 0x00, 0x00, 0x00, 0x00, 0x00, 0x00, 0x0c, 0x00, 0x00, 0x00, 0x00, 0x00, 0x00, 0x00,
  0x00, 0x00, 0x00, 0x00, 0x00, 0x00, 0x00, 0x00, 0x00, 0x00, 0x00, 0x00, 0x00, 0x00, 0x00, 0x00,
  0x00, 0x00, 0x00, 0x00, 0x00, 0x00, 0x00, 0x00, 0x01, 0xe0, 0x10, 0x00, 0x00, 0x00, 0x00, 0x00,
  0x00, 0x90, 0x08, 0x00, 0x00, 0x00, 0x00, 0x00, 0x03, 0xf9, 0xf0, 0x00, 0x00, 0x00, 0x00, 0x00,
  0x00, 0x00, 0x00, 0x00, 0x00, 0x00, 0x00, 0x00, 0x07, 0xf1, 0xf0, 0x00, 0x00, 0x00, 0x00, 0x00,
  0x00, 0x00, 0x01, 0x00, 0x00, 0x00, 0x00, 0x00, 0x07, 0xf8, 0x00, 0x00, 0x00, 0x00, 0x00, 0x00,
  0x00, 0x00, 0x08, 0xa0, 0x00, 0x00, 0x00, 0x01, 0xe7, 0xf8, 0x00, 0x00, 0x00, 0x00, 0x00, 0x00,
  0x00, 0x00, 0x02, 0x00, 0x00, 0x00, 0x00, 0x01, 0xa3, 0xf0, 0x00, 0x00, 0x00, 0x00, 0x00, 0x00,
  0x00, 0x00, 0x00, 0x28, 0x00, 0x00, 0x00, 0x00, 0x01, 0xa2, 0x00, 0x00, 0x00, 0x00, 0x40, 0x00,
  0x00, 0x00, 0x00, 0x00, 0x00, 0x00, 0x00, 0x00, 0x00, 0x03, 0x00, 0x00, 0x00, 0x00, 0x00, 0x00,
  0x00, 0x00, 0x00, 0x00, 0x00, 0x00, 0x00, 0x00, 0x02, 0x03, 0xc0, 0x00, 0x00, 0x00, 0x00, 0x00,
  0x00, 0x00, 0x08, 0x00, 0x00, 0x00, 0x00, 0x00, 0x07, 0x00, 0xc0, 0x00, 0x00, 0x00, 0x00, 0x00,
  0x00, 0x00, 0x00, 0x00, 0x00, 0x00, 0x00, 0x00, 0x06, 0x00, 0x03, 0x00, 0x00, 0x00, 0x00, 0x20,
  0x00, 0x00, 0x80, 0x00, 0x04, 0x02, 0x00, 0x00, 0x0e, 0x03, 0x03, 0x00, 0x00, 0x00, 0x00, 0x00,
  0x00, 0x00, 0x00, 0x00, 0x0c, 0x06, 0x00, 0x00, 0x00, 0x01, 0x86, 0x00, 0x00, 0x80, 0x00, 0x00,
  0x00, 0x00, 0x00, 0x40, 0x0c, 0x02, 0x00, 0x00, 0xc0, 0x01, 0xc6, 0x00, 0x00, 0x00, 0x00, 0x40,
  0x00, 0x00, 0x00, 0x04, 0x0a, 0x06, 0x00, 0x03, 0xf0, 0x00, 0x66, 0x00, 0x00, 0x00, 0x00, 0x00,
  0x00, 0x00, 0x00, 0x00, 0x0c, 0x03, 0x06, 0x06, 0x38, 0x00, 0x7c, 0x00, 0x00, 0x08, 0x00, 0x00,
  0x00, 0x00, 0x00, 0x01, 0x0c, 0x06, 0x0f, 0x04, 0x18, 0x00, 0x1c, 0x00, 0x00, 0x00, 0x00, 0x00,
  0x00, 0x11, 0x00, 0x20, 0x0c, 0x0e, 0x0e, 0x06, 0x18, 0x38, 0x1c, 0x00, 0x00, 0x00, 0x00, 0x00,
  0x01, 0x00, 0x04, 0x04, 0x0c, 0xbe, 0x1f, 0x02, 0x18, 0x7e, 0x18, 0x00, 0x00, 0x00, 0x00, 0x00,
  0x00, 0x80, 0x00, 0x00, 0x0f, 0xf6, 0x1b, 0x07, 0x70, 0xc6, 0x18, 0x00, 0x00, 0x00, 0x01, 0x00,
  0x00, 0x00, 0x00, 0x80, 0x0f, 0x03, 0x7f, 0x83, 0xe0, 0x63, 0x18, 0x08, 0x03, 0x00, 0x04, 0x00,
  0x01, 0x00, 0x00, 0x00, 0x0c, 0x06, 0x77, 0x87, 0x40, 0xc7, 0x18, 0x1c, 0x03, 0x00, 0x00, 0x00,
  0x00, 0x80, 0x00, 0x00, 0x0c, 0x06, 0x11, 0x03, 0x00, 0x6e, 0x30, 0x0c, 0x02, 0x00, 0x00, 0x00,
  0x00, 0x00, 0x00, 0x00, 0x0c, 0x02, 0x21, 0xc3, 0x00, 0x7c, 0x30, 0x07, 0x07, 0x00, 0x00, 0x00,
  0x00, 0x80, 0x00, 0x80, 0x0c, 0x06, 0x00, 0xc2, 0x00, 0x70, 0x60, 0x06, 0x04, 0x00, 0x00, 0x00,
  0x00, 0x00, 0x10, 0x00, 0x0c, 0x03, 0x00, 0x83, 0x00, 0x60, 0x60, 0x03, 0x8e, 0x00, 0x00, 0x00,
  0x00, 0x80, 0x04, 0x00, 0x08, 0x06, 0x00, 0x01, 0x00, 0xc0, 0x20, 0x01, 0xaa, 0x00, 0x00, 0x00,
  0x00, 0x41, 0x01, 0x00, 0x1c, 0x02, 0x00, 0x00, 0x00, 0x40, 0x00, 0x00, 0xcc, 0x00, 0x04, 0x00,
  0x04, 0x10, 0x00, 0x00, 0x08, 0x00, 0x00, 0x00, 0x00, 0x00, 0x00, 0xe0, 0xec, 0x00, 0x00, 0x00,
  0x00, 0x80, 0x00, 0x00, 0x08, 0x00, 0x00, 0x0a, 0x60, 0x00, 0x00, 0xe0, 0x6c, 0x00, 0x04, 0x00,
  0x00, 0x40, 0x00, 0x00, 0x00, 0x60, 0x51, 0xfe, 0x60, 0xc0, 0x00, 0xf0, 0x38, 0x04, 0x02, 0x00,
  0x00, 0x41, 0x00, 0x07, 0xc0, 0x00, 0xfc, 0x78, 0x30, 0xc0, 0x01, 0xb0, 0x18, 0x00, 0x01, 0x00,
  0x00, 0x00, 0x00, 0x0f, 0xc0, 0x00, 0xd8, 0x10, 0x60, 0xc0, 0x03, 0xf0, 0x18, 0x10, 0x00, 0x00,
  0x20, 0xa0, 0x20, 0x18, 0x60, 0x00, 0xcc, 0x38, 0x6b, 0xc0, 0x07, 0xf8, 0x38, 0x00, 0x02, 0x00,
  0x00, 0x00, 0x00, 0x0c, 0xc0, 0x20, 0xdc, 0x10, 0x7e, 0xc5, 0x07, 0x38, 0x30, 0x00, 0x01, 0x00,
  0x00, 0x00, 0x00, 0x1d, 0xe0, 0x30, 0xf8, 0x38, 0x68, 0xcf, 0xc2, 0x08, 0x30, 0x00, 0x00, 0x00,
  0x00, 0x40, 0x00, 0x0f, 0xf8, 0x31, 0xf0, 0x10, 0x60, 0xc4, 0xe2, 0x1c, 0x50, 0x20, 0x01, 0x04,
  0x00, 0x00, 0x00, 0x0e, 0x9c, 0x20, 0xb8, 0x38, 0x60, 0xce, 0x60, 0x0c, 0x20, 0x00, 0x40, 0x40,
  0x00, 0x00, 0x00, 0x0c, 0x0c, 0x31, 0x8e, 0x10, 0x60, 0xa4, 0x60, 0x04, 0x60, 0x41, 0x09, 0x00,
  0x00, 0x00, 0x00, 0x0c, 0x0c, 0x30, 0x87, 0x38, 0x60, 0x8c, 0x30, 0x00, 0x60, 0x00, 0x01, 0x00,
  0x00, 0x00, 0x00, 0x0c, 0x0c, 0x30, 0x00, 0x10, 0xa0, 0x06, 0x60, 0x00, 0x40, 0x08, 0x00, 0x80,
  0x00, 0x00, 0x00, 0x0c, 0x1c, 0x30, 0x00, 0x38, 0x00, 0x0c, 0x60, 0x00, 0xc0, 0x22, 0x00, 0x22,
  0x00, 0x00, 0x00, 0x0c, 0x18, 0x30, 0x00, 0x10, 0x00, 0x0c, 0xe0, 0x00, 0xc0, 0x00, 0x00, 0x80,
  0x00, 0x00, 0x00, 0x0c, 0x30, 0x00, 0x00, 0x00, 0x00, 0x07, 0xc0, 0x00, 0x80, 0x00, 0x01, 0x00,
  0x00, 0x00, 0x00, 0x0c, 0x70, 0x00, 0x00, 0x00, 0x00, 0x0f, 0x00, 0x00, 0x00, 0x02, 0x40, 0x00,
  0x00, 0x00, 0x00, 0x0e, 0xe0, 0x00, 0x00, 0x00, 0x00, 0x00, 0x00, 0x00, 0x00, 0x00, 0x01, 0x00,
  0x00, 0x00, 0x00, 0x0f, 0x80, 0x00, 0x00, 0x00, 0x00, 0x00, 0x00, 0x00, 0x00, 0x00, 0x00, 0x00,
  0x00, 0x00, 0x00, 0x07, 0x00, 0x00, 0x00, 0x00, 0x00, 0x00, 0x00, 0x00, 0x00, 0x00, 0x00, 0x00,
  0x00, 0x00, 0x00, 0x08, 0x00, 0x00, 0x60, 0x28, 0x00, 0x00, 0x00, 0x00, 0x00, 0x00, 0x00, 0x00,
  0x00, 0x00, 0x00, 0x00, 0x00, 0x00, 0x40, 0x10, 0x00, 0x00, 0x00, 0x00, 0x00, 0x00, 0x00, 0x00,
  0x00, 0x00, 0x00, 0x00, 0x00, 0x00, 0x00, 0x00, 0x00, 0x00, 0x00, 0x00, 0x00, 0x00, 0x00, 0x00,
  0x00, 0x00, 0x00, 0x00, 0x00, 0x07, 0x00, 0x06, 0x00, 0x00, 0x00, 0x00, 0x00, 0x00, 0x00, 0x00,
  0x00, 0x00, 0x00, 0x00, 0x00, 0x03, 0x00, 0x0e, 0x00, 0x00, 0x00, 0x00, 0x00, 0x00, 0x00, 0x00,
  0x00, 0x00, 0x00, 0x00, 0x00, 0x01, 0xc0, 0x78, 0x00, 0x00, 0x00, 0x00, 0x00, 0x00, 0x00, 0x00,
  0x00, 0x00, 0x00, 0x00, 0x00, 0x00, 0xff, 0xe8, 0x00, 0x00, 0x00, 0x00, 0x00, 0x00, 0x00, 0x00,
  0x00, 0x00, 0x00, 0x00, 0x00, 0x00, 0x3f, 0xa0, 0x00, 0x00, 0x00, 0x00, 0x00, 0x00, 0x00, 0x00,
  0x00, 0x00, 0x00, 0x00, 0x00, 0x00, 0x00, 0x00, 0x00, 0x00, 0x00, 0x00, 0x00, 0x00, 0x00, 0x00
};

const uint8_t PROGMEM frame35[1024] = {
  0x00, 0x00, 0x00, 0x00, 0x00, 0x00, 0x00, 0x00, 0x00, 0x00, 0x00, 0x00, 0x00, 0x00, 0x00, 0x00,
  0x00, 0x00, 0x00, 0x00, 0x00, 0x00, 0x00, 0x00, 0x00, 0x18, 0x00, 0x00, 0x00, 0x00, 0x00, 0x00,
  0x00, 0x00, 0x00, 0x00, 0x00, 0x00, 0x00, 0x00, 0x00, 0x18, 0x00, 0x00, 0x00, 0x00, 0x00, 0x00,
  0x00, 0x00, 0x00, 0x00, 0x00, 0x00, 0x00, 0x00, 0x10, 0x38, 0x00, 0x00, 0x00, 0x00, 0x00, 0x00,
  0x20, 0x00, 0x00, 0x00, 0x00, 0x00, 0x00, 0x00, 0x18, 0x30, 0x00, 0x00, 0x00, 0x00, 0x00, 0x00,
  0x00, 0x00, 0x00, 0x00, 0x00, 0x00, 0x00, 0x00, 0x0c, 0x00, 0x00, 0x00, 0x00, 0x00, 0x00, 0x00,
  0x00, 0x00, 0x00, 0x00, 0x00, 0x00, 0x00, 0x00, 0x00, 0x00, 0x00, 0x00, 0x00, 0x00, 0x00, 0x00,
  0x00, 0x00, 0x00, 0x00, 0x00, 0x00, 0x00, 0x00, 0x01, 0xe0, 0x10, 0x00, 0x00, 0x00, 0x00, 0x00,
  0x00, 0x90, 0x08, 0x00, 0x00, 0x00, 0x00, 0x00, 0x03, 0xf9, 0xf0, 0x00, 0x00, 0x00, 0x00, 0x00,
  0x00, 0x00, 0x00, 0x00, 0x00, 0x00, 0x00, 0x00, 0x07, 0xf1, 0xf0, 0x00, 0x00, 0x00, 0x00, 0x00,
  0x00, 0x00, 0x01, 0x00, 0x00, 0x00, 0x00, 0x00, 0x07, 0xf8, 0x00, 0x00, 0x00, 0x00, 0x00, 0x00,
  0x00, 0x00, 0x08, 0xa0, 0x00, 0x00, 0x00, 0x01, 0xe7, 0xf8, 0x00, 0x00, 0x00, 0x00, 0x00, 0x00,
  0x00, 0x00, 0x02, 0x00, 0x00, 0x00, 0x00, 0x01, 0xa3, 0xf0, 0x00, 0x00, 0x00, 0x00, 0x00, 0x00,
  0x00, 0x00, 0x00, 0x28, 0x00, 0x00, 0x00, 0x00, 0x01, 0xa2, 0x00, 0x00, 0x00, 0x00, 0x40, 0x00,
  0x00, 0x00, 0x00, 0x00, 0x00, 0x00, 0x00, 0x00, 0x00, 0x03, 0x00, 0x00, 0x00, 0x00, 0x00, 0x00,
  0x00, 0x00, 0x00, 0x00, 0x00, 0x00, 0x00, 0x00, 0x02, 0x03, 0xc0, 0x00, 0x00, 0x00, 0x00, 0x00,
  0x00, 0x00, 0x08, 0x00, 0x00, 0x00, 0x00, 0x00, 0x07, 0x00, 0xc0, 0x00, 0x00, 0x00, 0x00, 0x00,
  0x00, 0x00, 0x00, 0x00, 0x00, 0x00, 0x00, 0x00, 0x06, 0x00, 0x03, 0x00, 0x00, 0x00, 0x00, 0x20,
  0x00, 0x00, 0x80, 0x00, 0x04, 0x02, 0x00, 0x00, 0x0e, 0x03, 0x03, 0x00, 0x00, 0x00, 0x00, 0x00,
  0x00, 0x00, 0x00, 0x00, 0x0c, 0x06, 0x00, 0x00, 0x00, 0x01, 0x86, 0x00, 0x00, 0x80, 0x00, 0x00,
  0x00, 0x00, 0x00, 0x40, 0x0c, 0x02, 0x00, 0x00, 0xc0, 0x01, 0xc6, 0x00, 0x00, 0x00, 0x00, 0x40,
  0x00, 0x00, 0x00, 0x04, 0x0a, 0x06, 0x00, 0x03, 0xf0, 0x00, 0x66, 0x00, 0x00, 0x00, 0x00, 0x00,
  0x00, 0x00, 0x00, 0x00, 0x0c, 0x03, 0x06, 0x06, 0x38, 0x00, 0x7c, 0x00, 0x00, 0x08, 0x00, 0x00,
  0x00, 0x00, 0x00, 0x01, 0x0c, 0x06, 0x0f, 0x04, 0x18, 0x00, 0x1c, 0x00, 0x00, 0x00, 0x00, 0x00,
  0x00, 0x11, 0x00, 0x20, 0x0c, 0x0e, 0x0e, 0x06, 0x18, 0x38, 0x1c, 0x00, 0x00, 0x00, 0x00, 0x00,
  0x01, 0x00, 0x04, 0x04, 0x0c, 0xbe, 0x1f, 0x02, 0x18, 0x7e, 0x18, 0x00, 0x00, 0x00, 0x00, 0x00,
  0x00, 0x80, 0x00, 0x00, 0x0f, 0xf6, 0x1b, 0x07, 0x70, 0xc6, 0x18, 0x00, 0x00, 0x00, 0x01, 0x00,
  0x00, 0x00, 0x00, 0x80, 0x0f, 0x03, 0x7f, 0x83, 0xe0, 0x63, 0x18, 0x08, 0x03, 0x00, 0x04, 0x00,
  0x01, 0x00, 0x00, 0x00, 0x0c, 0x06, 0x77, 0x87, 0x40, 0xc7, 0x18, 0x1c, 0x03, 0x00, 0x00, 0x00,
  0x00, 0x80, 0x00, 0x00, 0x0c, 0x06, 0x11, 0x03, 0x00, 0x6e, 0x30, 0x0c, 0x02, 0x00, 0x00, 0x00,
  0x00, 0x00, 0x00, 0x00, 0x0c, 0x02, 0x21, 0xc3, 0x00, 0x7c, 0x30, 0x07, 0x07, 0x00, 0x00, 0x00,
  0x00, 0x80, 0x00, 0x80, 0x0c, 0x06, 0x00, 0xc2, 0x00, 0x70, 0x60, 0x06, 0x04, 0x00, 0x00, 0x00,
  0x00, 0x00, 0x10, 0x00, 0x0c, 0x03, 0x00, 0x83, 0x00, 0x60, 0x60, 0x03, 0x8e, 0x00, 0x00, 0x00,
  0x00, 0x80, 0x04, 0x00, 0x08, 0x06, 0x00, 0x01, 0x00, 0xc0, 0x20, 0x01, 0xaa, 0x00, 0x00, 0x00,
  0x00, 0x41, 0x01, 0x00, 0x1c, 0x02, 0x00, 0x00, 0x00, 0x40, 0x00, 0x00, 0xcc, 0x00, 0x04, 0x00,
  0x04, 0x10, 0x00, 0x00, 0x08, 0x00, 0x00, 0x00, 0x00, 0x00, 0x00, 0xe0, 0xec, 0x00, 0x00, 0x00,
  0x00, 0x80, 0x00, 0x00, 0x08, 0x00, 0x00, 0x0a, 0x60, 0x00, 0x00, 0xe0, 0x6c, 0x00, 0x04, 0x00,
  0x00, 0x40, 0x00, 0x00, 0x00, 0x60, 0x51, 0xfe, 0x60, 0xc0, 0x00, 0xf0, 0x38, 0x04, 0x02, 0x00,
  0x00, 0x41, 0x00, 0x07, 0xc0, 0x00, 0xfc, 0x78, 0x30, 0xc0, 0x01, 0xb0, 0x18, 0x00, 0x01, 0x00,
  0x00, 0x00, 0x00, 0x0f, 0xc0, 0x00, 0xd8, 0x10, 0x60, 0xc0, 0x03, 0xf0, 0x18, 0x10, 0x00, 0x00,
  0x20, 0xa0, 0x20, 0x18, 0x60, 0x00, 0xcc, 0x38, 0x6b, 0xc0, 0x07, 0xf8, 0x38, 0x00, 0x02, 0x00,
  0x00, 0x00, 0x00, 0x0c, 0xc0, 0x20, 0xdc, 0x10, 0x7e, 0xc5, 0x07, 0x38, 0x30, 0x00, 0x01, 0x00,
  0x00, 0x00, 0x00, 0x1d, 0xe0, 0x30, 0xf8, 0x38, 0x68, 0xcf, 0xc2, 0x08, 0x30, 0x00, 0x00, 0x00,
  0x00, 0x40, 0x00, 0x0f, 0xf8, 0x31, 0xf0, 0x10, 0x60, 0xc4, 0xe2, 0x1c, 0x50, 0x20, 0x01, 0x04,
  0x00, 0x00, 0x00, 0x0e, 0x9c, 0x20, 0xb8, 0x38, 0x60, 0xce, 0x60, 0x0c, 0x20, 0x00, 0x40, 0x40,
  0x00, 0x00, 0x00, 0x0c, 0x0c, 0x31, 0x8e, 0x10, 0x60, 0xa4, 0x60, 0x04, 0x60, 0x41, 0x09, 0x00,
  0x00, 0x00, 0x00, 0x0c, 0x0c, 0x30, 0x87, 0x38, 0x60, 0x8c, 0x30, 0x00, 0x60, 0x00, 0x01, 0x00,
  0x00, 0x00, 0x00, 0x0c, 0x0c, 0x30, 0x00, 0x10, 0xa0, 0x06, 0x60, 0x00, 0x40, 0x08, 0x00, 0x80,
  0x00, 0x00, 0x00, 0x0c, 0x1c, 0x30, 0x00, 0x38, 0x00, 0x0c, 0x60, 0x00, 0xc0, 0x22, 0x00, 0x22,
  0x00, 0x00, 0x00, 0x0c, 0x18, 0x30, 0x00, 0x10, 0x00, 0x0c, 0xe0, 0x00, 0xc0, 0x00, 0x00, 0x80,
  0x00, 0x00, 0x00, 0x0c, 0x30, 0x00, 0x00, 0x00, 0x00, 0x07, 0xc0, 0x00, 0x80, 0x00, 0x01, 0x00,
  0x00, 0x00, 0x00, 0x0c, 0x70, 0x00, 0x00, 0x00, 0x00, 0x0f, 0x00, 0x00, 0x00, 0x02, 0x40, 0x00,
  0x00, 0x00, 0x00, 0x0e, 0xe0, 0x00, 0x00, 0x00, 0x00, 0x00, 0x00, 0x00, 0x00, 0x00, 0x01, 0x00,
  0x00, 0x00, 0x00, 0x0f, 0x80, 0x00, 0x00, 0x00, 0x00, 0x00, 0x00, 0x00, 0x00, 0x00, 0x00, 0x00,
  0x00, 0x00, 0x00, 0x07, 0x00, 0x00, 0x00, 0x00, 0x00, 0x00, 0x00, 0x00, 0x00, 0x00, 0x00, 0x00,
  0x00, 0x00, 0x00, 0x08, 0x00, 0x00, 0x60, 0x28, 0x00, 0x00, 0x00, 0x00, 0x00, 0x00, 0x00, 0x00,
  0x00, 0x00, 0x00, 0x00, 0x00, 0x00, 0x40, 0x10, 0x00, 0x00, 0x00, 0x00, 0x00, 0x00, 0x00, 0x00,
  0x00, 0x00, 0x00, 0x00, 0x00, 0x00, 0x00, 0x00, 0x00, 0x00, 0x00, 0x00, 0x00, 0x00, 0x00, 0x00,
  0x00, 0x00, 0x00, 0x00, 0x00, 0x07, 0x00, 0x06, 0x00, 0x00, 0x00, 0x00, 0x00, 0x00, 0x00, 0x00,
  0x00, 0x00, 0x00, 0x00, 0x00, 0x03, 0x00, 0x0e, 0x00, 0x00, 0x00, 0x00, 0x00, 0x00, 0x00, 0x00,
  0x00, 0x00, 0x00, 0x00, 0x00, 0x01, 0xc0, 0x78, 0x00, 0x00, 0x00, 0x00, 0x00, 0x00, 0x00, 0x00,
  0x00, 0x00, 0x00, 0x00, 0x00, 0x00, 0xff, 0xe8, 0x00, 0x00, 0x00, 0x00, 0x00, 0x00, 0x00, 0x00,
  0x00, 0x00, 0x00, 0x00, 0x00, 0x00, 0x3f, 0xa0, 0x00, 0x00, 0x00, 0x00, 0x00, 0x00, 0x00, 0x00,
  0x00, 0x00, 0x00, 0x00, 0x00, 0x00, 0x00, 0x00, 0x00, 0x00, 0x00, 0x00, 0x00, 0x00, 0x00, 0x00
};

const uint8_t PROGMEM frame36[1024] = {
  0x00, 0x00, 0x00, 0x00, 0x00, 0x00, 0x00, 0x00, 0x00, 0x00, 0x00, 0x00, 0x00, 0x00, 0x00, 0x00,
  0x00, 0x00, 0x00, 0x00, 0x00, 0x00, 0x00, 0x00, 0x00, 0x18, 0x00, 0x00, 0x00, 0x00, 0x00, 0x00,
  0x00, 0x00, 0x00, 0x00, 0x00, 0x00, 0x00, 0x00, 0x00, 0x18, 0x00, 0x00, 0x00, 0x00, 0x00, 0x00,
  0x00, 0x00, 0x00, 0x00, 0x00, 0x00, 0x00, 0x00, 0x10, 0x38, 0x00, 0x00, 0x00, 0x00, 0x00, 0x00,
  0x10, 0x00, 0x00, 0x00, 0x00, 0x00, 0x00, 0x00, 0x18, 0x30, 0x00, 0x00, 0x00, 0x00, 0x00, 0x00,
  0x00, 0x00, 0x00, 0x00, 0x00, 0x00, 0x00, 0x00, 0x0c, 0x00, 0x00, 0x00, 0x00, 0x00, 0x08, 0x00,
  0x00, 0x00, 0x00, 0x00, 0x00, 0x00, 0x00, 0x00, 0x00, 0x00, 0x00, 0x00, 0x00, 0x00, 0x04, 0x00,
  0x00, 0x80, 0x00, 0x00, 0x00, 0x00, 0x00, 0x00, 0x01, 0xe0, 0x10, 0x00, 0x00, 0x00, 0x30, 0x00,
  0x00, 0x00, 0x04, 0x00, 0x00, 0x00, 0x00, 0x00, 0x03, 0xf9, 0xf0, 0x00, 0x00, 0x00, 0x08, 0x00,
  0x00, 0x00, 0x00, 0x00, 0x00, 0x00, 0x00, 0x00, 0x07, 0xf1, 0xf0, 0x00, 0x00, 0x00, 0x00, 0x00,
  0x00, 0x00, 0x00, 0x00, 0x00, 0x00, 0x00, 0x00, 0x07, 0xf8, 0x00, 0x00, 0x00, 0x00, 0x00, 0x00,
  0x00, 0x00, 0x01, 0x50, 0x00, 0x00, 0x00, 0x01, 0xe7, 0xf8, 0x00, 0x00, 0x00, 0x00, 0x00, 0x00,
  0x00, 0x00, 0x00, 0x88, 0x00, 0x00, 0x00, 0x01, 0xa3, 0xf0, 0x00, 0x00, 0x00, 0x00, 0x00, 0x00,
  0x00, 0x00, 0x00, 0x50, 0x00, 0x00, 0x00, 0x00, 0x01, 0xa2, 0x00, 0x00, 0x00, 0x00, 0x20, 0x00,
  0x00, 0x00, 0x10, 0x24, 0x00, 0x00, 0x00, 0x00, 0x00, 0x03, 0x00, 0x00, 0x00, 0x00, 0x00, 0x00,
  0x00, 0x00, 0x00, 0x00, 0x00, 0x00, 0x00, 0x00, 0x02, 0x03, 0xc0, 0x00, 0x00, 0x00, 0x00, 0x00,
  0x00, 0x00, 0x00, 0x00, 0x00, 0x00, 0x00, 0x00, 0x07, 0x00, 0xc0, 0x00, 0x00, 0x00, 0x00, 0x00,
  0x00, 0x00, 0x00, 0x00, 0x00, 0x00, 0x00, 0x00, 0x06, 0x00, 0x03, 0x00, 0x00, 0x00, 0x00, 0x20,
  0x00, 0x00, 0x88, 0x00, 0x04, 0x02, 0x00, 0x00, 0x0e, 0x03, 0x03, 0x00, 0x00, 0x00, 0x00, 0x00,
  0x00, 0x00, 0x00, 0x10, 0x0c, 0x06, 0x00, 0x00, 0x00, 0x01, 0x86, 0x00, 0x00, 0x00, 0x00, 0x00,
  0x00, 0x00, 0x00, 0x00, 0x0c, 0x02, 0x00, 0x00, 0xc0, 0x01, 0xc6, 0x00, 0x00, 0x00, 0x04, 0x00,
  0x00, 0x00, 0x00, 0xa2, 0x0c, 0x06, 0x00, 0x03, 0xf0, 0x00, 0x66, 0x00, 0x00, 0x24, 0x00, 0x00,
  0x00, 0x00, 0x00, 0x00, 0x0c, 0x03, 0x06, 0x06, 0x38, 0x00, 0x7c, 0x00, 0x00, 0x00, 0x00, 0x00,
  0x00, 0x00, 0x00, 0x00, 0x0a, 0x06, 0x0f, 0x04, 0x18, 0x00, 0x1c, 0x00, 0x00, 0x00, 0x00, 0x00,
  0x00, 0x11, 0x00, 0x00, 0x0c, 0x0e, 0x0e, 0x06, 0x18, 0x38, 0x1c, 0x00, 0x00, 0x00, 0x00, 0x00,
  0x01, 0x00, 0x00, 0x08, 0x0c, 0xfe, 0x1f, 0x02, 0x18, 0x7e, 0x18, 0x00, 0x00, 0x00, 0x00, 0x00,
  0x00, 0x80, 0x00, 0x01, 0x0f, 0xeb, 0x1b, 0x07, 0x70, 0xc6, 0x18, 0x00, 0x00, 0x00, 0x00, 0x00,
  0x00, 0x00, 0x00, 0x80, 0x0f, 0x06, 0x7f, 0x83, 0xe0, 0x63, 0x18, 0x08, 0x03, 0x00, 0x00, 0x00,
  0x00, 0x80, 0x00, 0x00, 0x0c, 0x06, 0x77, 0x87, 0x40, 0xc7, 0x18, 0x1c, 0x03, 0x00, 0x00, 0x00,
  0x00, 0x80, 0x00, 0x00, 0x0c, 0x02, 0x11, 0x03, 0x00, 0x6e, 0x30, 0x0c, 0x02, 0x00, 0x00, 0x00,
  0x00, 0x00, 0x00, 0x00, 0x0c, 0x06, 0x21, 0xc3, 0x00, 0x7c, 0x30, 0x07, 0x07, 0x00, 0x00, 0x00,
  0x00, 0x80, 0x00, 0x00, 0x0c, 0x03, 0x00, 0xc2, 0x00, 0x70, 0x60, 0x06, 0x04, 0x00, 0x00, 0x00,
  0x00, 0x00, 0x00, 0x00, 0x0c, 0x06, 0x00, 0x83, 0x00, 0x60, 0x60, 0x03, 0x8e, 0x00, 0x00, 0x00,
  0x00, 0x80, 0x08, 0x10, 0x08, 0x02, 0x00, 0x01, 0x00, 0xc0, 0x20, 0x01, 0xa6, 0x00, 0x08, 0x40,
  0x00, 0x10, 0x01, 0x00, 0x0c, 0x06, 0x00, 0x00, 0x00, 0x40, 0x00, 0x20, 0xcc, 0x00, 0x00, 0x00,
  0x00, 0x80, 0x00, 0x00, 0x18, 0x00, 0x00, 0x00, 0x00, 0x00, 0x00, 0xc0, 0xec, 0x00, 0x04, 0x00,
  0x04, 0x20, 0x00, 0x00, 0x00, 0x00, 0x00, 0x0a, 0x60, 0x00, 0x00, 0xe0, 0x6c, 0x00, 0x02, 0x00,
  0x00, 0x00, 0x00, 0x00, 0x00, 0x60, 0x30, 0xfe, 0x60, 0xc0, 0x00, 0xf0, 0x38, 0x02, 0x00, 0x00,
  0x00, 0x91, 0x00, 0x07, 0xc0, 0x00, 0xfc, 0xf8, 0x60, 0xc0, 0x01, 0xf0, 0x18, 0x08, 0x02, 0x00,
  0x00, 0x20, 0x04, 0x0f, 0x40, 0x00, 0xcc, 0x10, 0x20, 0xc0, 0x03, 0xb0, 0x18, 0x00, 0x01, 0x00,
  0x00, 0x00, 0x00, 0x18, 0xe0, 0x00, 0xcc, 0x38, 0x77, 0xc0, 0x07, 0xf8, 0x38, 0x00, 0x00, 0x00,
  0x00, 0xa0, 0x20, 0x0c, 0x60, 0x30, 0xdc, 0x10, 0x7e, 0xc5, 0x07, 0x58, 0x30, 0x00, 0x02, 0x00,
  0x00, 0x00, 0x00, 0x19, 0xc0, 0x60, 0xf8, 0x38, 0x68, 0xcf, 0xc2, 0x18, 0x30, 0x80, 0x01, 0x00,
  0x34, 0x60, 0x00, 0x0f, 0xf8, 0x31, 0xf0, 0x10, 0x60, 0xc4, 0xe2, 0x0c, 0x20, 0x00, 0x00, 0x00,
  0x10, 0x00, 0x00, 0x0f, 0xbc, 0x20, 0xbc, 0x18, 0x60, 0xce, 0x60, 0x0c, 0x70, 0x00, 0x00, 0x84,
  0x08, 0x20, 0x00, 0x0e, 0x0c, 0x31, 0x8e, 0x30, 0x60, 0x4c, 0x60, 0x08, 0x40, 0x08, 0x08, 0x20,
  0x00, 0x00, 0x00, 0x0c, 0x04, 0x30, 0x87, 0x18, 0x60, 0xc4, 0x30, 0x80, 0x60, 0x00, 0x01, 0x00,
  0x00, 0x00, 0x00, 0x0c, 0x0e, 0x30, 0x00, 0x30, 0xa0, 0x0c, 0x60, 0x80, 0xc0, 0x00, 0x08, 0x80,
  0x00, 0x00, 0x00, 0x0c, 0x18, 0x30, 0x00, 0x18, 0x00, 0x04, 0xe1, 0x40, 0x40, 0x22, 0x00, 0x00,
  0x00, 0x00, 0x00, 0x0c, 0x18, 0x30, 0x00, 0x18, 0x00, 0x0d, 0x60, 0x00, 0xc0, 0x08, 0x00, 0x82,
  0x00, 0x00, 0x00, 0x0c, 0x34, 0x00, 0x00, 0x00, 0x00, 0x07, 0xc0, 0x00, 0x80, 0x00, 0x00, 0x40,
  0x00, 0x00, 0x06, 0x0c, 0x70, 0x00, 0x00, 0x00, 0x00, 0x0f, 0x00, 0x00, 0x00, 0x00, 0x81, 0x00,
  0x00, 0x00, 0x05, 0x0d, 0xc0, 0x00, 0x00, 0x00, 0x00, 0x00, 0x00, 0x00, 0x00, 0x00, 0x00, 0x40,
  0x00, 0x00, 0x00, 0x07, 0xa0, 0x00, 0x00, 0x00, 0x00, 0x00, 0x00, 0x00, 0x00, 0x02, 0x51, 0x40,
  0x00, 0x00, 0x00, 0x0f, 0x00, 0x00, 0x00, 0x00, 0x00, 0x00, 0x00, 0x00, 0x00, 0x00, 0x50, 0x80,
  0x00, 0x00, 0x00, 0x04, 0x00, 0x00, 0x60, 0x10, 0x00, 0x00, 0x00, 0x00, 0x00, 0x00, 0x00, 0x00,
  0x00, 0x00, 0x00, 0x00, 0x00, 0x00, 0x40, 0x10, 0x00, 0x00, 0x00, 0x00, 0x00, 0x00, 0x00, 0x00,
  0x00, 0x00, 0x00, 0x00, 0x00, 0x00, 0x00, 0x00, 0x00, 0x00, 0x00, 0x00, 0x00, 0x00, 0x00, 0x00,
  0x00, 0x00, 0x00, 0x00, 0x00, 0x06, 0x00, 0x06, 0x00, 0x00, 0x00, 0x00, 0x00, 0x00, 0x00, 0x00,
  0x00, 0x00, 0x00, 0x00, 0x00, 0x03, 0x80, 0x0e, 0x00, 0x00, 0x00, 0x00, 0x00, 0x00, 0x00, 0x00,
  0x00, 0x00, 0x00, 0x00, 0x00, 0x01, 0xa0, 0x78, 0x00, 0x00, 0x00, 0x00, 0x00, 0x00, 0x00, 0x00,
  0x00, 0x00, 0x00, 0x00, 0x00, 0x00, 0xff, 0xd4, 0x00, 0x00, 0x00, 0x00, 0x00, 0xa0, 0x00, 0x00,
  0x00, 0x00, 0x00, 0x00, 0x00, 0x00, 0x1f, 0xa0, 0x00, 0x00, 0x00, 0x00, 0x00, 0x80, 0x00, 0x00,
  0x00, 0x00, 0x00, 0x00, 0x00, 0x00, 0x00, 0x00, 0x00, 0x00, 0x00, 0x00, 0x00, 0x00, 0x00, 0x00
};

const uint8_t PROGMEM frame37[1024] = {
  0x00, 0x00, 0x00, 0x00, 0x00, 0x00, 0x00, 0x00, 0x00, 0x00, 0x00, 0x00, 0x00, 0x00, 0x00, 0x00,
  0x00, 0x00, 0x00, 0x00, 0x00, 0x00, 0x00, 0x00, 0x00, 0x18, 0x00, 0x00, 0x00, 0x00, 0x00, 0x00,
  0x00, 0x00, 0x00, 0x00, 0x00, 0x00, 0x00, 0x00, 0x00, 0x18, 0x00, 0x00, 0x00, 0x00, 0x00, 0x00,
  0x00, 0x00, 0x00, 0x00, 0x00, 0x00, 0x00, 0x00, 0x10, 0x38, 0x00, 0x00, 0x00, 0x00, 0x00, 0x00,
  0x10, 0x00, 0x00, 0x00, 0x00, 0x00, 0x00, 0x00, 0x18, 0x30, 0x00, 0x00, 0x00, 0x00, 0x00, 0x00,
  0x00, 0x00, 0x00, 0x00, 0x00, 0x00, 0x00, 0x00, 0x0c, 0x00, 0x00, 0x00, 0x00, 0x00, 0x08, 0x00,
  0x00, 0x00, 0x00, 0x00, 0x00, 0x00, 0x00, 0x00, 0x00, 0x00, 0x00, 0x00, 0x00, 0x00, 0x04, 0x00,
  0x00, 0x80, 0x00, 0x00, 0x00, 0x00, 0x00, 0x00, 0x01, 0xe0, 0x10, 0x00, 0x00, 0x00, 0x30, 0x00,
  0x00, 0x00, 0x04, 0x00, 0x00, 0x00, 0x00, 0x00, 0x03, 0xf9, 0xf0, 0x00, 0x00, 0x00, 0x08, 0x00,
  0x00, 0x00, 0x00, 0x00, 0x00, 0x00, 0x00, 0x00, 0x07, 0xf1, 0xf0, 0x00, 0x00, 0x00, 0x00, 0x00,
  0x00, 0x00, 0x00, 0x00, 0x00, 0x00, 0x00, 0x00, 0x07, 0xf8, 0x00, 0x00, 0x00, 0x00, 0x00, 0x00,
  0x00, 0x00, 0x01, 0x50, 0x00, 0x00, 0x00, 0x01, 0xe7, 0xf8, 0x00, 0x00, 0x00, 0x00, 0x00, 0x00,
  0x00, 0x00, 0x00, 0x88, 0x00, 0x00, 0x00, 0x01, 0xa3, 0xf0, 0x00, 0x00, 0x00, 0x00, 0x00, 0x00,
  0x00, 0x00, 0x00, 0x50, 0x00, 0x00, 0x00, 0x00, 0x01, 0xa2, 0x00, 0x00, 0x00, 0x00, 0x20, 0x00,
  0x00, 0x00, 0x10, 0x24, 0x00, 0x00, 0x00, 0x00, 0x00, 0x03, 0x00, 0x00, 0x00, 0x00, 0x00, 0x00,
  0x00, 0x00, 0x00, 0x00, 0x00, 0x00, 0x00, 0x00, 0x02, 0x03, 0xc0, 0x00, 0x00, 0x00, 0x00, 0x00,
  0x00, 0x00, 0x00, 0x00, 0x00, 0x00, 0x00, 0x00, 0x07, 0x00, 0xc0, 0x00, 0x00, 0x00, 0x00, 0x00,
  0x00, 0x00, 0x00, 0x00, 0x00, 0x00, 0x00, 0x00, 0x06, 0x00, 0x03, 0x00, 0x00, 0x00, 0x00, 0x20,
  0x00, 0x00, 0x88, 0x00, 0x04, 0x02, 0x00, 0x00, 0x0e, 0x03, 0x03, 0x00, 0x00, 0x00, 0x00, 0x00,
  0x00, 0x00, 0x00, 0x10, 0x0c, 0x06, 0x00, 0x00, 0x00, 0x01, 0x86, 0x00, 0x00, 0x00, 0x00, 0x00,
  0x00, 0x00, 0x00, 0x00, 0x0c, 0x02, 0x00, 0x00, 0xc0, 0x01, 0xc6, 0x00, 0x00, 0x00, 0x04, 0x00,
  0x00, 0x00, 0x00, 0xa2, 0x0c, 0x06, 0x00, 0x03, 0xf0, 0x00, 0x66, 0x00, 0x00, 0x24, 0x00, 0x00,
  0x00, 0x00, 0x00, 0x00, 0x0c, 0x03, 0x06, 0x06, 0x38, 0x00, 0x7c, 0x00, 0x00, 0x00, 0x00, 0x00,
  0x00, 0x00, 0x00, 0x00, 0x0a, 0x06, 0x0f, 0x04, 0x18, 0x00, 0x1c, 0x00, 0x00, 0x00, 0x00, 0x00,
  0x00, 0x11, 0x00, 0x00, 0x0c, 0x0e, 0x0e, 0x06, 0x18, 0x38, 0x1c, 0x00, 0x00, 0x00, 0x00, 0x00,
  0x01, 0x00, 0x00, 0x08, 0x0c, 0xfe, 0x1f, 0x02, 0x18, 0x7e, 0x18, 0x00, 0x00, 0x00, 0x00, 0x00,
  0x00, 0x80, 0x00, 0x01, 0x0f, 0xeb, 0x1b, 0x07, 0x70, 0xc6, 0x18, 0x00, 0x00, 0x00, 0x00, 0x00,
  0x00, 0x00, 0x00, 0x80, 0x0f, 0x06, 0x7f, 0x83, 0xe0, 0x63, 0x18, 0x08, 0x03, 0x00, 0x00, 0x00,
  0x00, 0x80, 0x00, 0x00, 0x0c, 0x06, 0x77, 0x87, 0x40, 0xc7, 0x18, 0x1c, 0x03, 0x00, 0x00, 0x00,
  0x00, 0x80, 0x00, 0x00, 0x0c, 0x02, 0x11, 0x03, 0x00, 0x6e, 0x30, 0x0c, 0x02, 0x00, 0x00, 0x00,
  0x00, 0x00, 0x00, 0x00, 0x0c, 0x06, 0x21, 0xc3, 0x00, 0x7c, 0x30, 0x07, 0x07, 0x00, 0x00, 0x00,
  0x00, 0x80, 0x00, 0x00, 0x0c, 0x03, 0x00, 0xc2, 0x00, 0x70, 0x60, 0x06, 0x04, 0x00, 0x00, 0x00,
  0x00, 0x00, 0x00, 0x00, 0x0c, 0x06, 0x00, 0x83, 0x00, 0x60, 0x60, 0x03, 0x8e, 0x00, 0x00, 0x00,
  0x00, 0x80, 0x08, 0x10, 0x08, 0x02, 0x00, 0x01, 0x00, 0xc0, 0x20, 0x01, 0xa6, 0x00, 0x08, 0x40,
  0x00, 0x10, 0x01, 0x00, 0x0c, 0x06, 0x00, 0x00, 0x00, 0x40, 0x00, 0x20, 0xcc, 0x00, 0x00, 0x00,
  0x00, 0x80, 0x00, 0x00, 0x18, 0x00, 0x00, 0x00, 0x00, 0x00, 0x00, 0xc0, 0xec, 0x00, 0x04, 0x00,
  0x04, 0x20, 0x00, 0x00, 0x00, 0x00, 0x00, 0x0a, 0x60, 0x00, 0x00, 0xe0, 0x6c, 0x00, 0x02, 0x00,
  0x00, 0x00, 0x00, 0x00, 0x00, 0x60, 0x30, 0xfe, 0x60, 0xc0, 0x00, 0xf0, 0x38, 0x02, 0x00, 0x00,
  0x00, 0x91, 0x00, 0x07, 0xc0, 0x00, 0xfc, 0xf8, 0x60, 0xc0, 0x01, 0xf0, 0x18, 0x08, 0x02, 0x00,
  0x00, 0x20, 0x04, 0x0f, 0x40, 0x00, 0xcc, 0x10, 0x20, 0xc0, 0x03, 0xb0, 0x18, 0x00, 0x01, 0x00,
  0x00, 0x00, 0x00, 0x18, 0xe0, 0x00, 0xcc, 0x38, 0x77, 0xc0, 0x07, 0xf8, 0x38, 0x00, 0x00, 0x00,
  0x00, 0xa0, 0x20, 0x0c, 0x60, 0x30, 0xdc, 0x10, 0x7e, 0xc5, 0x07, 0x58, 0x30, 0x00, 0x02, 0x00,
  0x00, 0x00, 0x00, 0x19, 0xc0, 0x60, 0xf8, 0x38, 0x68, 0xcf, 0xc2, 0x18, 0x30, 0x80, 0x01, 0x00,
  0x34, 0x60, 0x00, 0x0f, 0xf8, 0x31, 0xf0, 0x10, 0x60, 0xc4, 0xe2, 0x0c, 0x20, 0x00, 0x00, 0x00,
  0x10, 0x00, 0x00, 0x0f, 0xbc, 0x20, 0xbc, 0x18, 0x60, 0xce, 0x60, 0x0c, 0x70, 0x00, 0x00, 0x84,
  0x08, 0x20, 0x00, 0x0e, 0x0c, 0x31, 0x8e, 0x30, 0x60, 0x4c, 0x60, 0x08, 0x40, 0x08, 0x08, 0x20,
  0x00, 0x00, 0x00, 0x0c, 0x04, 0x30, 0x87, 0x18, 0x60, 0xc4, 0x30, 0x80, 0x60, 0x00, 0x01, 0x00,
  0x00, 0x00, 0x00, 0x0c, 0x0e, 0x30, 0x00, 0x30, 0xa0, 0x0c, 0x60, 0x80, 0xc0, 0x00, 0x08, 0x80,
  0x00, 0x00, 0x00, 0x0c, 0x18, 0x30, 0x00, 0x18, 0x00, 0x04, 0xe1, 0x40, 0x40, 0x22, 0x00, 0x00,
  0x00, 0x00, 0x00, 0x0c, 0x18, 0x30, 0x00, 0x18, 0x00, 0x0d, 0x60, 0x00, 0xc0, 0x08, 0x00, 0x82,
  0x00, 0x00, 0x00, 0x0c, 0x34, 0x00, 0x00, 0x00, 0x00, 0x07, 0xc0, 0x00, 0x80, 0x00, 0x00, 0x40,
  0x00, 0x00, 0x06, 0x0c, 0x70, 0x00, 0x00, 0x00, 0x00, 0x0f, 0x00, 0x00, 0x00, 0x00, 0x81, 0x00,
  0x00, 0x00, 0x05, 0x0d, 0xc0, 0x00, 0x00, 0x00, 0x00, 0x00, 0x00, 0x00, 0x00, 0x00, 0x00, 0x40,
  0x00, 0x00, 0x00, 0x07, 0xa0, 0x00, 0x00, 0x00, 0x00, 0x00, 0x00, 0x00, 0x00, 0x02, 0x51, 0x40,
  0x00, 0x00, 0x00, 0x0f, 0x00, 0x00, 0x00, 0x00, 0x00, 0x00, 0x00, 0x00, 0x00, 0x00, 0x50, 0x80,
  0x00, 0x00, 0x00, 0x04, 0x00, 0x00, 0x60, 0x10, 0x00, 0x00, 0x00, 0x00, 0x00, 0x00, 0x00, 0x00,
  0x00, 0x00, 0x00, 0x00, 0x00, 0x00, 0x40, 0x10, 0x00, 0x00, 0x00, 0x00, 0x00, 0x00, 0x00, 0x00,
  0x00, 0x00, 0x00, 0x00, 0x00, 0x00, 0x00, 0x00, 0x00, 0x00, 0x00, 0x00, 0x00, 0x00, 0x00, 0x00,
  0x00, 0x00, 0x00, 0x00, 0x00, 0x06, 0x00, 0x06, 0x00, 0x00, 0x00, 0x00, 0x00, 0x00, 0x00, 0x00,
  0x00, 0x00, 0x00, 0x00, 0x00, 0x03, 0x80, 0x0e, 0x00, 0x00, 0x00, 0x00, 0x00, 0x00, 0x00, 0x00,
  0x00, 0x00, 0x00, 0x00, 0x00, 0x01, 0xa0, 0x78, 0x00, 0x00, 0x00, 0x00, 0x00, 0x00, 0x00, 0x00,
  0x00, 0x00, 0x00, 0x00, 0x00, 0x00, 0xff, 0xd4, 0x00, 0x00, 0x00, 0x00, 0x00, 0xa0, 0x00, 0x00,
  0x00, 0x00, 0x00, 0x00, 0x00, 0x00, 0x1f, 0xa0, 0x00, 0x00, 0x00, 0x00, 0x00, 0x80, 0x00, 0x00,
  0x00, 0x00, 0x00, 0x00, 0x00, 0x00, 0x00, 0x00, 0x00, 0x00, 0x00, 0x00, 0x00, 0x00, 0x00, 0x00
};

const uint8_t PROGMEM frame38[1024] = {
  0x00, 0x00, 0x00, 0x00, 0x00, 0x00, 0x00, 0x00, 0x00, 0x00, 0x00, 0x00, 0x00, 0x00, 0x00, 0x00,
  0x00, 0x00, 0x00, 0x00, 0x00, 0x00, 0x00, 0x00, 0x00, 0x18, 0x00, 0x00, 0x00, 0x00, 0x00, 0x00,
  0x00, 0x00, 0x00, 0x00, 0x00, 0x00, 0x00, 0x00, 0x00, 0x18, 0x00, 0x00, 0x00, 0x00, 0x00, 0x00,
  0x00, 0x00, 0x00, 0x00, 0x00, 0x00, 0x00, 0x00, 0x10, 0x38, 0x00, 0x00, 0x00, 0x00, 0x00, 0x00,
  0x10, 0x00, 0x00, 0x00, 0x00, 0x00, 0x00, 0x00, 0x18, 0x30, 0x00, 0x00, 0x00, 0x00, 0x00, 0x00,
  0x00, 0x00, 0x00, 0x00, 0x00, 0x00, 0x00, 0x00, 0x0c, 0x00, 0x00, 0x00, 0x00, 0x00, 0x08, 0x00,
  0x00, 0x00, 0x00, 0x00, 0x00, 0x00, 0x00, 0x00, 0x00, 0x00, 0x00, 0x00, 0x00, 0x00, 0x04, 0x00,
  0x00, 0x80, 0x00, 0x00, 0x00, 0x00, 0x00, 0x00, 0x01, 0xe0, 0x10, 0x00, 0x00, 0x00, 0x30, 0x00,
  0x00, 0x00, 0x04, 0x00, 0x00, 0x00, 0x00, 0x00, 0x03, 0xf9, 0xf0, 0x00, 0x00, 0x00, 0x08, 0x00,
  0x00, 0x00, 0x00, 0x00, 0x00, 0x00, 0x00, 0x00, 0x07, 0xf1, 0xf0, 0x00, 0x00, 0x00, 0x00, 0x00,
  0x00, 0x00, 0x00, 0x00, 0x00, 0x00, 0x00, 0x00, 0x07, 0xf8, 0x00, 0x00, 0x00, 0x00, 0x00, 0x00,
  0x00, 0x00, 0x01, 0x50, 0x00, 0x00, 0x00, 0x01, 0xe7, 0xf8, 0x00, 0x00, 0x00, 0x00, 0x00, 0x00,
  0x00, 0x00, 0x00, 0x88, 0x00, 0x00, 0x00, 0x01, 0xa3, 0xf0, 0x00, 0x00, 0x00, 0x00, 0x00, 0x00,
  0x00, 0x00, 0x00, 0x50, 0x00, 0x00, 0x00, 0x00, 0x01, 0xa2, 0x00, 0x00, 0x00, 0x00, 0x20, 0x00,
  0x00, 0x00, 0x10, 0x24, 0x00, 0x00, 0x00, 0x00, 0x00, 0x03, 0x00, 0x00, 0x00, 0x00, 0x00, 0x00,
  0x00, 0x00, 0x00, 0x00, 0x00, 0x00, 0x00, 0x00, 0x02, 0x03, 0xc0, 0x00, 0x00, 0x00, 0x00, 0x00,
  0x00, 0x00, 0x00, 0x00, 0x00, 0x00, 0x00, 0x00, 0x07, 0x00, 0xc0, 0x00, 0x00, 0x00, 0x00, 0x00,
  0x00, 0x00, 0x00, 0x00, 0x00, 0x00, 0x00, 0x00, 0x06, 0x00, 0x03, 0x00, 0x00, 0x00, 0x00, 0x20,
  0x00, 0x00, 0x88, 0x00, 0x04, 0x02, 0x00, 0x00, 0x0e, 0x03, 0x03, 0x00, 0x00, 0x00, 0x00, 0x00,
  0x00, 0x00, 0x00, 0x10, 0x0c, 0x06, 0x00, 0x00, 0x00, 0x01, 0x86, 0x00, 0x00, 0x00, 0x00, 0x00,
  0x00, 0x00, 0x00, 0x00, 0x0c, 0x02, 0x00, 0x00, 0xc0, 0x01, 0xc6, 0x00, 0x00, 0x00, 0x04, 0x00,
  0x00, 0x00, 0x00, 0xa2, 0x0c, 0x06, 0x00, 0x03, 0xf0, 0x00, 0x66, 0x00, 0x00, 0x24, 0x00, 0x00,
  0x00, 0x00, 0x00, 0x00, 0x0c, 0x03, 0x06, 0x06, 0x38, 0x00, 0x7c, 0x00, 0x00, 0x00, 0x00, 0x00,
  0x00, 0x00, 0x00, 0x00, 0x0a, 0x06, 0x0f, 0x04, 0x18, 0x00, 0x1c, 0x00, 0x00, 0x00, 0x00, 0x00,
  0x00, 0x11, 0x00, 0x00, 0x0c, 0x0e, 0x0e, 0x06, 0x18, 0x38, 0x1c, 0x00, 0x00, 0x00, 0x00, 0x00,
  0x01, 0x00, 0x00, 0x08, 0x0c, 0xfe, 0x1f, 0x02, 0x18, 0x7e, 0x18, 0x00, 0x00, 0x00, 0x00, 0x00,
  0x00, 0x80, 0x00, 0x01, 0x0f, 0xeb, 0x1b, 0x07, 0x70, 0xc6, 0x18, 0x00, 0x00, 0x00, 0x00, 0x00,
  0x00, 0x00, 0x00, 0x80, 0x0f, 0x06, 0x7f, 0x83, 0xe0, 0x63, 0x18, 0x08, 0x03, 0x00, 0x00, 0x00,
  0x00, 0x80, 0x00, 0x00, 0x0c, 0x06, 0x77, 0x87, 0x40, 0xc7, 0x18, 0x1c, 0x03, 0x00, 0x00, 0x00,
  0x00, 0x80, 0x00, 0x00, 0x0c, 0x02, 0x11, 0x03, 0x00, 0x6e, 0x30, 0x0c, 0x02, 0x00, 0x00, 0x00,
  0x00, 0x00, 0x00, 0x00, 0x0c, 0x06, 0x21, 0xc3, 0x00, 0x7c, 0x30, 0x07, 0x07, 0x00, 0x00, 0x00,
  0x00, 0x80, 0x00, 0x00, 0x0c, 0x03, 0x00, 0xc2, 0x00, 0x70, 0x60, 0x06, 0x04, 0x00, 0x00, 0x00,
  0x00, 0x00, 0x00, 0x00, 0x0c, 0x06, 0x00, 0x83, 0x00, 0x60, 0x60, 0x03, 0x8e, 0x00, 0x00, 0x00,
  0x00, 0x80, 0x08, 0x10, 0x08, 0x02, 0x00, 0x01, 0x00, 0xc0, 0x20, 0x01, 0xa6, 0x00, 0x08, 0x40,
  0x00, 0x10, 0x01, 0x00, 0x0c, 0x06, 0x00, 0x00, 0x00, 0x40, 0x00, 0x20, 0xcc, 0x00, 0x00, 0x00,
  0x00, 0x80, 0x00, 0x00, 0x18, 0x00, 0x00, 0x00, 0x00, 0x00, 0x00, 0xc0, 0xec, 0x00, 0x04, 0x00,
  0x04, 0x20, 0x00, 0x00, 0x00, 0x00, 0x00, 0x0a, 0x60, 0x00, 0x00, 0xe0, 0x6c, 0x00, 0x02, 0x00,
  0x00, 0x00, 0x00, 0x00, 0x00, 0x60, 0x30, 0xfe, 0x60, 0xc0, 0x00, 0xf0, 0x38, 0x02, 0x00, 0x00,
  0x00, 0x91, 0x00, 0x07, 0xc0, 0x00, 0xfc, 0xf8, 0x60, 0xc0, 0x01, 0xf0, 0x18, 0x08, 0x02, 0x00,
  0x00, 0x20, 0x04, 0x0f, 0x40, 0x00, 0xcc, 0x10, 0x20, 0xc0, 0x03, 0xb0, 0x18, 0x00, 0x01, 0x00,
  0x00, 0x00, 0x00, 0x18, 0xe0, 0x00, 0xcc, 0x38, 0x77, 0xc0, 0x07, 0xf8, 0x38, 0x00, 0x00, 0x00,
  0x00, 0xa0, 0x20, 0x0c, 0x60, 0x30, 0xdc, 0x10, 0x7e, 0xc5, 0x07, 0x58, 0x30, 0x00, 0x02, 0x00,
  0x00, 0x00, 0x00, 0x19, 0xc0, 0x60, 0xf8, 0x38, 0x68, 0xcf, 0xc2, 0x18, 0x30, 0x80, 0x01, 0x00,
  0x34, 0x60, 0x00, 0x0f, 0xf8, 0x31, 0xf0, 0x10, 0x60, 0xc4, 0xe2, 0x0c, 0x20, 0x00, 0x00, 0x00,
  0x10, 0x00, 0x00, 0x0f, 0xbc, 0x20, 0xbc, 0x18, 0x60, 0xce, 0x60, 0x0c, 0x70, 0x00, 0x00, 0x84,
  0x08, 0x20, 0x00, 0x0e, 0x0c, 0x31, 0x8e, 0x30, 0x60, 0x4c, 0x60, 0x08, 0x40, 0x08, 0x08, 0x20,
  0x00, 0x00, 0x00, 0x0c, 0x04, 0x30, 0x87, 0x18, 0x60, 0xc4, 0x30, 0x80, 0x60, 0x00, 0x01, 0x00,
  0x00, 0x00, 0x00, 0x0c, 0x0e, 0x30, 0x00, 0x30, 0xa0, 0x0c, 0x60, 0x80, 0xc0, 0x00, 0x08, 0x80,
  0x00, 0x00, 0x00, 0x0c, 0x18, 0x30, 0x00, 0x18, 0x00, 0x04, 0xe1, 0x40, 0x40, 0x22, 0x00, 0x00,
  0x00, 0x00, 0x00, 0x0c, 0x18, 0x30, 0x00, 0x18, 0x00, 0x0d, 0x60, 0x00, 0xc0, 0x08, 0x00, 0x82,
  0x00, 0x00, 0x00, 0x0c, 0x34, 0x00, 0x00, 0x00, 0x00, 0x07, 0xc0, 0x00, 0x80, 0x00, 0x00, 0x40,
  0x00, 0x00, 0x06, 0x0c, 0x70, 0x00, 0x00, 0x00, 0x00, 0x0f, 0x00, 0x00, 0x00, 0x00, 0x81, 0x00,
  0x00, 0x00, 0x05, 0x0d, 0xc0, 0x00, 0x00, 0x00, 0x00, 0x00, 0x00, 0x00, 0x00, 0x00, 0x00, 0x40,
  0x00, 0x00, 0x00, 0x07, 0xa0, 0x00, 0x00, 0x00, 0x00, 0x00, 0x00, 0x00, 0x00, 0x02, 0x51, 0x40,
  0x00, 0x00, 0x00, 0x0f, 0x00, 0x00, 0x00, 0x00, 0x00, 0x00, 0x00, 0x00, 0x00, 0x00, 0x50, 0x80,
  0x00, 0x00, 0x00, 0x04, 0x00, 0x00, 0x60, 0x10, 0x00, 0x00, 0x00, 0x00, 0x00, 0x00, 0x00, 0x00,
  0x00, 0x00, 0x00, 0x00, 0x00, 0x00, 0x40, 0x10, 0x00, 0x00, 0x00, 0x00, 0x00, 0x00, 0x00, 0x00,
  0x00, 0x00, 0x00, 0x00, 0x00, 0x00, 0x00, 0x00, 0x00, 0x00, 0x00, 0x00, 0x00, 0x00, 0x00, 0x00,
  0x00, 0x00, 0x00, 0x00, 0x00, 0x06, 0x00, 0x06, 0x00, 0x00, 0x00, 0x00, 0x00, 0x00, 0x00, 0x00,
  0x00, 0x00, 0x00, 0x00, 0x00, 0x03, 0x80, 0x0e, 0x00, 0x00, 0x00, 0x00, 0x00, 0x00, 0x00, 0x00,
  0x00, 0x00, 0x00, 0x00, 0x00, 0x01, 0xa0, 0x78, 0x00, 0x00, 0x00, 0x00, 0x00, 0x00, 0x00, 0x00,
  0x00, 0x00, 0x00, 0x00, 0x00, 0x00, 0xff, 0xd4, 0x00, 0x00, 0x00, 0x00, 0x00, 0xa0, 0x00, 0x00,
  0x00, 0x00, 0x00, 0x00, 0x00, 0x00, 0x1f, 0xa0, 0x00, 0x00, 0x00, 0x00, 0x00, 0x80, 0x00, 0x00,
  0x00, 0x00, 0x00, 0x00, 0x00, 0x00, 0x00, 0x00, 0x00, 0x00, 0x00, 0x00, 0x00, 0x00, 0x00, 0x00
};

const uint8_t PROGMEM frame39[1024] = {
  0x00, 0x00, 0x00, 0x00, 0x00, 0x00, 0x00, 0x00, 0x00, 0x00, 0x00, 0x00, 0x00, 0x00, 0x00, 0x00,
  0x00, 0x00, 0x00, 0x00, 0x00, 0x00, 0x00, 0x00, 0x00, 0x18, 0x00, 0x00, 0x00, 0x00, 0x00, 0x00,
  0x10, 0x00, 0x00, 0x00, 0x00, 0x00, 0x00, 0x00, 0x00, 0x18, 0x00, 0x00, 0x00, 0x00, 0x00, 0x00,
  0x08, 0x00, 0x00, 0x00, 0x00, 0x00, 0x00, 0x00, 0x10, 0x38, 0x00, 0x00, 0x00, 0x00, 0x00, 0x00,
  0x24, 0x00, 0x00, 0x00, 0x00, 0x00, 0x00, 0x00, 0x18, 0x30, 0x00, 0x00, 0x00, 0x00, 0x14, 0x00,
  0x08, 0x00, 0x00, 0x00, 0x00, 0x00, 0x00, 0x00, 0x0c, 0x00, 0x00, 0x00, 0x00, 0x00, 0x28, 0x00,
  0x00, 0x00, 0x00, 0x00, 0x00, 0x00, 0x00, 0x00, 0x00, 0x00, 0x00, 0x00, 0x00, 0x00, 0x4a, 0x00,
  0x00, 0x00, 0x00, 0x00, 0x00, 0x00, 0x00, 0x00, 0x01, 0xe0, 0x10, 0x00, 0x00, 0x00, 0x28, 0x00,
  0x00, 0x10, 0x04, 0x00, 0x00, 0x00, 0x00, 0x00, 0x03, 0xf9, 0xf0, 0x00, 0x00, 0x00, 0x10, 0x00,
  0x00, 0x00, 0x00, 0x00, 0x00, 0x00, 0x00, 0x00, 0x07, 0xf1, 0xf0, 0x00, 0x00, 0x00, 0x00, 0x00,
  0x00, 0x00, 0x00, 0x48, 0x00, 0x00, 0x00, 0x00, 0x07, 0xf8, 0x00, 0x00, 0x00, 0x00, 0x00, 0x00,
  0x00, 0x00, 0x00, 0x92, 0x00, 0x00, 0x00, 0x01, 0xe7, 0xf8, 0x00, 0x00, 0x00, 0x00, 0x20, 0x40,
  0x00, 0x00, 0x01, 0x28, 0x00, 0x00, 0x00, 0x01, 0xa3, 0xf0, 0x00, 0x00, 0x00, 0x00, 0x10, 0x00,
  0x00, 0x00, 0x00, 0x48, 0x00, 0x00, 0x00, 0x00, 0x01, 0xa2, 0x00, 0x00, 0x00, 0x00, 0x40, 0x00,
  0x00, 0x00, 0x20, 0x50, 0x00, 0x00, 0x00, 0x00, 0x00, 0x03, 0x00, 0x00, 0x00, 0x00, 0x28, 0x00,
  0x00, 0x00, 0x00, 0x04, 0x00, 0x00, 0x00, 0x00, 0x02, 0x03, 0xc0, 0x00, 0x00, 0x00, 0x10, 0x00,
  0x00, 0x00, 0x02, 0x50, 0x01, 0x00, 0x00, 0x00, 0x07, 0x00, 0xc0, 0x00, 0x00, 0x00, 0x00, 0x00,
  0x00, 0x00, 0x00, 0x00, 0x04, 0x80, 0x00, 0x00, 0x06, 0x00, 0x01, 0x00, 0x00, 0x00, 0x00, 0x00,
  0x00, 0x00, 0x08, 0x00, 0x0b, 0x06, 0x00, 0x00, 0x0e, 0x01, 0x03, 0x00, 0x00, 0x00, 0x00, 0x20,
  0x00, 0x00, 0x00, 0x00, 0x0c, 0x06, 0x00, 0x00, 0x00, 0x01, 0x81, 0x00, 0x00, 0x00, 0x00, 0x00,
  0x00, 0x00, 0x00, 0x00, 0x08, 0x04, 0x00, 0x00, 0x00, 0x01, 0xc3, 0x00, 0x00, 0x00, 0x00, 0x00,
  0x00, 0x00, 0x00, 0x44, 0x0c, 0x06, 0x00, 0x03, 0xe0, 0x00, 0x67, 0x00, 0x20, 0x00, 0x00, 0x40,
  0x00, 0x00, 0x00, 0x01, 0x0c, 0x06, 0x04, 0x06, 0xf0, 0x00, 0x74, 0x00, 0x00, 0x08, 0x00, 0x00,
  0x00, 0x00, 0x00, 0x00, 0x08, 0x0c, 0x07, 0x04, 0x18, 0x10, 0x3e, 0x00, 0x00, 0x00, 0x00, 0x00,
  0x00, 0x11, 0x00, 0x00, 0x0c, 0x36, 0x0f, 0x06, 0x38, 0x7c, 0x1c, 0x00, 0x00, 0x00, 0x10, 0x00,
  0x01, 0x00, 0x00, 0x08, 0x0d, 0xfe, 0x0f, 0x06, 0x18, 0xf6, 0x0e, 0x00, 0x00, 0x00, 0x00, 0x00,
  0x00, 0x80, 0x02, 0x00, 0x0f, 0xc6, 0x1b, 0x04, 0x30, 0xc6, 0x0c, 0x18, 0x07, 0x00, 0x00, 0x00,
  0x00, 0x00, 0x00, 0x00, 0x4c, 0x06, 0x3f, 0x07, 0xe0, 0xc6, 0x08, 0x18, 0x02, 0x00, 0x00, 0x00,
  0x00, 0x80, 0x00, 0x00, 0x0c, 0x06, 0x7f, 0x87, 0xa0, 0xc6, 0x1c, 0x0e, 0x06, 0x00, 0x00, 0x00,
  0x00, 0x00, 0x00, 0x00, 0x18, 0x06, 0x35, 0x82, 0x80, 0x7c, 0x18, 0x0e, 0x06, 0x00, 0x00, 0x00,
  0x00, 0x80, 0x00, 0x00, 0x0c, 0x06, 0x31, 0x86, 0x00, 0xf8, 0x18, 0x07, 0x04, 0x00, 0x00, 0x00,
  0x00, 0x00, 0x00, 0x40, 0x18, 0x06, 0x00, 0xc3, 0x00, 0x60, 0x30, 0x01, 0x0e, 0x00, 0x00, 0x00,
  0x00, 0x80, 0x00, 0x00, 0x0c, 0x04, 0x00, 0xc6, 0x00, 0xc0, 0x30, 0x01, 0x8c, 0x00, 0x00, 0x00,
  0x00, 0x00, 0x08, 0x00, 0x18, 0x06, 0x00, 0x03, 0x00, 0xc0, 0x70, 0x01, 0xd8, 0x00, 0x00, 0x00,
  0x00, 0x40, 0x01, 0x08, 0x18, 0x04, 0x00, 0x01, 0x00, 0x20, 0x00, 0x60, 0xec, 0x00, 0x00, 0x22,
  0x00, 0x10, 0x00, 0x00, 0x10, 0x00, 0x00, 0x00, 0x00, 0x00, 0x00, 0xe0, 0x78, 0x00, 0x04, 0x00,
  0x00, 0x80, 0x00, 0x00, 0x00, 0x00, 0x00, 0xfe, 0x00, 0x00, 0x00, 0xf0, 0x38, 0x00, 0x02, 0x00,
  0x02, 0x00, 0x00, 0x01, 0xc0, 0x60, 0x01, 0xfc, 0x60, 0x00, 0x04, 0xd0, 0x30, 0x02, 0x00, 0x00,
  0x00, 0x11, 0x00, 0x07, 0xe0, 0x00, 0x7c, 0x30, 0x40, 0xc0, 0x01, 0xb8, 0x10, 0x08, 0x02, 0x00,
  0x00, 0x40, 0x02, 0x0d, 0x30, 0x00, 0x7c, 0x10, 0x60, 0xc0, 0x07, 0xf8, 0x30, 0x00, 0x01, 0x00,
  0x00, 0x20, 0x00, 0x06, 0x70, 0x00, 0x66, 0x30, 0x60, 0xc0, 0x07, 0xf8, 0x30, 0x40, 0x00, 0x00,
  0x00, 0x00, 0x20, 0x04, 0x60, 0x60, 0xcc, 0x30, 0x6f, 0x87, 0x83, 0x08, 0x60, 0x80, 0x01, 0x00,
  0x28, 0xa0, 0x00, 0x07, 0xf8, 0x60, 0x7c, 0x30, 0x7d, 0xc6, 0xe2, 0x0c, 0x62, 0x00, 0x02, 0x00,
  0x24, 0x50, 0x00, 0x07, 0xfe, 0x60, 0xf8, 0x30, 0x60, 0xc6, 0xe0, 0x0c, 0x60, 0x80, 0x00, 0x00,
  0x35, 0x10, 0x00, 0x0f, 0x06, 0x60, 0xf8, 0x30, 0x60, 0x86, 0x30, 0x0c, 0x40, 0x00, 0x00, 0x00,
  0x08, 0x40, 0x00, 0x06, 0x04, 0x40, 0x4f, 0x30, 0xe0, 0xcc, 0x30, 0x00, 0xe0, 0x00, 0x01, 0x20,
  0x24, 0x20, 0x00, 0x04, 0x07, 0x60, 0xc7, 0x30, 0x40, 0xc6, 0x31, 0x00, 0x80, 0x08, 0x08, 0x00,
  0x10, 0x00, 0x00, 0x06, 0x06, 0x60, 0x01, 0x30, 0xe0, 0x8e, 0x71, 0x40, 0xc0, 0x00, 0x00, 0x20,
  0x00, 0x00, 0x00, 0x06, 0x0c, 0x60, 0x00, 0x30, 0x40, 0x04, 0x62, 0x80, 0x80, 0x20, 0x00, 0x80,
  0x00, 0x00, 0x00, 0x06, 0x1c, 0x40, 0x00, 0x00, 0x00, 0x0e, 0xe0, 0x40, 0x80, 0x00, 0x00, 0x00,
  0x00, 0x00, 0x01, 0x06, 0x38, 0x10, 0x00, 0x00, 0x00, 0x07, 0xc1, 0x00, 0x00, 0x08, 0x00, 0x80,
  0x00, 0x00, 0x0a, 0x06, 0xf0, 0x00, 0x00, 0x00, 0x00, 0x07, 0x00, 0x00, 0x00, 0x00, 0x82, 0x40,
  0x00, 0x00, 0x04, 0x87, 0x60, 0x00, 0x00, 0x00, 0x00, 0x00, 0x00, 0x00, 0x00, 0x02, 0x51, 0x00,
  0x00, 0x00, 0x02, 0x07, 0xc0, 0x00, 0x00, 0x00, 0x00, 0x00, 0x00, 0x00, 0x00, 0x00, 0x48, 0xa0,
  0x00, 0x00, 0x09, 0x42, 0x80, 0x00, 0x00, 0x00, 0x00, 0x00, 0x00, 0x00, 0x00, 0x02, 0x50, 0x80,
  0x00, 0x00, 0x00, 0x00, 0x00, 0x00, 0x60, 0x10, 0x00, 0x00, 0x00, 0x00, 0x00, 0x00, 0xa9, 0x40,
  0x00, 0x00, 0x00, 0x00, 0x00, 0x00, 0x40, 0x10, 0x00, 0x00, 0x00, 0x00, 0x00, 0x00, 0x10, 0x00,
  0x00, 0x00, 0x00, 0x00, 0x00, 0x00, 0x00, 0x00, 0x00, 0x00, 0x00, 0x00, 0x00, 0x00, 0x80, 0x00,
  0x00, 0x00, 0x00, 0x00, 0x00, 0x06, 0x00, 0x06, 0x00, 0x00, 0x00, 0x00, 0x00, 0x00, 0x00, 0x00,
  0x00, 0x00, 0x00, 0x00, 0x00, 0x03, 0x80, 0x0e, 0x00, 0x00, 0x00, 0x00, 0x00, 0x00, 0x00, 0x00,
  0x00, 0x00, 0x00, 0x00, 0x00, 0x01, 0xc0, 0x58, 0x00, 0x00, 0x00, 0x00, 0x00, 0x20, 0x00, 0x00,
  0x00, 0x00, 0x00, 0x00, 0x00, 0x00, 0xff, 0xf8, 0x00, 0x00, 0x00, 0x00, 0x01, 0x40, 0x00, 0x00,
  0x00, 0x00, 0x00, 0x00, 0x00, 0x00, 0x1f, 0xa0, 0x00, 0x00, 0x00, 0x00, 0x01, 0xa0, 0x00, 0x00,
  0x00, 0x00, 0x00, 0x00, 0x00, 0x00, 0x00, 0x00, 0x00, 0x00, 0x00, 0x00, 0x00, 0x00, 0x00, 0x00
};

const uint8_t PROGMEM frame40[1024] = {
  0x00, 0x00, 0x00, 0x00, 0x00, 0x00, 0x00, 0x00, 0x00, 0x00, 0x00, 0x00, 0x00, 0x00, 0x00, 0x00,
  0x00, 0x00, 0x00, 0x00, 0x00, 0x00, 0x00, 0x00, 0x00, 0x18, 0x00, 0x00, 0x00, 0x00, 0x00, 0x00,
  0x10, 0x00, 0x00, 0x00, 0x00, 0x00, 0x00, 0x00, 0x00, 0x18, 0x00, 0x00, 0x00, 0x00, 0x00, 0x00,
  0x08, 0x00, 0x00, 0x00, 0x00, 0x00, 0x00, 0x00, 0x10, 0x38, 0x00, 0x00, 0x00, 0x00, 0x00, 0x00,
  0x24, 0x00, 0x00, 0x00, 0x00, 0x00, 0x00, 0x00, 0x18, 0x30, 0x00, 0x00, 0x00, 0x00, 0x14, 0x00,
  0x08, 0x00, 0x00, 0x00, 0x00, 0x00, 0x00, 0x00, 0x0c, 0x00, 0x00, 0x00, 0x00, 0x00, 0x28, 0x00,
  0x00, 0x00, 0x00, 0x00, 0x00, 0x00, 0x00, 0x00, 0x00, 0x00, 0x00, 0x00, 0x00, 0x00, 0x4a, 0x00,
  0x00, 0x00, 0x00, 0x00, 0x00, 0x00, 0x00, 0x00, 0x01, 0xe0, 0x10, 0x00, 0x00, 0x00, 0x28, 0x00,
  0x00, 0x10, 0x04, 0x00, 0x00, 0x00, 0x00, 0x00, 0x03, 0xf9, 0xf0, 0x00, 0x00, 0x00, 0x10, 0x00,
  0x00, 0x00, 0x00, 0x00, 0x00, 0x00, 0x00, 0x00, 0x07, 0xf1, 0xf0, 0x00, 0x00, 0x00, 0x00, 0x00,
  0x00, 0x00, 0x00, 0x48, 0x00, 0x00, 0x00, 0x00, 0x07, 0xf8, 0x00, 0x00, 0x00, 0x00, 0x00, 0x00,
  0x00, 0x00, 0x00, 0x92, 0x00, 0x00, 0x00, 0x01, 0xe7, 0xf8, 0x00, 0x00, 0x00, 0x00, 0x20, 0x40,
  0x00, 0x00, 0x01, 0x28, 0x00, 0x00, 0x00, 0x01, 0xa3, 0xf0, 0x00, 0x00, 0x00, 0x00, 0x10, 0x00,
  0x00, 0x00, 0x00, 0x48, 0x00, 0x00, 0x00, 0x00, 0x01, 0xa2, 0x00, 0x00, 0x00, 0x00, 0x40, 0x00,
  0x00, 0x00, 0x20, 0x50, 0x00, 0x00, 0x00, 0x00, 0x00, 0x03, 0x00, 0x00, 0x00, 0x00, 0x28, 0x00,
  0x00, 0x00, 0x00, 0x04, 0x00, 0x00, 0x00, 0x00, 0x02, 0x03, 0xc0, 0x00, 0x00, 0x00, 0x10, 0x00,
  0x00, 0x00, 0x02, 0x50, 0x01, 0x00, 0x00, 0x00, 0x07, 0x00, 0xc0, 0x00, 0x00, 0x00, 0x00, 0x00,
  0x00, 0x00, 0x00, 0x00, 0x04, 0x80, 0x00, 0x00, 0x06, 0x00, 0x01, 0x00, 0x00, 0x00, 0x00, 0x00,
  0x00, 0x00, 0x08, 0x00, 0x0b, 0x06, 0x00, 0x00, 0x0e, 0x01, 0x03, 0x00, 0x00, 0x00, 0x00, 0x20,
  0x00, 0x00, 0x00, 0x00, 0x0c, 0x06, 0x00, 0x00, 0x00, 0x01, 0x81, 0x00, 0x00, 0x00, 0x00, 0x00,
  0x00, 0x00, 0x00, 0x00, 0x08, 0x04, 0x00, 0x00, 0x00, 0x01, 0xc3, 0x00, 0x00, 0x00, 0x00, 0x00,
  0x00, 0x00, 0x00, 0x44, 0x0c, 0x06, 0x00, 0x03, 0xe0, 0x00, 0x67, 0x00, 0x20, 0x00, 0x00, 0x40,
  0x00, 0x00, 0x00, 0x01, 0x0c, 0x06, 0x04, 0x06, 0xf0, 0x00, 0x74, 0x00, 0x00, 0x08, 0x00, 0x00,
  0x00, 0x00, 0x00, 0x00, 0x08, 0x0c, 0x07, 0x04, 0x18, 0x10, 0x3e, 0x00, 0x00, 0x00, 0x00, 0x00,
  0x00, 0x11, 0x00, 0x00, 0x0c, 0x36, 0x0f, 0x06, 0x38, 0x7c, 0x1c, 0x00, 0x00, 0x00, 0x10, 0x00,
  0x01, 0x00, 0x00, 0x08, 0x0d, 0xfe, 0x0f, 0x06, 0x18, 0xf6, 0x0e, 0x00, 0x00, 0x00, 0x00, 0x00,
  0x00, 0x80, 0x02, 0x00, 0x0f, 0xc6, 0x1b, 0x04, 0x30, 0xc6, 0x0c, 0x18, 0x07, 0x00, 0x00, 0x00,
  0x00, 0x00, 0x00, 0x00, 0x4c, 0x06, 0x3f, 0x07, 0xe0, 0xc6, 0x08, 0x18, 0x02, 0x00, 0x00, 0x00,
  0x00, 0x80, 0x00, 0x00, 0x0c, 0x06, 0x7f, 0x87, 0xa0, 0xc6, 0x1c, 0x0e, 0x06, 0x00, 0x00, 0x00,
  0x00, 0x00, 0x00, 0x00, 0x18, 0x06, 0x35, 0x82, 0x80, 0x7c, 0x18, 0x0e, 0x06, 0x00, 0x00, 0x00,
  0x00, 0x80, 0x00, 0x00, 0x0c, 0x06, 0x31, 0x86, 0x00, 0xf8, 0x18, 0x07, 0x04, 0x00, 0x00, 0x00,
  0x00, 0x00, 0x00, 0x40, 0x18, 0x06, 0x00, 0xc3, 0x00, 0x60, 0x30, 0x01, 0x0e, 0x00, 0x00, 0x00,
  0x00, 0x80, 0x00, 0x00, 0x0c, 0x04, 0x00, 0xc6, 0x00, 0xc0, 0x30, 0x01, 0x8c, 0x00, 0x00, 0x00,
  0x00, 0x00, 0x08, 0x00, 0x18, 0x06, 0x00, 0x03, 0x00, 0xc0, 0x70, 0x01, 0xd8, 0x00, 0x00, 0x00,
  0x00, 0x40, 0x01, 0x08, 0x18, 0x04, 0x00, 0x01, 0x00, 0x20, 0x00, 0x60, 0xec, 0x00, 0x00, 0x22,
  0x00, 0x10, 0x00, 0x00, 0x10, 0x00, 0x00, 0x00, 0x00, 0x00, 0x00, 0xe0, 0x78, 0x00, 0x04, 0x00,
  0x00, 0x80, 0x00, 0x00, 0x00, 0x00, 0x00, 0xfe, 0x00, 0x00, 0x00, 0xf0, 0x38, 0x00, 0x02, 0x00,
  0x02, 0x00, 0x00, 0x01, 0xc0, 0x60, 0x01, 0xfc, 0x60, 0x00, 0x04, 0xd0, 0x30, 0x02, 0x00, 0x00,
  0x00, 0x11, 0x00, 0x07, 0xe0, 0x00, 0x7c, 0x30, 0x40, 0xc0, 0x01, 0xb8, 0x10, 0x08, 0x02, 0x00,
  0x00, 0x40, 0x02, 0x0d, 0x30, 0x00, 0x7c, 0x10, 0x60, 0xc0, 0x07, 0xf8, 0x30, 0x00, 0x01, 0x00,
  0x00, 0x20, 0x00, 0x06, 0x70, 0x00, 0x66, 0x30, 0x60, 0xc0, 0x07, 0xf8, 0x30, 0x40, 0x00, 0x00,
  0x00, 0x00, 0x20, 0x04, 0x60, 0x60, 0xcc, 0x30, 0x6f, 0x87, 0x83, 0x08, 0x60, 0x80, 0x01, 0x00,
  0x28, 0xa0, 0x00, 0x07, 0xf8, 0x60, 0x7c, 0x30, 0x7d, 0xc6, 0xe2, 0x0c, 0x62, 0x00, 0x02, 0x00,
  0x24, 0x50, 0x00, 0x07, 0xfe, 0x60, 0xf8, 0x30, 0x60, 0xc6, 0xe0, 0x0c, 0x60, 0x80, 0x00, 0x00,
  0x35, 0x10, 0x00, 0x0f, 0x06, 0x60, 0xf8, 0x30, 0x60, 0x86, 0x30, 0x0c, 0x40, 0x00, 0x00, 0x00,
  0x08, 0x40, 0x00, 0x06, 0x04, 0x40, 0x4f, 0x30, 0xe0, 0xcc, 0x30, 0x00, 0xe0, 0x00, 0x01, 0x20,
  0x24, 0x20, 0x00, 0x04, 0x07, 0x60, 0xc7, 0x30, 0x40, 0xc6, 0x31, 0x00, 0x80, 0x08, 0x08, 0x00,
  0x10, 0x00, 0x00, 0x06, 0x06, 0x60, 0x01, 0x30, 0xe0, 0x8e, 0x71, 0x40, 0xc0, 0x00, 0x00, 0x20,
  0x00, 0x00, 0x00, 0x06, 0x0c, 0x60, 0x00, 0x30, 0x40, 0x04, 0x62, 0x80, 0x80, 0x20, 0x00, 0x80,
  0x00, 0x00, 0x00, 0x06, 0x1c, 0x40, 0x00, 0x00, 0x00, 0x0e, 0xe0, 0x40, 0x80, 0x00, 0x00, 0x00,
  0x00, 0x00, 0x01, 0x06, 0x38, 0x10, 0x00, 0x00, 0x00, 0x07, 0xc1, 0x00, 0x00, 0x08, 0x00, 0x80,
  0x00, 0x00, 0x0a, 0x06, 0xf0, 0x00, 0x00, 0x00, 0x00, 0x07, 0x00, 0x00, 0x00, 0x00, 0x82, 0x40,
  0x00, 0x00, 0x04, 0x87, 0x60, 0x00, 0x00, 0x00, 0x00, 0x00, 0x00, 0x00, 0x00, 0x02, 0x51, 0x00,
  0x00, 0x00, 0x02, 0x07, 0xc0, 0x00, 0x00, 0x00, 0x00, 0x00, 0x00, 0x00, 0x00, 0x00, 0x48, 0xa0,
  0x00, 0x00, 0x09, 0x42, 0x80, 0x00, 0x00, 0x00, 0x00, 0x00, 0x00, 0x00, 0x00, 0x02, 0x50, 0x80,
  0x00, 0x00, 0x00, 0x00, 0x00, 0x00, 0x60, 0x10, 0x00, 0x00, 0x00, 0x00, 0x00, 0x00, 0xa9, 0x40,
  0x00, 0x00, 0x00, 0x00, 0x00, 0x00, 0x40, 0x10, 0x00, 0x00, 0x00, 0x00, 0x00, 0x00, 0x10, 0x00,
  0x00, 0x00, 0x00, 0x00, 0x00, 0x00, 0x00, 0x00, 0x00, 0x00, 0x00, 0x00, 0x00, 0x00, 0x80, 0x00,
  0x00, 0x00, 0x00, 0x00, 0x00, 0x06, 0x00, 0x06, 0x00, 0x00, 0x00, 0x00, 0x00, 0x00, 0x00, 0x00,
  0x00, 0x00, 0x00, 0x00, 0x00, 0x03, 0x80, 0x0e, 0x00, 0x00, 0x00, 0x00, 0x00, 0x00, 0x00, 0x00,
  0x00, 0x00, 0x00, 0x00, 0x00, 0x01, 0xc0, 0x58, 0x00, 0x00, 0x00, 0x00, 0x00, 0x20, 0x00, 0x00,
  0x00, 0x00, 0x00, 0x00, 0x00, 0x00, 0xff, 0xf8, 0x00, 0x00, 0x00, 0x00, 0x01, 0x40, 0x00, 0x00,
  0x00, 0x00, 0x00, 0x00, 0x00, 0x00, 0x1f, 0xa0, 0x00, 0x00, 0x00, 0x00, 0x01, 0xa0, 0x00, 0x00,
  0x00, 0x00, 0x00, 0x00, 0x00, 0x00, 0x00, 0x00, 0x00, 0x00, 0x00, 0x00, 0x00, 0x00, 0x00, 0x00
};

const uint8_t PROGMEM frame41[1024] = {
  0x00, 0x00, 0x00, 0x00, 0x00, 0x00, 0x00, 0x00, 0x00, 0x00, 0x00, 0x00, 0x00, 0x00, 0x00, 0x00,
  0x00, 0x00, 0x00, 0x00, 0x00, 0x00, 0x00, 0x00, 0x00, 0x18, 0x00, 0x00, 0x00, 0x00, 0x00, 0x00,
  0x10, 0x00, 0x00, 0x00, 0x00, 0x00, 0x00, 0x00, 0x00, 0x18, 0x00, 0x00, 0x00, 0x00, 0x00, 0x00,
  0x08, 0x00, 0x00, 0x00, 0x00, 0x00, 0x00, 0x00, 0x10, 0x38, 0x00, 0x00, 0x00, 0x00, 0x00, 0x00,
  0x24, 0x00, 0x00, 0x00, 0x00, 0x00, 0x00, 0x00, 0x18, 0x30, 0x00, 0x00, 0x00, 0x00, 0x14, 0x00,
  0x08, 0x00, 0x00, 0x00, 0x00, 0x00, 0x00, 0x00, 0x0c, 0x00, 0x00, 0x00, 0x00, 0x00, 0x28, 0x00,
  0x00, 0x00, 0x00, 0x00, 0x00, 0x00, 0x00, 0x00, 0x00, 0x00, 0x00, 0x00, 0x00, 0x00, 0x4a, 0x00,
  0x00, 0x00, 0x00, 0x00, 0x00, 0x00, 0x00, 0x00, 0x01, 0xe0, 0x10, 0x00, 0x00, 0x00, 0x28, 0x00,
  0x00, 0x10, 0x04, 0x00, 0x00, 0x00, 0x00, 0x00, 0x03, 0xf9, 0xf0, 0x00, 0x00, 0x00, 0x10, 0x00,
  0x00, 0x00, 0x00, 0x00, 0x00, 0x00, 0x00, 0x00, 0x07, 0xf1, 0xf0, 0x00, 0x00, 0x00, 0x00, 0x00,
  0x00, 0x00, 0x00, 0x48, 0x00, 0x00, 0x00, 0x00, 0x07, 0xf8, 0x00, 0x00, 0x00, 0x00, 0x00, 0x00,
  0x00, 0x00, 0x00, 0x92, 0x00, 0x00, 0x00, 0x01, 0xe7, 0xf8, 0x00, 0x00, 0x00, 0x00, 0x20, 0x40,
  0x00, 0x00, 0x01, 0x28, 0x00, 0x00, 0x00, 0x01, 0xa3, 0xf0, 0x00, 0x00, 0x00, 0x00, 0x10, 0x00,
  0x00, 0x00, 0x00, 0x48, 0x00, 0x00, 0x00, 0x00, 0x01, 0xa2, 0x00, 0x00, 0x00, 0x00, 0x40, 0x00,
  0x00, 0x00, 0x20, 0x50, 0x00, 0x00, 0x00, 0x00, 0x00, 0x03, 0x00, 0x00, 0x00, 0x00, 0x28, 0x00,
  0x00, 0x00, 0x00, 0x04, 0x00, 0x00, 0x00, 0x00, 0x02, 0x03, 0xc0, 0x00, 0x00, 0x00, 0x10, 0x00,
  0x00, 0x00, 0x02, 0x50, 0x01, 0x00, 0x00, 0x00, 0x07, 0x00, 0xc0, 0x00, 0x00, 0x00, 0x00, 0x00,
  0x00, 0x00, 0x00, 0x00, 0x04, 0x80, 0x00, 0x00, 0x06, 0x00, 0x01, 0x00, 0x00, 0x00, 0x00, 0x00,
  0x00, 0x00, 0x08, 0x00, 0x0b, 0x06, 0x00, 0x00, 0x0e, 0x01, 0x03, 0x00, 0x00, 0x00, 0x00, 0x20,
  0x00, 0x00, 0x00, 0x00, 0x0c, 0x06, 0x00, 0x00, 0x00, 0x01, 0x81, 0x00, 0x00, 0x00, 0x00, 0x00,
  0x00, 0x00, 0x00, 0x00, 0x08, 0x04, 0x00, 0x00, 0x00, 0x01, 0xc3, 0x00, 0x00, 0x00, 0x00, 0x00,
  0x00, 0x00, 0x00, 0x44, 0x0c, 0x06, 0x00, 0x03, 0xe0, 0x00, 0x67, 0x00, 0x20, 0x00, 0x00, 0x40,
  0x00, 0x00, 0x00, 0x01, 0x0c, 0x06, 0x04, 0x06, 0xf0, 0x00, 0x74, 0x00, 0x00, 0x08, 0x00, 0x00,
  0x00, 0x00, 0x00, 0x00, 0x08, 0x0c, 0x07, 0x04, 0x18, 0x10, 0x3e, 0x00, 0x00, 0x00, 0x00, 0x00,
  0x00, 0x11, 0x00, 0x00, 0x0c, 0x36, 0x0f, 0x06, 0x38, 0x7c, 0x1c, 0x00, 0x00, 0x00, 0x10, 0x00,
  0x01, 0x00, 0x00, 0x08, 0x0d, 0xfe, 0x0f, 0x06, 0x18, 0xf6, 0x0e, 0x00, 0x00, 0x00, 0x00, 0x00,
  0x00, 0x80, 0x02, 0x00, 0x0f, 0xc6, 0x1b, 0x04, 0x30, 0xc6, 0x0c, 0x18, 0x07, 0x00, 0x00, 0x00,
  0x00, 0x00, 0x00, 0x00, 0x4c, 0x06, 0x3f, 0x07, 0xe0, 0xc6, 0x08, 0x18, 0x02, 0x00, 0x00, 0x00,
  0x00, 0x80, 0x00, 0x00, 0x0c, 0x06, 0x7f, 0x87, 0xa0, 0xc6, 0x1c, 0x0e, 0x06, 0x00, 0x00, 0x00,
  0x00, 0x00, 0x00, 0x00, 0x18, 0x06, 0x35, 0x82, 0x80, 0x7c, 0x18, 0x0e, 0x06, 0x00, 0x00, 0x00,
  0x00, 0x80, 0x00, 0x00, 0x0c, 0x06, 0x31, 0x86, 0x00, 0xf8, 0x18, 0x07, 0x04, 0x00, 0x00, 0x00,
  0x00, 0x00, 0x00, 0x40, 0x18, 0x06, 0x00, 0xc3, 0x00, 0x60, 0x30, 0x01, 0x0e, 0x00, 0x00, 0x00,
  0x00, 0x80, 0x00, 0x00, 0x0c, 0x04, 0x00, 0xc6, 0x00, 0xc0, 0x30, 0x01, 0x8c, 0x00, 0x00, 0x00,
  0x00, 0x00, 0x08, 0x00, 0x18, 0x06, 0x00, 0x03, 0x00, 0xc0, 0x70, 0x01, 0xd8, 0x00, 0x00, 0x00,
  0x00, 0x40, 0x01, 0x08, 0x18, 0x04, 0x00, 0x01, 0x00, 0x20, 0x00, 0x60, 0xec, 0x00, 0x00, 0x22,
  0x00, 0x10, 0x00, 0x00, 0x10, 0x00, 0x00, 0x00, 0x00, 0x00, 0x00, 0xe0, 0x78, 0x00, 0x04, 0x00,
  0x00, 0x80, 0x00, 0x00, 0x00, 0x00, 0x00, 0xfe, 0x00, 0x00, 0x00, 0xf0, 0x38, 0x00, 0x02, 0x00,
  0x02, 0x00, 0x00, 0x01, 0xc0, 0x60, 0x01, 0xfc, 0x60, 0x00, 0x04, 0xd0, 0x30, 0x02, 0x00, 0x00,
  0x00, 0x11, 0x00, 0x07, 0xe0, 0x00, 0x7c, 0x30, 0x40, 0xc0, 0x01, 0xb8, 0x10, 0x08, 0x02, 0x00,
  0x00, 0x40, 0x02, 0x0d, 0x30, 0x00, 0x7c, 0x10, 0x60, 0xc0, 0x07, 0xf8, 0x30, 0x00, 0x01, 0x00,
  0x00, 0x20, 0x00, 0x06, 0x70, 0x00, 0x66, 0x30, 0x60, 0xc0, 0x07, 0xf8, 0x30, 0x40, 0x00, 0x00,
  0x00, 0x00, 0x20, 0x04, 0x60, 0x60, 0xcc, 0x30, 0x6f, 0x87, 0x83, 0x08, 0x60, 0x80, 0x01, 0x00,
  0x28, 0xa0, 0x00, 0x07, 0xf8, 0x60, 0x7c, 0x30, 0x7d, 0xc6, 0xe2, 0x0c, 0x62, 0x00, 0x02, 0x00,
  0x24, 0x50, 0x00, 0x07, 0xfe, 0x60, 0xf8, 0x30, 0x60, 0xc6, 0xe0, 0x0c, 0x60, 0x80, 0x00, 0x00,
  0x35, 0x10, 0x00, 0x0f, 0x06, 0x60, 0xf8, 0x30, 0x60, 0x86, 0x30, 0x0c, 0x40, 0x00, 0x00, 0x00,
  0x08, 0x40, 0x00, 0x06, 0x04, 0x40, 0x4f, 0x30, 0xe0, 0xcc, 0x30, 0x00, 0xe0, 0x00, 0x01, 0x20,
  0x24, 0x20, 0x00, 0x04, 0x07, 0x60, 0xc7, 0x30, 0x40, 0xc6, 0x31, 0x00, 0x80, 0x08, 0x08, 0x00,
  0x10, 0x00, 0x00, 0x06, 0x06, 0x60, 0x01, 0x30, 0xe0, 0x8e, 0x71, 0x40, 0xc0, 0x00, 0x00, 0x20,
  0x00, 0x00, 0x00, 0x06, 0x0c, 0x60, 0x00, 0x30, 0x40, 0x04, 0x62, 0x80, 0x80, 0x20, 0x00, 0x80,
  0x00, 0x00, 0x00, 0x06, 0x1c, 0x40, 0x00, 0x00, 0x00, 0x0e, 0xe0, 0x40, 0x80, 0x00, 0x00, 0x00,
  0x00, 0x00, 0x01, 0x06, 0x38, 0x10, 0x00, 0x00, 0x00, 0x07, 0xc1, 0x00, 0x00, 0x08, 0x00, 0x80,
  0x00, 0x00, 0x0a, 0x06, 0xf0, 0x00, 0x00, 0x00, 0x00, 0x07, 0x00, 0x00, 0x00, 0x00, 0x82, 0x40,
  0x00, 0x00, 0x04, 0x87, 0x60, 0x00, 0x00, 0x00, 0x00, 0x00, 0x00, 0x00, 0x00, 0x02, 0x51, 0x00,
  0x00, 0x00, 0x02, 0x07, 0xc0, 0x00, 0x00, 0x00, 0x00, 0x00, 0x00, 0x00, 0x00, 0x00, 0x48, 0xa0,
  0x00, 0x00, 0x09, 0x42, 0x80, 0x00, 0x00, 0x00, 0x00, 0x00, 0x00, 0x00, 0x00, 0x02, 0x50, 0x80,
  0x00, 0x00, 0x00, 0x00, 0x00, 0x00, 0x60, 0x10, 0x00, 0x00, 0x00, 0x00, 0x00, 0x00, 0xa9, 0x40,
  0x00, 0x00, 0x00, 0x00, 0x00, 0x00, 0x40, 0x10, 0x00, 0x00, 0x00, 0x00, 0x00, 0x00, 0x10, 0x00,
  0x00, 0x00, 0x00, 0x00, 0x00, 0x00, 0x00, 0x00, 0x00, 0x00, 0x00, 0x00, 0x00, 0x00, 0x80, 0x00,
  0x00, 0x00, 0x00, 0x00, 0x00, 0x06, 0x00, 0x06, 0x00, 0x00, 0x00, 0x00, 0x00, 0x00, 0x00, 0x00,
  0x00, 0x00, 0x00, 0x00, 0x00, 0x03, 0x80, 0x0e, 0x00, 0x00, 0x00, 0x00, 0x00, 0x00, 0x00, 0x00,
  0x00, 0x00, 0x00, 0x00, 0x00, 0x01, 0xc0, 0x58, 0x00, 0x00, 0x00, 0x00, 0x00, 0x20, 0x00, 0x00,
  0x00, 0x00, 0x00, 0x00, 0x00, 0x00, 0xff, 0xf8, 0x00, 0x00, 0x00, 0x00, 0x01, 0x40, 0x00, 0x00,
  0x00, 0x00, 0x00, 0x00, 0x00, 0x00, 0x1f, 0xa0, 0x00, 0x00, 0x00, 0x00, 0x01, 0xa0, 0x00, 0x00,
  0x00, 0x00, 0x00, 0x00, 0x00, 0x00, 0x00, 0x00, 0x00, 0x00, 0x00, 0x00, 0x00, 0x00, 0x00, 0x00
};

const uint8_t PROGMEM frame42[1024] = {
  0x00, 0x00, 0x00, 0x00, 0x00, 0x00, 0x00, 0x00, 0x00, 0x00, 0x00, 0x00, 0x00, 0x00, 0x00, 0x00,
  0x12, 0x00, 0x00, 0x00, 0x00, 0x00, 0x00, 0x00, 0x00, 0x18, 0x00, 0x00, 0x00, 0x00, 0x00, 0x00,
  0x28, 0x00, 0x00, 0x00, 0x00, 0x00, 0x00, 0x00, 0x00, 0x18, 0x00, 0x00, 0x00, 0x00, 0x00, 0x00,
  0x24, 0x00, 0x00, 0x00, 0x00, 0x00, 0x00, 0x00, 0x10, 0x38, 0x00, 0x00, 0x00, 0x00, 0x14, 0x00,
  0x14, 0x00, 0x00, 0x00, 0x00, 0x00, 0x00, 0x00, 0x18, 0x30, 0x00, 0x00, 0x00, 0x00, 0x20, 0x00,
  0x4a, 0x00, 0x00, 0x00, 0x00, 0x00, 0x00, 0x00, 0x0c, 0x00, 0x00, 0x00, 0x00, 0x00, 0x4a, 0x00,
  0x00, 0x00, 0x00, 0x00, 0x00, 0x00, 0x00, 0x00, 0x00, 0x00, 0x00, 0x00, 0x00, 0x08, 0x28, 0x00,
  0x00, 0x88, 0x00, 0x00, 0x00, 0x00, 0x00, 0x00, 0x01, 0xe0, 0x10, 0x00, 0x00, 0x01, 0x52, 0x00,
  0x00, 0x00, 0x00, 0x00, 0x00, 0x00, 0x00, 0x00, 0x03, 0xf9, 0xf0, 0x00, 0x00, 0x00, 0x09, 0x00,
  0x00, 0x00, 0x00, 0x00, 0x00, 0x00, 0x00, 0x00, 0x07, 0xf1, 0xf0, 0x00, 0x00, 0x00, 0x40, 0x00,
  0x00, 0x00, 0x00, 0x95, 0x00, 0x00, 0x00, 0x00, 0x07, 0xf8, 0x00, 0x00, 0x00, 0x00, 0x20, 0x00,
  0x00, 0x10, 0x02, 0x80, 0x00, 0x00, 0x00, 0x01, 0xe7, 0xf8, 0x00, 0x00, 0x00, 0x00, 0x90, 0x00,
  0x00, 0x00, 0x00, 0x68, 0x00, 0x00, 0x00, 0x01, 0xa3, 0xf0, 0x00, 0x00, 0x00, 0x00, 0x48, 0x40,
  0x00, 0x00, 0x01, 0x25, 0x00, 0x00, 0x00, 0x00, 0x01, 0xa2, 0x00, 0x00, 0x00, 0x01, 0x54, 0x00,
  0x00, 0x00, 0x00, 0x48, 0x00, 0x00, 0x00, 0x00, 0x00, 0x03, 0x00, 0x00, 0x00, 0x00, 0x48, 0x00,
  0x00, 0x00, 0x02, 0x22, 0x00, 0x00, 0x00, 0x00, 0x02, 0x03, 0xc0, 0x00, 0x00, 0x00, 0x24, 0x00,
  0x00, 0x00, 0x09, 0x08, 0x03, 0xa0, 0x00, 0x00, 0x07, 0x00, 0xc0, 0x00, 0x00, 0x00, 0x10, 0x00,
  0x00, 0x00, 0x04, 0x80, 0x0a, 0x82, 0x00, 0x00, 0x06, 0x00, 0x01, 0x00, 0x00, 0x00, 0x00, 0x20,
  0x00, 0x00, 0x02, 0x00, 0x0c, 0x4c, 0x00, 0x00, 0x0e, 0x01, 0x03, 0x00, 0x00, 0x00, 0x00, 0x00,
  0x00, 0x00, 0x00, 0x08, 0x0a, 0xa6, 0x00, 0x00, 0x00, 0x01, 0x81, 0x00, 0x00, 0x00, 0x00, 0x00,
  0x00, 0x00, 0x00, 0x00, 0x0c, 0x04, 0x00, 0x00, 0x00, 0x01, 0xc3, 0x00, 0x20, 0x00, 0x00, 0x00,
  0x00, 0x00, 0x00, 0x40, 0x0c, 0x06, 0x00, 0x03, 0xe0, 0x00, 0x67, 0x00, 0x80, 0x00, 0x00, 0x00,
  0x00, 0x00, 0x00, 0x01, 0x08, 0x06, 0x04, 0x06, 0xf0, 0x00, 0x74, 0x00, 0x40, 0x08, 0x00, 0x00,
  0x00, 0x00, 0x00, 0x00, 0x0c, 0x06, 0x07, 0x04, 0x18, 0x10, 0x3e, 0x00, 0x00, 0x00, 0x00, 0x00,
  0x00, 0x01, 0x00, 0x00, 0x0c, 0x3e, 0x0f, 0x06, 0x38, 0x7c, 0x1c, 0x00, 0x00, 0x00, 0x00, 0x00,
  0x01, 0x08, 0x00, 0x00, 0x0d, 0xfe, 0x0f, 0x06, 0x18, 0xf6, 0x0e, 0x00, 0x11, 0x00, 0x00, 0x00,
  0x00, 0x80, 0x00, 0x00, 0x0f, 0xa4, 0x1b, 0x04, 0x30, 0xc6, 0x0c, 0x18, 0x02, 0x00, 0x00, 0x00,
  0x00, 0x00, 0x00, 0x00, 0x0c, 0x06, 0x3d, 0x87, 0xe0, 0xc6, 0x08, 0x18, 0x06, 0x00, 0x00, 0x00,
  0x00, 0x80, 0x00, 0x00, 0x0c, 0x06, 0x7f, 0x87, 0xa0, 0xc6, 0x1c, 0x0e, 0x02, 0x00, 0x00, 0x00,
  0x00, 0x00, 0x00, 0x00, 0x18, 0x06, 0x35, 0x82, 0x80, 0x7c, 0x18, 0x0e, 0x06, 0x00, 0x00, 0x00,
  0x00, 0x80, 0x00, 0x80, 0x0c, 0x06, 0x21, 0x86, 0x00, 0xf8, 0x18, 0x23, 0x0c, 0x00, 0x02, 0x00,
  0x00, 0x00, 0x00, 0x00, 0x18, 0x04, 0x00, 0xc3, 0x00, 0x60, 0x30, 0x03, 0x06, 0x00, 0x00, 0x00,
  0x00, 0x80, 0x00, 0x00, 0x0c, 0x06, 0x01, 0xc6, 0x00, 0xc0, 0x30, 0x01, 0x8c, 0x00, 0x00, 0x00,
  0x00, 0x00, 0x00, 0x00, 0x18, 0x06, 0x00, 0x03, 0x00, 0xc0, 0x70, 0x01, 0xd8, 0x00, 0x00, 0x00,
  0x00, 0x00, 0x00, 0x00, 0x18, 0x04, 0x00, 0x00, 0x00, 0x20, 0x20, 0x60, 0xcc, 0x40, 0x00, 0x04,
  0x00, 0x90, 0x00, 0x00, 0x10, 0x00, 0x00, 0x02, 0x00, 0x00, 0x10, 0xe0, 0x78, 0x00, 0x02, 0x00,
  0x00, 0x00, 0x00, 0x00, 0x00, 0x00, 0x01, 0xfc, 0x00, 0x00, 0x28, 0xb0, 0x38, 0x00, 0x02, 0x00,
  0x00, 0x00, 0x00, 0x01, 0xc0, 0x60, 0x08, 0xba, 0x60, 0x00, 0x04, 0xf0, 0x38, 0x00, 0x00, 0x00,
  0x00, 0x00, 0x00, 0x07, 0xf0, 0x00, 0x78, 0x30, 0x60, 0xc0, 0x0b, 0xb0, 0x10, 0x00, 0x02, 0x00,
  0x00, 0x48, 0x00, 0x0e, 0x60, 0x00, 0x6e, 0x30, 0x40, 0xc0, 0x07, 0xf8, 0x30, 0x00, 0x01, 0x00,
  0x00, 0x00, 0x00, 0x04, 0x30, 0x00, 0x66, 0x30, 0x60, 0xc0, 0x07, 0xf8, 0x30, 0x00, 0x00, 0x00,
  0x00, 0xa0, 0x00, 0x06, 0xf0, 0x60, 0xcc, 0x30, 0x77, 0x87, 0x83, 0x0c, 0x60, 0x00, 0x01, 0x00,
  0x28, 0x10, 0x00, 0x0e, 0xf4, 0x60, 0x7c, 0x20, 0x7e, 0xc6, 0xe2, 0x18, 0x22, 0x80, 0x02, 0x00,
  0x25, 0x54, 0x00, 0x07, 0xfc, 0x60, 0xf8, 0x30, 0x60, 0xc6, 0xe0, 0x0c, 0x60, 0x40, 0x00, 0x00,
  0x5a, 0x50, 0x00, 0x07, 0x06, 0x60, 0xfa, 0x30, 0xc0, 0xc6, 0x30, 0x06, 0x62, 0x80, 0x00, 0x00,
  0x20, 0xa0, 0x00, 0x06, 0x06, 0x60, 0x4e, 0x30, 0x60, 0x8c, 0x31, 0x00, 0xc0, 0x00, 0x41, 0x20,
  0x5a, 0x10, 0x00, 0x0e, 0x06, 0x60, 0xc7, 0xb0, 0xe0, 0xc6, 0x32, 0x00, 0xc0, 0x08, 0x00, 0x00,
  0x08, 0x00, 0x00, 0x04, 0x06, 0x60, 0x00, 0x30, 0x41, 0x4e, 0x71, 0x80, 0x80, 0x00, 0x00, 0x00,
  0x20, 0x00, 0x00, 0x06, 0x0e, 0x60, 0x00, 0x30, 0xc0, 0x04, 0x64, 0x40, 0x80, 0x00, 0x01, 0x00,
  0x04, 0x40, 0x00, 0x06, 0x1c, 0x20, 0x00, 0x00, 0x00, 0x0e, 0xe9, 0xa0, 0x80, 0x20, 0x00, 0x00,
  0x00, 0x00, 0x04, 0x86, 0x38, 0x00, 0x00, 0x00, 0x00, 0x07, 0xc2, 0x00, 0x00, 0x00, 0x00, 0x40,
  0x00, 0x00, 0x12, 0x46, 0xf0, 0x00, 0x00, 0x00, 0x00, 0x07, 0x00, 0x40, 0x00, 0x00, 0x21, 0x00,
  0x00, 0x00, 0x0a, 0x87, 0x60, 0x00, 0x00, 0x00, 0x00, 0x00, 0x00, 0x00, 0x00, 0x02, 0x89, 0x50,
  0x01, 0x00, 0x09, 0x07, 0xc0, 0x00, 0x00, 0x00, 0x00, 0x00, 0x00, 0x00, 0x00, 0x00, 0x64, 0xa0,
  0x01, 0x00, 0x02, 0x42, 0x80, 0x00, 0x00, 0x00, 0x00, 0x00, 0x00, 0x00, 0x00, 0x02, 0xa9, 0x40,
  0x00, 0x00, 0x08, 0x00, 0x00, 0x00, 0x60, 0x10, 0x00, 0x00, 0x00, 0x00, 0x00, 0x02, 0xa2, 0x20,
  0x00, 0x00, 0x01, 0x40, 0x00, 0x00, 0x40, 0x10, 0x00, 0x00, 0x00, 0x00, 0x00, 0x01, 0x28, 0x90,
  0x00, 0x00, 0x00, 0x00, 0x00, 0x00, 0x00, 0x00, 0x00, 0x00, 0x00, 0x00, 0x00, 0x00, 0x40, 0x00,
  0x00, 0x00, 0x00, 0x00, 0x00, 0x07, 0x00, 0x06, 0x00, 0x00, 0x00, 0x00, 0x00, 0x01, 0x14, 0x00,
  0x00, 0x00, 0x00, 0x00, 0x00, 0x03, 0x00, 0x0e, 0x00, 0x00, 0x00, 0x00, 0x00, 0x00, 0x00, 0x00,
  0x00, 0x00, 0x00, 0x00, 0x00, 0x01, 0xc0, 0x78, 0x00, 0x00, 0x00, 0x00, 0x00, 0xa0, 0x00, 0x00,
  0x00, 0x00, 0x00, 0x00, 0x00, 0x00, 0xff, 0xe8, 0x00, 0x00, 0x00, 0x00, 0x00, 0x90, 0x00, 0x00,
  0x00, 0x00, 0x00, 0x00, 0x00, 0x00, 0x3f, 0xa0, 0x00, 0x00, 0x00, 0x00, 0x03, 0x40, 0x00, 0x00,
  0x00, 0x00, 0x00, 0x00, 0x00, 0x00, 0x00, 0x00, 0x00, 0x00, 0x00, 0x00, 0x04, 0xa0, 0x04, 0x00
};

const uint8_t PROGMEM frame43[1024] = {
  0x00, 0x00, 0x00, 0x00, 0x00, 0x00, 0x00, 0x00, 0x00, 0x00, 0x00, 0x00, 0x00, 0x00, 0x00, 0x00,
  0x12, 0x00, 0x00, 0x00, 0x00, 0x00, 0x00, 0x00, 0x00, 0x18, 0x00, 0x00, 0x00, 0x00, 0x00, 0x00,
  0x28, 0x00, 0x00, 0x00, 0x00, 0x00, 0x00, 0x00, 0x00, 0x18, 0x00, 0x00, 0x00, 0x00, 0x00, 0x00,
  0x24, 0x00, 0x00, 0x00, 0x00, 0x00, 0x00, 0x00, 0x10, 0x38, 0x00, 0x00, 0x00, 0x00, 0x14, 0x00,
  0x14, 0x00, 0x00, 0x00, 0x00, 0x00, 0x00, 0x00, 0x18, 0x30, 0x00, 0x00, 0x00, 0x00, 0x20, 0x00,
  0x4a, 0x00, 0x00, 0x00, 0x00, 0x00, 0x00, 0x00, 0x0c, 0x00, 0x00, 0x00, 0x00, 0x00, 0x4a, 0x00,
  0x00, 0x00, 0x00, 0x00, 0x00, 0x00, 0x00, 0x00, 0x00, 0x00, 0x00, 0x00, 0x00, 0x08, 0x28, 0x00,
  0x00, 0x88, 0x00, 0x00, 0x00, 0x00, 0x00, 0x00, 0x01, 0xe0, 0x10, 0x00, 0x00, 0x01, 0x52, 0x00,
  0x00, 0x00, 0x00, 0x00, 0x00, 0x00, 0x00, 0x00, 0x03, 0xf9, 0xf0, 0x00, 0x00, 0x00, 0x09, 0x00,
  0x00, 0x00, 0x00, 0x00, 0x00, 0x00, 0x00, 0x00, 0x07, 0xf1, 0xf0, 0x00, 0x00, 0x00, 0x40, 0x00,
  0x00, 0x00, 0x00, 0x95, 0x00, 0x00, 0x00, 0x00, 0x07, 0xf8, 0x00, 0x00, 0x00, 0x00, 0x20, 0x00,
  0x00, 0x10, 0x02, 0x80, 0x00, 0x00, 0x00, 0x01, 0xe7, 0xf8, 0x00, 0x00, 0x00, 0x00, 0x90, 0x00,
  0x00, 0x00, 0x00, 0x68, 0x00, 0x00, 0x00, 0x01, 0xa3, 0xf0, 0x00, 0x00, 0x00, 0x00, 0x48, 0x40,
  0x00, 0x00, 0x01, 0x25, 0x00, 0x00, 0x00, 0x00, 0x01, 0xa2, 0x00, 0x00, 0x00, 0x01, 0x54, 0x00,
  0x00, 0x00, 0x00, 0x48, 0x00, 0x00, 0x00, 0x00, 0x00, 0x03, 0x00, 0x00, 0x00, 0x00, 0x48, 0x00,
  0x00, 0x00, 0x02, 0x22, 0x00, 0x00, 0x00, 0x00, 0x02, 0x03, 0xc0, 0x00, 0x00, 0x00, 0x24, 0x00,
  0x00, 0x00, 0x09, 0x08, 0x03, 0xa0, 0x00, 0x00, 0x07, 0x00, 0xc0, 0x00, 0x00, 0x00, 0x10, 0x00,
  0x00, 0x00, 0x04, 0x80, 0x0a, 0x82, 0x00, 0x00, 0x06, 0x00, 0x01, 0x00, 0x00, 0x00, 0x00, 0x20,
  0x00, 0x00, 0x02, 0x00, 0x0c, 0x4c, 0x00, 0x00, 0x0e, 0x01, 0x03, 0x00, 0x00, 0x00, 0x00, 0x00,
  0x00, 0x00, 0x00, 0x08, 0x0a, 0xa6, 0x00, 0x00, 0x00, 0x01, 0x81, 0x00, 0x00, 0x00, 0x00, 0x00,
  0x00, 0x00, 0x00, 0x00, 0x0c, 0x04, 0x00, 0x00, 0x00, 0x01, 0xc3, 0x00, 0x20, 0x00, 0x00, 0x00,
  0x00, 0x00, 0x00, 0x40, 0x0c, 0x06, 0x00, 0x03, 0xe0, 0x00, 0x67, 0x00, 0x80, 0x00, 0x00, 0x00,
  0x00, 0x00, 0x00, 0x01, 0x08, 0x06, 0x04, 0x06, 0xf0, 0x00, 0x74, 0x00, 0x40, 0x08, 0x00, 0x00,
  0x00, 0x00, 0x00, 0x00, 0x0c, 0x06, 0x07, 0x04, 0x18, 0x10, 0x3e, 0x00, 0x00, 0x00, 0x00, 0x00,
  0x00, 0x01, 0x00, 0x00, 0x0c, 0x3e, 0x0f, 0x06, 0x38, 0x7c, 0x1c, 0x00, 0x00, 0x00, 0x00, 0x00,
  0x01, 0x08, 0x00, 0x00, 0x0d, 0xfe, 0x0f, 0x06, 0x18, 0xf6, 0x0e, 0x00, 0x11, 0x00, 0x00, 0x00,
  0x00, 0x80, 0x00, 0x00, 0x0f, 0xa4, 0x1b, 0x04, 0x30, 0xc6, 0x0c, 0x18, 0x02, 0x00, 0x00, 0x00,
  0x00, 0x00, 0x00, 0x00, 0x0c, 0x06, 0x3d, 0x87, 0xe0, 0xc6, 0x08, 0x18, 0x06, 0x00, 0x00, 0x00,
  0x00, 0x80, 0x00, 0x00, 0x0c, 0x06, 0x7f, 0x87, 0xa0, 0xc6, 0x1c, 0x0e, 0x02, 0x00, 0x00, 0x00,
  0x00, 0x00, 0x00, 0x00, 0x18, 0x06, 0x35, 0x82, 0x80, 0x7c, 0x18, 0x0e, 0x06, 0x00, 0x00, 0x00,
  0x00, 0x80, 0x00, 0x80, 0x0c, 0x06, 0x21, 0x86, 0x00, 0xf8, 0x18, 0x23, 0x0c, 0x00, 0x02, 0x00,
  0x00, 0x00, 0x00, 0x00, 0x18, 0x04, 0x00, 0xc3, 0x00, 0x60, 0x30, 0x03, 0x06, 0x00, 0x00, 0x00,
  0x00, 0x80, 0x00, 0x00, 0x0c, 0x06, 0x01, 0xc6, 0x00, 0xc0, 0x30, 0x01, 0x8c, 0x00, 0x00, 0x00,
  0x00, 0x00, 0x00, 0x00, 0x18, 0x06, 0x00, 0x03, 0x00, 0xc0, 0x70, 0x01, 0xd8, 0x00, 0x00, 0x00,
  0x00, 0x00, 0x00, 0x00, 0x18, 0x04, 0x00, 0x00, 0x00, 0x20, 0x20, 0x60, 0xcc, 0x40, 0x00, 0x04,
  0x00, 0x90, 0x00, 0x00, 0x10, 0x00, 0x00, 0x02, 0x00, 0x00, 0x10, 0xe0, 0x78, 0x00, 0x02, 0x00,
  0x00, 0x00, 0x00, 0x00, 0x00, 0x00, 0x01, 0xfc, 0x00, 0x00, 0x28, 0xb0, 0x38, 0x00, 0x02, 0x00,
  0x00, 0x00, 0x00, 0x01, 0xc0, 0x60, 0x08, 0xba, 0x60, 0x00, 0x04, 0xf0, 0x38, 0x00, 0x00, 0x00,
  0x00, 0x00, 0x00, 0x07, 0xf0, 0x00, 0x78, 0x30, 0x60, 0xc0, 0x0b, 0xb0, 0x10, 0x00, 0x02, 0x00,
  0x00, 0x48, 0x00, 0x0e, 0x60, 0x00, 0x6e, 0x30, 0x40, 0xc0, 0x07, 0xf8, 0x30, 0x00, 0x01, 0x00,
  0x00, 0x00, 0x00, 0x04, 0x30, 0x00, 0x66, 0x30, 0x60, 0xc0, 0x07, 0xf8, 0x30, 0x00, 0x00, 0x00,
  0x00, 0xa0, 0x00, 0x06, 0xf0, 0x60, 0xcc, 0x30, 0x77, 0x87, 0x83, 0x0c, 0x60, 0x00, 0x01, 0x00,
  0x28, 0x10, 0x00, 0x0e, 0xf4, 0x60, 0x7c, 0x20, 0x7e, 0xc6, 0xe2, 0x18, 0x22, 0x80, 0x02, 0x00,
  0x25, 0x54, 0x00, 0x07, 0xfc, 0x60, 0xf8, 0x30, 0x60, 0xc6, 0xe0, 0x0c, 0x60, 0x40, 0x00, 0x00,
  0x5a, 0x50, 0x00, 0x07, 0x06, 0x60, 0xfa, 0x30, 0xc0, 0xc6, 0x30, 0x06, 0x62, 0x80, 0x00, 0x00,
  0x20, 0xa0, 0x00, 0x06, 0x06, 0x60, 0x4e, 0x30, 0x60, 0x8c, 0x31, 0x00, 0xc0, 0x00, 0x41, 0x20,
  0x5a, 0x10, 0x00, 0x0e, 0x06, 0x60, 0xc7, 0xb0, 0xe0, 0xc6, 0x32, 0x00, 0xc0, 0x08, 0x00, 0x00,
  0x08, 0x00, 0x00, 0x04, 0x06, 0x60, 0x00, 0x30, 0x41, 0x4e, 0x71, 0x80, 0x80, 0x00, 0x00, 0x00,
  0x20, 0x00, 0x00, 0x06, 0x0e, 0x60, 0x00, 0x30, 0xc0, 0x04, 0x64, 0x40, 0x80, 0x00, 0x01, 0x00,
  0x04, 0x40, 0x00, 0x06, 0x1c, 0x20, 0x00, 0x00, 0x00, 0x0e, 0xe9, 0xa0, 0x80, 0x20, 0x00, 0x00,
  0x00, 0x00, 0x04, 0x86, 0x38, 0x00, 0x00, 0x00, 0x00, 0x07, 0xc2, 0x00, 0x00, 0x00, 0x00, 0x40,
  0x00, 0x00, 0x12, 0x46, 0xf0, 0x00, 0x00, 0x00, 0x00, 0x07, 0x00, 0x40, 0x00, 0x00, 0x21, 0x00,
  0x00, 0x00, 0x0a, 0x87, 0x60, 0x00, 0x00, 0x00, 0x00, 0x00, 0x00, 0x00, 0x00, 0x02, 0x89, 0x50,
  0x01, 0x00, 0x09, 0x07, 0xc0, 0x00, 0x00, 0x00, 0x00, 0x00, 0x00, 0x00, 0x00, 0x00, 0x64, 0xa0,
  0x01, 0x00, 0x02, 0x42, 0x80, 0x00, 0x00, 0x00, 0x00, 0x00, 0x00, 0x00, 0x00, 0x02, 0xa9, 0x40,
  0x00, 0x00, 0x08, 0x00, 0x00, 0x00, 0x60, 0x10, 0x00, 0x00, 0x00, 0x00, 0x00, 0x02, 0xa2, 0x20,
  0x00, 0x00, 0x01, 0x40, 0x00, 0x00, 0x40, 0x10, 0x00, 0x00, 0x00, 0x00, 0x00, 0x01, 0x28, 0x90,
  0x00, 0x00, 0x00, 0x00, 0x00, 0x00, 0x00, 0x00, 0x00, 0x00, 0x00, 0x00, 0x00, 0x00, 0x40, 0x00,
  0x00, 0x00, 0x00, 0x00, 0x00, 0x07, 0x00, 0x06, 0x00, 0x00, 0x00, 0x00, 0x00, 0x01, 0x14, 0x00,
  0x00, 0x00, 0x00, 0x00, 0x00, 0x03, 0x00, 0x0e, 0x00, 0x00, 0x00, 0x00, 0x00, 0x00, 0x00, 0x00,
  0x00, 0x00, 0x00, 0x00, 0x00, 0x01, 0xc0, 0x78, 0x00, 0x00, 0x00, 0x00, 0x00, 0xa0, 0x00, 0x00,
  0x00, 0x00, 0x00, 0x00, 0x00, 0x00, 0xff, 0xe8, 0x00, 0x00, 0x00, 0x00, 0x00, 0x90, 0x00, 0x00,
  0x00, 0x00, 0x00, 0x00, 0x00, 0x00, 0x3f, 0xa0, 0x00, 0x00, 0x00, 0x00, 0x03, 0x40, 0x00, 0x00,
  0x00, 0x00, 0x00, 0x00, 0x00, 0x00, 0x00, 0x00, 0x00, 0x00, 0x00, 0x00, 0x04, 0xa0, 0x04, 0x00
};

const uint8_t PROGMEM frame44[1024] = {
  0x00, 0x00, 0x00, 0x00, 0x00, 0x00, 0x00, 0x00, 0x00, 0x00, 0x00, 0x00, 0x00, 0x00, 0x00, 0x00,
  0x12, 0x00, 0x00, 0x00, 0x00, 0x00, 0x00, 0x00, 0x00, 0x18, 0x00, 0x00, 0x00, 0x00, 0x00, 0x00,
  0x28, 0x00, 0x00, 0x00, 0x00, 0x00, 0x00, 0x00, 0x00, 0x18, 0x00, 0x00, 0x00, 0x00, 0x00, 0x00,
  0x24, 0x00, 0x00, 0x00, 0x00, 0x00, 0x00, 0x00, 0x10, 0x38, 0x00, 0x00, 0x00, 0x00, 0x14, 0x00,
  0x14, 0x00, 0x00, 0x00, 0x00, 0x00, 0x00, 0x00, 0x18, 0x30, 0x00, 0x00, 0x00, 0x00, 0x20, 0x00,
  0x4a, 0x00, 0x00, 0x00, 0x00, 0x00, 0x00, 0x00, 0x0c, 0x00, 0x00, 0x00, 0x00, 0x00, 0x4a, 0x00,
  0x00, 0x00, 0x00, 0x00, 0x00, 0x00, 0x00, 0x00, 0x00, 0x00, 0x00, 0x00, 0x00, 0x08, 0x28, 0x00,
  0x00, 0x88, 0x00, 0x00, 0x00, 0x00, 0x00, 0x00, 0x01, 0xe0, 0x10, 0x00, 0x00, 0x01, 0x52, 0x00,
  0x00, 0x00, 0x00, 0x00, 0x00, 0x00, 0x00, 0x00, 0x03, 0xf9, 0xf0, 0x00, 0x00, 0x00, 0x09, 0x00,
  0x00, 0x00, 0x00, 0x00, 0x00, 0x00, 0x00, 0x00, 0x07, 0xf1, 0xf0, 0x00, 0x00, 0x00, 0x40, 0x00,
  0x00, 0x00, 0x00, 0x95, 0x00, 0x00, 0x00, 0x00, 0x07, 0xf8, 0x00, 0x00, 0x00, 0x00, 0x20, 0x00,
  0x00, 0x10, 0x02, 0x80, 0x00, 0x00, 0x00, 0x01, 0xe7, 0xf8, 0x00, 0x00, 0x00, 0x00, 0x90, 0x00,
  0x00, 0x00, 0x00, 0x68, 0x00, 0x00, 0x00, 0x01, 0xa3, 0xf0, 0x00, 0x00, 0x00, 0x00, 0x48, 0x40,
  0x00, 0x00, 0x01, 0x25, 0x00, 0x00, 0x00, 0x00, 0x01, 0xa2, 0x00, 0x00, 0x00, 0x01, 0x54, 0x00,
  0x00, 0x00, 0x00, 0x48, 0x00, 0x00, 0x00, 0x00, 0x00, 0x03, 0x00, 0x00, 0x00, 0x00, 0x48, 0x00,
  0x00, 0x00, 0x02, 0x22, 0x00, 0x00, 0x00, 0x00, 0x02, 0x03, 0xc0, 0x00, 0x00, 0x00, 0x24, 0x00,
  0x00, 0x00, 0x09, 0x08, 0x03, 0xa0, 0x00, 0x00, 0x07, 0x00, 0xc0, 0x00, 0x00, 0x00, 0x10, 0x00,
  0x00, 0x00, 0x04, 0x80, 0x04, 0x80, 0x00, 0x00, 0x06, 0x00, 0x01, 0x00, 0x00, 0x00, 0x00, 0x20,
  0x00, 0x00, 0x02, 0x00, 0x0a, 0xa4, 0x00, 0x00, 0x0e, 0x01, 0x03, 0x00, 0x00, 0x00, 0x00, 0x00,
  0x00, 0x00, 0x00, 0x08, 0x0d, 0x06, 0x00, 0x00, 0x00, 0x01, 0x83, 0x00, 0x00, 0x00, 0x00, 0x00,
  0x00, 0x00, 0x00, 0x00, 0x0c, 0x46, 0x00, 0x00, 0x00, 0x01, 0xc6, 0x00, 0x20, 0x00, 0x00, 0x00,
  0x00, 0x00, 0x00, 0x40, 0x08, 0x04, 0x02, 0x01, 0xf0, 0x00, 0x63, 0x00, 0x80, 0x00, 0x00, 0x00,
  0x00, 0x00, 0x00, 0x01, 0x0c, 0x06, 0x07, 0x03, 0xb8, 0x00, 0x76, 0x00, 0x40, 0x08, 0x00, 0x00,
  0x00, 0x00, 0x00, 0x00, 0x08, 0x06, 0x0f, 0x06, 0x18, 0x00, 0x3e, 0x00, 0x00, 0x00, 0x00, 0x00,
  0x00, 0x01, 0x00, 0x00, 0x0c, 0x0e, 0x0e, 0x02, 0x0c, 0x00, 0x1c, 0x00, 0x00, 0x00, 0x00, 0x00,
  0x01, 0x08, 0x00, 0x00, 0x0c, 0x7c, 0x0b, 0x83, 0x18, 0xfc, 0x0c, 0x00, 0x10, 0x00, 0x00, 0x00,
  0x00, 0x80, 0x00, 0x00, 0x0f, 0xf6, 0x1d, 0x86, 0x18, 0xfe, 0x0c, 0x00, 0x00, 0x00, 0x00, 0x00,
  0x00, 0x00, 0x00, 0x00, 0x0f, 0x06, 0x7f, 0x83, 0xf0, 0xc6, 0x18, 0x00, 0x02, 0x00, 0x00, 0x00,
  0x00, 0x80, 0x00, 0x00, 0x0c, 0x06, 0x35, 0x83, 0x60, 0xc2, 0x18, 0x18, 0x03, 0x00, 0x00, 0x00,
  0x00, 0x00, 0x00, 0x00, 0x18, 0x06, 0x11, 0xc3, 0x80, 0xce, 0x18, 0x1c, 0x02, 0x00, 0x00, 0x00,
  0x00, 0x80, 0x00, 0x80, 0x0c, 0x06, 0x00, 0x81, 0x00, 0x7c, 0x30, 0x2e, 0x06, 0x00, 0x02, 0x00,
  0x00, 0x00, 0x00, 0x00, 0x18, 0x04, 0x00, 0xe3, 0x00, 0xf0, 0x30, 0x06, 0x06, 0x00, 0x00, 0x00,
  0x00, 0x80, 0x00, 0x00, 0x0c, 0x06, 0x00, 0x01, 0x80, 0x60, 0x70, 0x03, 0x0c, 0x00, 0x00, 0x00,
  0x00, 0x00, 0x00, 0x00, 0x18, 0x06, 0x00, 0x03, 0x00, 0xc0, 0x20, 0x01, 0xa6, 0x20, 0x00, 0x00,
  0x00, 0x00, 0x00, 0x00, 0x18, 0x06, 0x00, 0x00, 0x00, 0xc0, 0x20, 0x01, 0xcc, 0x00, 0x00, 0x04,
  0x00, 0x90, 0x00, 0x00, 0x10, 0x00, 0x00, 0x00, 0x00, 0x00, 0x28, 0xc0, 0xc8, 0x00, 0x02, 0x00,
  0x00, 0x00, 0x00, 0x00, 0x18, 0x00, 0x00, 0x00, 0x10, 0x00, 0x10, 0xe0, 0xec, 0x00, 0x02, 0x00,
  0x00, 0x00, 0x00, 0x01, 0x00, 0x40, 0x70, 0xfa, 0x60, 0x40, 0x0a, 0xe0, 0x38, 0x00, 0x00, 0x00,
  0x00, 0x00, 0x00, 0x07, 0xe0, 0x60, 0xf9, 0xfe, 0x30, 0xe0, 0x05, 0xf0, 0x38, 0x00, 0x02, 0x00,
  0x00, 0x48, 0x00, 0x0e, 0xe0, 0x01, 0x9c, 0x10, 0x30, 0x40, 0x03, 0x30, 0x30, 0x00, 0x01, 0x00,
  0x00, 0x00, 0x00, 0x08, 0x60, 0x00, 0xc8, 0x30, 0x31, 0x60, 0x0f, 0xf0, 0x18, 0x00, 0x00, 0x00,
  0x00, 0xa0, 0x00, 0x0e, 0x60, 0x01, 0xdc, 0x30, 0x7f, 0xe2, 0x07, 0xf8, 0x30, 0x80, 0x01, 0x00,
  0x28, 0x10, 0x00, 0x05, 0xf0, 0x60, 0xf0, 0x30, 0x35, 0x47, 0xc2, 0x18, 0x32, 0x00, 0x02, 0x00,
  0x25, 0x54, 0x00, 0x0f, 0xfc, 0x71, 0xf0, 0x30, 0x60, 0xe6, 0xe6, 0x18, 0x60, 0xa0, 0x00, 0x00,
  0x5a, 0x50, 0x00, 0x0f, 0x0e, 0x21, 0xb8, 0x10, 0x60, 0x44, 0xe0, 0x0c, 0x32, 0x00, 0x00, 0x00,
  0x20, 0xa0, 0x00, 0x06, 0x04, 0x71, 0x8e, 0x30, 0x20, 0x6e, 0x31, 0x08, 0x60, 0x80, 0x01, 0x00,
  0x5a, 0x10, 0x00, 0x0e, 0x06, 0x20, 0x86, 0x38, 0x70, 0xc4, 0x72, 0x80, 0x60, 0x00, 0x08, 0x00,
  0x08, 0x00, 0x00, 0x0c, 0x0e, 0x70, 0x00, 0x30, 0x60, 0x0e, 0x31, 0x40, 0xc0, 0x00, 0x00, 0x20,
  0x20, 0x00, 0x00, 0x06, 0x0c, 0x20, 0x00, 0x30, 0x00, 0x04, 0x6a, 0x00, 0xc0, 0x00, 0x00, 0x00,
  0x04, 0x40, 0x00, 0x06, 0x1c, 0x60, 0x00, 0x38, 0x00, 0x0c, 0xe5, 0xa0, 0x80, 0x08, 0x00, 0x80,
  0x00, 0x00, 0x04, 0x8e, 0x38, 0x20, 0x00, 0x10, 0x00, 0x0f, 0xa0, 0x00, 0xc0, 0x00, 0x00, 0x00,
  0x00, 0x00, 0x12, 0x44, 0x70, 0x00, 0x00, 0x00, 0x00, 0x07, 0x81, 0x00, 0x00, 0x00, 0x41, 0x40,
  0x00, 0x00, 0x0a, 0x87, 0xe0, 0x00, 0x00, 0x00, 0x00, 0x04, 0x00, 0x00, 0x00, 0x02, 0x51, 0x20,
  0x01, 0x00, 0x09, 0x07, 0x80, 0x00, 0x00, 0x00, 0x00, 0x00, 0x00, 0x00, 0x00, 0x00, 0xaa, 0xa0,
  0x01, 0x00, 0x02, 0x47, 0x00, 0x00, 0x00, 0x00, 0x00, 0x00, 0x00, 0x00, 0x00, 0x02, 0xa4, 0x90,
  0x00, 0x00, 0x08, 0x00, 0x00, 0x00, 0x60, 0x10, 0x00, 0x00, 0x00, 0x00, 0x00, 0x02, 0x51, 0x40,
  0x00, 0x00, 0x01, 0x40, 0x00, 0x00, 0x40, 0x10, 0x00, 0x00, 0x00, 0x00, 0x00, 0x01, 0x50, 0x20,
  0x00, 0x00, 0x00, 0x00, 0x00, 0x00, 0x00, 0x00, 0x00, 0x00, 0x00, 0x00, 0x00, 0x00, 0x24, 0x80,
  0x00, 0x00, 0x00, 0x00, 0x00, 0x07, 0x00, 0x06, 0x00, 0x00, 0x00, 0x00, 0x00, 0x01, 0x10, 0x00,
  0x00, 0x00, 0x00, 0x00, 0x00, 0x03, 0x00, 0x0e, 0x00, 0x00, 0x00, 0x00, 0x00, 0x00, 0x00, 0x00,
  0x00, 0x00, 0x00, 0x00, 0x00, 0x01, 0xc0, 0x78, 0x00, 0x00, 0x00, 0x00, 0x00, 0xa0, 0x00, 0x00,
  0x00, 0x00, 0x00, 0x00, 0x00, 0x00, 0xff, 0xe8, 0x00, 0x00, 0x00, 0x00, 0x00, 0x90, 0x00, 0x00,
  0x00, 0x00, 0x00, 0x00, 0x00, 0x00, 0x3f, 0xa0, 0x00, 0x00, 0x00, 0x00, 0x06, 0x40, 0x00, 0x00,
  0x00, 0x00, 0x00, 0x00, 0x00, 0x00, 0x00, 0x00, 0x00, 0x00, 0x00, 0x00, 0x01, 0xa0, 0x04, 0x00
};

const uint8_t PROGMEM frame45[1024] = {
  0x00, 0x00, 0x00, 0x00, 0x00, 0x00, 0x00, 0x00, 0x00, 0x00, 0x00, 0x00, 0x00, 0x00, 0x00, 0x00,
  0x28, 0x00, 0x00, 0x00, 0x00, 0x00, 0x00, 0x00, 0x00, 0x18, 0x00, 0x00, 0x00, 0x00, 0x00, 0x00,
  0x04, 0x00, 0x00, 0x00, 0x00, 0x00, 0x00, 0x00, 0x00, 0x18, 0x00, 0x00, 0x00, 0x00, 0x00, 0x00,
  0x5a, 0x00, 0x00, 0x00, 0x00, 0x00, 0x00, 0x00, 0x10, 0x38, 0x00, 0x00, 0x00, 0x00, 0x14, 0x00,
  0x25, 0x00, 0x00, 0x00, 0x00, 0x00, 0x00, 0x00, 0x18, 0x30, 0x00, 0x00, 0x00, 0x00, 0x00, 0x00,
  0x12, 0x00, 0x00, 0x00, 0x00, 0x00, 0x00, 0x00, 0x0c, 0x00, 0x00, 0x00, 0x00, 0x0c, 0x94, 0x00,
  0x10, 0x00, 0x00, 0x00, 0x00, 0x00, 0x00, 0x00, 0x00, 0x00, 0x00, 0x00, 0x00, 0x12, 0x01, 0x00,
  0x04, 0x88, 0x00, 0x00, 0x00, 0x00, 0x00, 0x00, 0x01, 0xe0, 0x10, 0x00, 0x02, 0x08, 0x08, 0x08,
  0x00, 0x00, 0x04, 0x00, 0x00, 0x00, 0x00, 0x00, 0x03, 0xf9, 0xf0, 0x00, 0x00, 0x00, 0xa0, 0x10,
  0x00, 0x00, 0x00, 0x40, 0x00, 0x00, 0x00, 0x00, 0x07, 0xf1, 0xf0, 0x00, 0x00, 0x00, 0x11, 0x0a,
  0x00, 0x00, 0x00, 0x12, 0x80, 0x00, 0x00, 0x00, 0x07, 0xf8, 0x00, 0x00, 0x00, 0x02, 0x40, 0x04,
  0x00, 0x00, 0x01, 0x04, 0x00, 0x00, 0x00, 0x01, 0xe7, 0xf8, 0x00, 0x00, 0x00, 0x00, 0x28, 0x20,
  0x00, 0x00, 0x00, 0xe0, 0x00, 0x00, 0x00, 0x01, 0xa3, 0xf0, 0x00, 0x00, 0x00, 0x01, 0x04, 0x00,
  0x00, 0x00, 0x00, 0x14, 0x80, 0x00, 0x00, 0x00, 0x01, 0xa2, 0x00, 0x00, 0x00, 0x00, 0xb0, 0x00,
  0x00, 0x00, 0x21, 0x02, 0x00, 0x00, 0x00, 0x00, 0x00, 0x03, 0x00, 0x00, 0x00, 0x01, 0x54, 0x00,
  0x00, 0x00, 0x04, 0xa0, 0x02, 0xc0, 0x00, 0x00, 0x02, 0x03, 0xc0, 0x00, 0x00, 0x00, 0x14, 0x00,
  0x00, 0x00, 0x02, 0x09, 0x05, 0x28, 0x00, 0x00, 0x07, 0x00, 0xc0, 0x00, 0x00, 0x00, 0x40, 0x00,
  0x00, 0x00, 0x09, 0x40, 0x09, 0x40, 0x00, 0x00, 0x06, 0x00, 0x01, 0x00, 0x00, 0x00, 0x12, 0x20,
  0x00, 0x00, 0x04, 0x00, 0x05, 0x14, 0x00, 0x00, 0x0e, 0x01, 0x03, 0x00, 0x00, 0x00, 0x00, 0x00,
  0x00, 0x00, 0x01, 0x00, 0x0c, 0x46, 0x00, 0x00, 0x00, 0x01, 0x83, 0x00, 0x00, 0x00, 0x00, 0x00,
  0x01, 0x00, 0x00, 0x02, 0x0c, 0x16, 0x00, 0x00, 0x00, 0x01, 0xc6, 0x00, 0xa0, 0x00, 0x00, 0x00,
  0x00, 0x00, 0x00, 0x00, 0x09, 0x04, 0x02, 0x01, 0xf0, 0x00, 0x63, 0x02, 0x40, 0x40, 0x00, 0x00,
  0x00, 0x00, 0x00, 0x00, 0x0c, 0x06, 0x07, 0x03, 0xb8, 0x00, 0x76, 0x00, 0x91, 0x80, 0x00, 0x00,
  0x00, 0x00, 0x00, 0x00, 0x08, 0x06, 0x0f, 0x06, 0x18, 0x00, 0x3e, 0x00, 0x40, 0x40, 0x00, 0x00,
  0x00, 0x01, 0x00, 0x00, 0x0c, 0x0c, 0x0f, 0x02, 0x0c, 0x00, 0x1c, 0x00, 0x00, 0x00, 0x00, 0x00,
  0x00, 0x08, 0x00, 0x00, 0x0c, 0x7e, 0x0b, 0x03, 0x18, 0xfc, 0x0c, 0x00, 0x00, 0x00, 0x00, 0x00,
  0x01, 0x00, 0x00, 0x02, 0x0f, 0xf6, 0x3d, 0x86, 0x18, 0xfe, 0x0c, 0x00, 0x00, 0x00, 0x00, 0x00,
  0x00, 0x80, 0x00, 0x00, 0x0f, 0x06, 0x3f, 0x83, 0xf0, 0xc6, 0x18, 0x00, 0x03, 0x00, 0x00, 0x00,
  0x00, 0x00, 0x00, 0x00, 0x0c, 0x06, 0x32, 0x83, 0xd0, 0xc2, 0x18, 0x1a, 0x02, 0x00, 0x00, 0x00,
  0x00, 0x80, 0x00, 0x00, 0x08, 0x06, 0x11, 0xc3, 0x00, 0xce, 0x18, 0x1c, 0x06, 0x00, 0x00, 0x00,
  0x00, 0x00, 0x00, 0x00, 0x1c, 0x06, 0x00, 0xc1, 0x00, 0x7c, 0x30, 0x4c, 0x03, 0x00, 0x04, 0x00,
  0x00, 0x80, 0x00, 0x00, 0x08, 0x04, 0x00, 0xc3, 0x80, 0xf0, 0x30, 0x06, 0x06, 0x00, 0x01, 0x00,
  0x00, 0x00, 0x00, 0x00, 0x1c, 0x06, 0x00, 0x01, 0x00, 0x40, 0x70, 0x03, 0x0c, 0x00, 0x00, 0x00,
  0x00, 0x80, 0x00, 0x00, 0x08, 0x06, 0x00, 0x03, 0x00, 0xe0, 0x20, 0x03, 0x86, 0x00, 0x00, 0x00,
  0x00, 0x00, 0x00, 0x00, 0x18, 0x06, 0x00, 0x00, 0x80, 0xc0, 0x50, 0x01, 0xcc, 0x00, 0x00, 0x00,
  0x00, 0x00, 0x00, 0x00, 0x18, 0x00, 0x00, 0x00, 0x00, 0x01, 0x24, 0xc0, 0xcc, 0x00, 0x02, 0x02,
  0x00, 0x40, 0x00, 0x00, 0x10, 0x00, 0x00, 0x00, 0x00, 0x00, 0x02, 0xe0, 0x68, 0x00, 0x00, 0x00,
  0x00, 0x08, 0x00, 0x01, 0x08, 0x40, 0x71, 0xfe, 0x30, 0x40, 0xa4, 0xe0, 0x78, 0x00, 0x02, 0x00,
  0x00, 0x00, 0x00, 0x07, 0xea, 0x60, 0xf8, 0xf4, 0x70, 0xe0, 0x03, 0xf0, 0x38, 0x00, 0x01, 0x00,
  0x00, 0x00, 0x00, 0x0e, 0xf4, 0x01, 0x9c, 0x30, 0x30, 0x40, 0x15, 0x30, 0x18, 0x00, 0x01, 0x00,
  0x00, 0x00, 0x00, 0x08, 0x60, 0x00, 0xc8, 0x30, 0x31, 0x60, 0x0b, 0xf0, 0x30, 0x00, 0x00, 0x00,
  0x00, 0x20, 0x00, 0x0e, 0x60, 0x01, 0xdc, 0x30, 0x77, 0xe1, 0x07, 0xf8, 0x30, 0x00, 0x02, 0x00,
  0x20, 0x94, 0x10, 0x05, 0xf0, 0x60, 0xf0, 0x10, 0x3d, 0x47, 0x87, 0x18, 0x32, 0xa0, 0x01, 0x00,
  0x1a, 0x40, 0x00, 0x0f, 0xfc, 0x71, 0xf0, 0x30, 0x60, 0xe6, 0xe2, 0x18, 0x25, 0x00, 0x00, 0x00,
  0x09, 0x2a, 0x00, 0x0f, 0x0e, 0x21, 0xb8, 0x30, 0x60, 0x44, 0xe0, 0x0c, 0x71, 0x40, 0x01, 0x00,
  0x40, 0xa8, 0x00, 0x06, 0x04, 0x71, 0x8e, 0x30, 0x60, 0x6e, 0x35, 0x08, 0x42, 0x20, 0x00, 0x00,
  0x32, 0x20, 0x00, 0x0e, 0x06, 0x20, 0x86, 0x30, 0x60, 0xc4, 0x72, 0x40, 0x60, 0x00, 0x01, 0x00,
  0x08, 0x88, 0x00, 0x06, 0x0e, 0x70, 0x00, 0x38, 0x40, 0x0e, 0x34, 0x80, 0xc0, 0x00, 0x00, 0x00,
  0x2a, 0x00, 0x00, 0x0c, 0x0c, 0x20, 0x00, 0x30, 0x20, 0x04, 0x72, 0x00, 0xc0, 0x00, 0x00, 0x00,
  0x04, 0x00, 0x00, 0x06, 0x1c, 0x60, 0x00, 0x30, 0x00, 0x0c, 0xe0, 0xa0, 0x80, 0x00, 0x00, 0x00,
  0x20, 0x00, 0x00, 0x06, 0x38, 0x20, 0x00, 0x10, 0x00, 0x0f, 0xa9, 0x00, 0xc0, 0x00, 0x20, 0x00,
  0x00, 0x00, 0x0a, 0xa6, 0x70, 0x00, 0x00, 0x00, 0x00, 0x07, 0x80, 0x40, 0x00, 0x00, 0x81, 0x40,
  0x01, 0x00, 0x02, 0x86, 0xe0, 0x00, 0x00, 0x00, 0x00, 0x05, 0x02, 0x00, 0x00, 0x02, 0x08, 0xa8,
  0x00, 0x80, 0x29, 0x0f, 0xc0, 0x00, 0x00, 0x00, 0x00, 0x00, 0x00, 0x00, 0x00, 0x00, 0xa2, 0x40,
  0x04, 0x00, 0x02, 0x47, 0x00, 0x00, 0x00, 0x00, 0x00, 0x00, 0x00, 0x00, 0x00, 0x04, 0x29, 0x28,
  0x01, 0x40, 0x08, 0x00, 0x00, 0x00, 0x60, 0x10, 0x00, 0x00, 0x00, 0x00, 0x00, 0x02, 0x84, 0x90,
  0x01, 0x00, 0x02, 0x40, 0x00, 0x00, 0x40, 0x10, 0x00, 0x00, 0x00, 0x00, 0x00, 0x08, 0x51, 0x40,
  0x00, 0x00, 0x00, 0x80, 0x00, 0x00, 0x00, 0x00, 0x00, 0x00, 0x00, 0x00, 0x00, 0x01, 0x20, 0x10,
  0x00, 0x00, 0x02, 0x00, 0x00, 0x07, 0x00, 0x06, 0x00, 0x00, 0x00, 0x00, 0x00, 0x02, 0x14, 0x40,
  0x00, 0x00, 0x00, 0x00, 0x00, 0x03, 0x00, 0x0e, 0x00, 0x00, 0x00, 0x00, 0x00, 0x20, 0x40, 0x00,
  0x00, 0x00, 0x00, 0x00, 0x00, 0x01, 0xc0, 0x7c, 0x00, 0x00, 0x00, 0x00, 0x00, 0x80, 0x20, 0x00,
  0x00, 0x00, 0x00, 0x00, 0x00, 0x00, 0xff, 0xe8, 0x00, 0x00, 0x00, 0x00, 0x00, 0x40, 0x80, 0x00,
  0x00, 0x00, 0x00, 0x00, 0x00, 0x00, 0x3f, 0xa0, 0x00, 0x00, 0x00, 0x00, 0x0a, 0x28, 0x06, 0x00,
  0x00, 0x00, 0x00, 0x00, 0x00, 0x00, 0x00, 0x00, 0x00, 0x00, 0x00, 0x00, 0x01, 0x00, 0x00, 0x00
};

const uint8_t PROGMEM frame46[1024] = {
  0x00, 0x00, 0x00, 0x00, 0x00, 0x00, 0x00, 0x00, 0x00, 0x00, 0x00, 0x00, 0x00, 0x00, 0x00, 0x00,
  0x28, 0x00, 0x00, 0x00, 0x00, 0x00, 0x00, 0x00, 0x00, 0x18, 0x00, 0x00, 0x00, 0x00, 0x00, 0x00,
  0x04, 0x00, 0x00, 0x00, 0x00, 0x00, 0x00, 0x00, 0x00, 0x18, 0x00, 0x00, 0x00, 0x00, 0x00, 0x00,
  0x5a, 0x00, 0x00, 0x00, 0x00, 0x00, 0x00, 0x00, 0x10, 0x38, 0x00, 0x00, 0x00, 0x00, 0x14, 0x00,
  0x25, 0x00, 0x00, 0x00, 0x00, 0x00, 0x00, 0x00, 0x18, 0x30, 0x00, 0x00, 0x00, 0x00, 0x00, 0x00,
  0x12, 0x00, 0x00, 0x00, 0x00, 0x00, 0x00, 0x00, 0x0c, 0x00, 0x00, 0x00, 0x00, 0x0c, 0x94, 0x00,
  0x10, 0x00, 0x00, 0x00, 0x00, 0x00, 0x00, 0x00, 0x00, 0x00, 0x00, 0x00, 0x00, 0x12, 0x01, 0x00,
  0x04, 0x88, 0x00, 0x00, 0x00, 0x00, 0x00, 0x00, 0x01, 0xe0, 0x10, 0x00, 0x02, 0x08, 0x08, 0x08,
  0x00, 0x00, 0x04, 0x00, 0x00, 0x00, 0x00, 0x00, 0x03, 0xf9, 0xf0, 0x00, 0x00, 0x00, 0xa0, 0x10,
  0x00, 0x00, 0x00, 0x40, 0x00, 0x00, 0x00, 0x00, 0x07, 0xf1, 0xf0, 0x00, 0x00, 0x00, 0x11, 0x0a,
  0x00, 0x00, 0x00, 0x12, 0x80, 0x00, 0x00, 0x00, 0x07, 0xf8, 0x00, 0x00, 0x00, 0x02, 0x40, 0x04,
  0x00, 0x00, 0x01, 0x04, 0x00, 0x00, 0x00, 0x01, 0xe7, 0xf8, 0x00, 0x00, 0x00, 0x00, 0x28, 0x20,
  0x00, 0x00, 0x00, 0xe0, 0x00, 0x00, 0x00, 0x01, 0xa3, 0xf0, 0x00, 0x00, 0x00, 0x01, 0x04, 0x00,
  0x00, 0x00, 0x00, 0x14, 0x80, 0x00, 0x00, 0x00, 0x01, 0xa2, 0x00, 0x00, 0x00, 0x00, 0xb0, 0x00,
  0x00, 0x00, 0x21, 0x02, 0x00, 0x00, 0x00, 0x00, 0x00, 0x03, 0x00, 0x00, 0x00, 0x01, 0x54, 0x00,
  0x00, 0x00, 0x04, 0xa0, 0x02, 0xc0, 0x00, 0x00, 0x02, 0x03, 0xc0, 0x00, 0x00, 0x00, 0x14, 0x00,
  0x00, 0x00, 0x02, 0x09, 0x05, 0x28, 0x00, 0x00, 0x07, 0x00, 0xc0, 0x00, 0x00, 0x00, 0x40, 0x00,
  0x00, 0x00, 0x09, 0x40, 0x09, 0x40, 0x00, 0x00, 0x06, 0x00, 0x01, 0x00, 0x00, 0x00, 0x12, 0x20,
  0x00, 0x00, 0x04, 0x00, 0x05, 0x14, 0x00, 0x00, 0x0e, 0x01, 0x03, 0x00, 0x00, 0x00, 0x00, 0x00,
  0x00, 0x00, 0x01, 0x00, 0x0c, 0x46, 0x00, 0x00, 0x00, 0x01, 0x83, 0x00, 0x00, 0x00, 0x00, 0x00,
  0x01, 0x00, 0x00, 0x02, 0x0c, 0x16, 0x00, 0x00, 0x00, 0x01, 0xc6, 0x00, 0xa0, 0x00, 0x00, 0x00,
  0x00, 0x00, 0x00, 0x00, 0x09, 0x04, 0x02, 0x01, 0xf0, 0x00, 0x63, 0x02, 0x40, 0x40, 0x00, 0x00,
  0x00, 0x00, 0x00, 0x00, 0x0c, 0x06, 0x07, 0x03, 0xb8, 0x00, 0x76, 0x00, 0x91, 0x80, 0x00, 0x00,
  0x00, 0x00, 0x00, 0x00, 0x08, 0x06, 0x0f, 0x06, 0x18, 0x00, 0x3e, 0x00, 0x40, 0x40, 0x00, 0x00,
  0x00, 0x01, 0x00, 0x00, 0x0c, 0x0c, 0x0f, 0x02, 0x0c, 0x00, 0x1c, 0x00, 0x00, 0x00, 0x00, 0x00,
  0x00, 0x08, 0x00, 0x00, 0x0c, 0x7e, 0x0b, 0x03, 0x18, 0xfc, 0x0c, 0x00, 0x00, 0x00, 0x00, 0x00,
  0x01, 0x00, 0x00, 0x02, 0x0f, 0xf6, 0x3d, 0x86, 0x18, 0xfe, 0x0c, 0x00, 0x00, 0x00, 0x00, 0x00,
  0x00, 0x80, 0x00, 0x00, 0x0f, 0x06, 0x3f, 0x83, 0xf0, 0xc6, 0x18, 0x00, 0x03, 0x00, 0x00, 0x00,
  0x00, 0x00, 0x00, 0x00, 0x0c, 0x06, 0x32, 0x83, 0xd0, 0xc2, 0x18, 0x1a, 0x02, 0x00, 0x00, 0x00,
  0x00, 0x80, 0x00, 0x00, 0x08, 0x06, 0x11, 0xc3, 0x00, 0xce, 0x18, 0x1c, 0x06, 0x00, 0x00, 0x00,
  0x00, 0x00, 0x00, 0x00, 0x1c, 0x06, 0x00, 0xc1, 0x00, 0x7c, 0x30, 0x4c, 0x03, 0x00, 0x04, 0x00,
  0x00, 0x80, 0x00, 0x00, 0x08, 0x04, 0x00, 0xc3, 0x80, 0xf0, 0x30, 0x06, 0x06, 0x00, 0x01, 0x00,
  0x00, 0x00, 0x00, 0x00, 0x1c, 0x06, 0x00, 0x01, 0x00, 0x40, 0x70, 0x03, 0x0c, 0x00, 0x00, 0x00,
  0x00, 0x80, 0x00, 0x00, 0x08, 0x06, 0x00, 0x03, 0x00, 0xe0, 0x20, 0x03, 0x86, 0x00, 0x00, 0x00,
  0x00, 0x00, 0x00, 0x00, 0x18, 0x06, 0x00, 0x00, 0x80, 0xc0, 0x50, 0x01, 0xcc, 0x00, 0x00, 0x00,
  0x00, 0x00, 0x00, 0x00, 0x18, 0x00, 0x00, 0x00, 0x00, 0x01, 0x24, 0xc0, 0xcc, 0x00, 0x02, 0x02,
  0x00, 0x40, 0x00, 0x00, 0x10, 0x00, 0x00, 0x00, 0x00, 0x00, 0x02, 0xe0, 0x68, 0x00, 0x00, 0x00,
  0x00, 0x08, 0x00, 0x01, 0x08, 0x40, 0x71, 0xfe, 0x30, 0x40, 0xa4, 0xe0, 0x78, 0x00, 0x02, 0x00,
  0x00, 0x00, 0x00, 0x07, 0xea, 0x60, 0xf8, 0xf4, 0x70, 0xe0, 0x03, 0xf0, 0x38, 0x00, 0x01, 0x00,
  0x00, 0x00, 0x00, 0x0e, 0xf4, 0x01, 0x9c, 0x30, 0x30, 0x40, 0x15, 0x30, 0x18, 0x00, 0x01, 0x00,
  0x00, 0x00, 0x00, 0x08, 0x60, 0x00, 0xc8, 0x30, 0x31, 0x60, 0x0b, 0xf0, 0x30, 0x00, 0x00, 0x00,
  0x00, 0x20, 0x00, 0x0e, 0x60, 0x01, 0xdc, 0x30, 0x77, 0xe1, 0x07, 0xf8, 0x30, 0x00, 0x02, 0x00,
  0x20, 0x94, 0x10, 0x05, 0xf0, 0x60, 0xf0, 0x10, 0x3d, 0x47, 0x87, 0x18, 0x32, 0xa0, 0x01, 0x00,
  0x1a, 0x40, 0x00, 0x0f, 0xfc, 0x71, 0xf0, 0x30, 0x60, 0xe6, 0xe2, 0x18, 0x25, 0x00, 0x00, 0x00,
  0x09, 0x2a, 0x00, 0x0f, 0x0e, 0x21, 0xb8, 0x30, 0x60, 0x44, 0xe0, 0x0c, 0x71, 0x40, 0x01, 0x00,
  0x40, 0xa8, 0x00, 0x06, 0x04, 0x71, 0x8e, 0x30, 0x60, 0x6e, 0x35, 0x08, 0x42, 0x20, 0x00, 0x00,
  0x32, 0x20, 0x00, 0x0e, 0x06, 0x20, 0x86, 0x30, 0x60, 0xc4, 0x72, 0x40, 0x60, 0x00, 0x01, 0x00,
  0x08, 0x88, 0x00, 0x06, 0x0e, 0x70, 0x00, 0x38, 0x40, 0x0e, 0x34, 0x80, 0xc0, 0x00, 0x00, 0x00,
  0x2a, 0x00, 0x00, 0x0c, 0x0c, 0x20, 0x00, 0x30, 0x20, 0x04, 0x72, 0x00, 0xc0, 0x00, 0x00, 0x00,
  0x04, 0x00, 0x00, 0x06, 0x1c, 0x60, 0x00, 0x30, 0x00, 0x0c, 0xe0, 0xa0, 0x80, 0x00, 0x00, 0x00,
  0x20, 0x00, 0x00, 0x06, 0x38, 0x20, 0x00, 0x10, 0x00, 0x0f, 0xa9, 0x00, 0xc0, 0x00, 0x20, 0x00,
  0x00, 0x00, 0x0a, 0xa6, 0x70, 0x00, 0x00, 0x00, 0x00, 0x07, 0x80, 0x40, 0x00, 0x00, 0x81, 0x40,
  0x01, 0x00, 0x02, 0x86, 0xe0, 0x00, 0x00, 0x00, 0x00, 0x05, 0x02, 0x00, 0x00, 0x02, 0x08, 0xa8,
  0x00, 0x80, 0x29, 0x0f, 0xc0, 0x00, 0x00, 0x00, 0x00, 0x00, 0x00, 0x00, 0x00, 0x00, 0xa2, 0x40,
  0x04, 0x00, 0x02, 0x47, 0x00, 0x00, 0x00, 0x00, 0x00, 0x00, 0x00, 0x00, 0x00, 0x04, 0x29, 0x28,
  0x01, 0x40, 0x08, 0x00, 0x00, 0x00, 0x60, 0x10, 0x00, 0x00, 0x00, 0x00, 0x00, 0x02, 0x84, 0x90,
  0x01, 0x00, 0x02, 0x40, 0x00, 0x00, 0x40, 0x10, 0x00, 0x00, 0x00, 0x00, 0x00, 0x08, 0x51, 0x40,
  0x00, 0x00, 0x00, 0x80, 0x00, 0x00, 0x00, 0x00, 0x00, 0x00, 0x00, 0x00, 0x00, 0x01, 0x20, 0x10,
  0x00, 0x00, 0x02, 0x00, 0x00, 0x07, 0x00, 0x06, 0x00, 0x00, 0x00, 0x00, 0x00, 0x02, 0x14, 0x40,
  0x00, 0x00, 0x00, 0x00, 0x00, 0x03, 0x00, 0x0e, 0x00, 0x00, 0x00, 0x00, 0x00, 0x20, 0x40, 0x00,
  0x00, 0x00, 0x00, 0x00, 0x00, 0x01, 0xc0, 0x7c, 0x00, 0x00, 0x00, 0x00, 0x00, 0x80, 0x20, 0x00,
  0x00, 0x00, 0x00, 0x00, 0x00, 0x00, 0xff, 0xe8, 0x00, 0x00, 0x00, 0x00, 0x00, 0x40, 0x80, 0x00,
  0x00, 0x00, 0x00, 0x00, 0x00, 0x00, 0x3f, 0xa0, 0x00, 0x00, 0x00, 0x00, 0x0a, 0x28, 0x06, 0x00,
  0x00, 0x00, 0x00, 0x00, 0x00, 0x00, 0x00, 0x00, 0x00, 0x00, 0x00, 0x00, 0x01, 0x00, 0x00, 0x00
};

const uint8_t PROGMEM frame47[1024] = {
  0x00, 0x00, 0x00, 0x00, 0x00, 0x00, 0x00, 0x00, 0x00, 0x00, 0x00, 0x00, 0x00, 0x00, 0x00, 0x00,
  0x28, 0x00, 0x00, 0x00, 0x00, 0x00, 0x00, 0x00, 0x00, 0x18, 0x00, 0x00, 0x00, 0x00, 0x00, 0x00,
  0x04, 0x00, 0x00, 0x00, 0x00, 0x00, 0x00, 0x00, 0x00, 0x18, 0x00, 0x00, 0x00, 0x00, 0x00, 0x00,
  0x5a, 0x00, 0x00, 0x00, 0x00, 0x00, 0x00, 0x00, 0x10, 0x38, 0x00, 0x00, 0x00, 0x00, 0x14, 0x00,
  0x25, 0x00, 0x00, 0x00, 0x00, 0x00, 0x00, 0x00, 0x18, 0x30, 0x00, 0x00, 0x00, 0x00, 0x00, 0x00,
  0x12, 0x00, 0x00, 0x00, 0x00, 0x00, 0x00, 0x00, 0x0c, 0x00, 0x00, 0x00, 0x00, 0x0c, 0x94, 0x00,
  0x10, 0x00, 0x00, 0x00, 0x00, 0x00, 0x00, 0x00, 0x00, 0x00, 0x00, 0x00, 0x00, 0x12, 0x01, 0x00,
  0x04, 0x88, 0x00, 0x00, 0x00, 0x00, 0x00, 0x00, 0x01, 0xe0, 0x10, 0x00, 0x02, 0x08, 0x08, 0x08,
  0x00, 0x00, 0x04, 0x00, 0x00, 0x00, 0x00, 0x00, 0x03, 0xf9, 0xf0, 0x00, 0x00, 0x00, 0xa0, 0x10,
  0x00, 0x00, 0x00, 0x40, 0x00, 0x00, 0x00, 0x00, 0x07, 0xf1, 0xf0, 0x00, 0x00, 0x00, 0x11, 0x0a,
  0x00, 0x00, 0x00, 0x12, 0x80, 0x00, 0x00, 0x00, 0x07, 0xf8, 0x00, 0x00, 0x00, 0x02, 0x40, 0x04,
  0x00, 0x00, 0x01, 0x04, 0x00, 0x00, 0x00, 0x01, 0xe7, 0xf8, 0x00, 0x00, 0x00, 0x00, 0x28, 0x20,
  0x00, 0x00, 0x00, 0xe0, 0x00, 0x00, 0x00, 0x01, 0xa3, 0xf0, 0x00, 0x00, 0x00, 0x01, 0x04, 0x00,
  0x00, 0x00, 0x00, 0x14, 0x80, 0x00, 0x00, 0x00, 0x01, 0xa2, 0x00, 0x00, 0x00, 0x00, 0xb0, 0x00,
  0x00, 0x00, 0x21, 0x02, 0x00, 0x00, 0x00, 0x00, 0x00, 0x03, 0x00, 0x00, 0x00, 0x01, 0x54, 0x00,
  0x00, 0x00, 0x04, 0xa0, 0x02, 0xc0, 0x00, 0x00, 0x02, 0x03, 0xc0, 0x00, 0x00, 0x00, 0x14, 0x00,
  0x00, 0x00, 0x02, 0x09, 0x05, 0x28, 0x00, 0x00, 0x07, 0x00, 0xc0, 0x00, 0x00, 0x00, 0x40, 0x00,
  0x00, 0x00, 0x09, 0x40, 0x09, 0x40, 0x00, 0x00, 0x06, 0x00, 0x01, 0x00, 0x00, 0x00, 0x12, 0x20,
  0x00, 0x00, 0x04, 0x00, 0x05, 0x14, 0x00, 0x00, 0x0e, 0x01, 0x03, 0x00, 0x00, 0x00, 0x00, 0x00,
  0x00, 0x00, 0x01, 0x00, 0x0c, 0x46, 0x00, 0x00, 0x00, 0x01, 0x83, 0x00, 0x00, 0x00, 0x00, 0x00,
  0x01, 0x00, 0x00, 0x02, 0x0c, 0x16, 0x00, 0x00, 0x00, 0x01, 0xc6, 0x00, 0xa0, 0x00, 0x00, 0x00,
  0x00, 0x00, 0x00, 0x00, 0x09, 0x04, 0x02, 0x01, 0xf0, 0x00, 0x63, 0x02, 0x40, 0x40, 0x00, 0x00,
  0x00, 0x00, 0x00, 0x00, 0x0c, 0x06, 0x07, 0x03, 0xb8, 0x00, 0x76, 0x00, 0x91, 0x80, 0x00, 0x00,
  0x00, 0x00, 0x00, 0x00, 0x08, 0x06, 0x0f, 0x06, 0x18, 0x00, 0x3e, 0x00, 0x40, 0x40, 0x00, 0x00,
  0x00, 0x01, 0x00, 0x00, 0x0c, 0x0c, 0x0f, 0x02, 0x0c, 0x00, 0x1c, 0x00, 0x00, 0x00, 0x00, 0x00,
  0x00, 0x08, 0x00, 0x00, 0x0c, 0x7e, 0x0b, 0x03, 0x18, 0xfc, 0x0c, 0x00, 0x00, 0x00, 0x00, 0x00,
  0x01, 0x00, 0x00, 0x02, 0x0f, 0xf6, 0x3d, 0x86, 0x18, 0xfe, 0x0c, 0x00, 0x00, 0x00, 0x00, 0x00,
  0x00, 0x80, 0x00, 0x00, 0x0f, 0x06, 0x3f, 0x83, 0xf0, 0xc6, 0x18, 0x00, 0x03, 0x00, 0x00, 0x00,
  0x00, 0x00, 0x00, 0x00, 0x0c, 0x06, 0x32, 0x83, 0xd0, 0xc2, 0x18, 0x1a, 0x02, 0x00, 0x00, 0x00,
  0x00, 0x80, 0x00, 0x00, 0x08, 0x06, 0x11, 0xc3, 0x00, 0xce, 0x18, 0x1c, 0x06, 0x00, 0x00, 0x00,
  0x00, 0x00, 0x00, 0x00, 0x1c, 0x06, 0x00, 0xc1, 0x00, 0x7c, 0x30, 0x4c, 0x03, 0x00, 0x04, 0x00,
  0x00, 0x80, 0x00, 0x00, 0x08, 0x04, 0x00, 0xc3, 0x80, 0xf0, 0x30, 0x06, 0x06, 0x00, 0x01, 0x00,
  0x00, 0x00, 0x00, 0x00, 0x1c, 0x06, 0x00, 0x01, 0x00, 0x40, 0x70, 0x03, 0x0c, 0x00, 0x00, 0x00,
  0x00, 0x80, 0x00, 0x00, 0x08, 0x06, 0x00, 0x03, 0x00, 0xe0, 0x20, 0x03, 0x86, 0x00, 0x00, 0x00,
  0x00, 0x00, 0x00, 0x00, 0x18, 0x06, 0x00, 0x00, 0x80, 0xc0, 0x50, 0x01, 0xcc, 0x00, 0x00, 0x00,
  0x00, 0x00, 0x00, 0x00, 0x18, 0x00, 0x00, 0x00, 0x00, 0x01, 0x24, 0xc0, 0xcc, 0x00, 0x02, 0x02,
  0x00, 0x40, 0x00, 0x00, 0x10, 0x00, 0x00, 0x00, 0x00, 0x00, 0x02, 0xe0, 0x68, 0x00, 0x00, 0x00,
  0x00, 0x08, 0x00, 0x01, 0x08, 0x40, 0x71, 0xfe, 0x30, 0x40, 0xa4, 0xe0, 0x78, 0x00, 0x02, 0x00,
  0x00, 0x00, 0x00, 0x07, 0xea, 0x60, 0xf8, 0xf4, 0x70, 0xe0, 0x03, 0xf0, 0x38, 0x00, 0x01, 0x00,
  0x00, 0x00, 0x00, 0x0e, 0xf4, 0x01, 0x9c, 0x30, 0x30, 0x40, 0x15, 0x30, 0x18, 0x00, 0x01, 0x00,
  0x00, 0x00, 0x00, 0x08, 0x60, 0x00, 0xc8, 0x30, 0x31, 0x60, 0x0b, 0xf0, 0x30, 0x00, 0x00, 0x00,
  0x00, 0x20, 0x00, 0x0e, 0x60, 0x01, 0xdc, 0x30, 0x77, 0xe1, 0x07, 0xf8, 0x30, 0x00, 0x02, 0x00,
  0x20, 0x94, 0x10, 0x05, 0xf0, 0x60, 0xf0, 0x10, 0x3d, 0x47, 0x87, 0x18, 0x32, 0xa0, 0x01, 0x00,
  0x1a, 0x40, 0x00, 0x0f, 0xfc, 0x71, 0xf0, 0x30, 0x60, 0xe6, 0xe2, 0x18, 0x25, 0x00, 0x00, 0x00,
  0x09, 0x2a, 0x00, 0x0f, 0x0e, 0x21, 0xb8, 0x30, 0x60, 0x44, 0xe0, 0x0c, 0x71, 0x40, 0x01, 0x00,
  0x40, 0xa8, 0x00, 0x06, 0x04, 0x71, 0x8e, 0x30, 0x60, 0x6e, 0x35, 0x08, 0x42, 0x20, 0x00, 0x00,
  0x32, 0x20, 0x00, 0x0e, 0x06, 0x20, 0x86, 0x30, 0x60, 0xc4, 0x72, 0x40, 0x60, 0x00, 0x01, 0x00,
  0x08, 0x88, 0x00, 0x06, 0x0e, 0x70, 0x00, 0x38, 0x40, 0x0e, 0x34, 0x80, 0xc0, 0x00, 0x00, 0x00,
  0x2a, 0x00, 0x00, 0x0c, 0x0c, 0x20, 0x00, 0x30, 0x20, 0x04, 0x72, 0x00, 0xc0, 0x00, 0x00, 0x00,
  0x04, 0x00, 0x00, 0x06, 0x1c, 0x60, 0x00, 0x30, 0x00, 0x0c, 0xe0, 0xa0, 0x80, 0x00, 0x00, 0x00,
  0x20, 0x00, 0x00, 0x06, 0x38, 0x20, 0x00, 0x10, 0x00, 0x0f, 0xa9, 0x00, 0xc0, 0x00, 0x20, 0x00,
  0x00, 0x00, 0x0a, 0xa6, 0x70, 0x00, 0x00, 0x00, 0x00, 0x07, 0x80, 0x40, 0x00, 0x00, 0x81, 0x40,
  0x01, 0x00, 0x02, 0x86, 0xe0, 0x00, 0x00, 0x00, 0x00, 0x05, 0x02, 0x00, 0x00, 0x02, 0x08, 0xa8,
  0x00, 0x80, 0x29, 0x0f, 0xc0, 0x00, 0x00, 0x00, 0x00, 0x00, 0x00, 0x00, 0x00, 0x00, 0xa2, 0x40,
  0x04, 0x00, 0x02, 0x47, 0x00, 0x00, 0x00, 0x00, 0x00, 0x00, 0x00, 0x00, 0x00, 0x04, 0x29, 0x28,
  0x01, 0x40, 0x08, 0x00, 0x00, 0x00, 0x60, 0x10, 0x00, 0x00, 0x00, 0x00, 0x00, 0x02, 0x84, 0x90,
  0x01, 0x00, 0x02, 0x40, 0x00, 0x00, 0x40, 0x10, 0x00, 0x00, 0x00, 0x00, 0x00, 0x08, 0x51, 0x40,
  0x00, 0x00, 0x00, 0x80, 0x00, 0x00, 0x00, 0x00, 0x00, 0x00, 0x00, 0x00, 0x00, 0x01, 0x20, 0x10,
  0x00, 0x00, 0x02, 0x00, 0x00, 0x07, 0x00, 0x06, 0x00, 0x00, 0x00, 0x00, 0x00, 0x02, 0x14, 0x40,
  0x00, 0x00, 0x00, 0x00, 0x00, 0x03, 0x00, 0x0e, 0x00, 0x00, 0x00, 0x00, 0x00, 0x20, 0x40, 0x00,
  0x00, 0x00, 0x00, 0x00, 0x00, 0x01, 0xc0, 0x7c, 0x00, 0x00, 0x00, 0x00, 0x00, 0x80, 0x20, 0x00,
  0x00, 0x00, 0x00, 0x00, 0x00, 0x00, 0xff, 0xe8, 0x00, 0x00, 0x00, 0x00, 0x00, 0x40, 0x80, 0x00,
  0x00, 0x00, 0x00, 0x00, 0x00, 0x00, 0x3f, 0xa0, 0x00, 0x00, 0x00, 0x00, 0x0a, 0x28, 0x06, 0x00,
  0x00, 0x00, 0x00, 0x00, 0x00, 0x00, 0x00, 0x00, 0x00, 0x00, 0x00, 0x00, 0x01, 0x00, 0x00, 0x00
};

const uint8_t PROGMEM frame48[1024] = {
  0x00, 0x00, 0x00, 0x00, 0x00, 0x00, 0x00, 0x00, 0x00, 0x00, 0x00, 0x00, 0x00, 0x00, 0x00, 0x00,
  0x24, 0x02, 0x00, 0x00, 0x00, 0x00, 0x00, 0x00, 0x00, 0x18, 0x00, 0x00, 0x00, 0x00, 0x00, 0x00,
  0x12, 0x00, 0x00, 0x00, 0x00, 0x00, 0x00, 0x00, 0x00, 0x18, 0x00, 0x00, 0x00, 0x00, 0x14, 0x00,
  0x48, 0x80, 0x00, 0x00, 0x00, 0x00, 0x00, 0x00, 0x10, 0x38, 0x00, 0x00, 0x00, 0x00, 0x00, 0x00,
  0x2a, 0x00, 0x00, 0x00, 0x28, 0x00, 0x00, 0x00, 0x18, 0x30, 0x00, 0x00, 0x00, 0x09, 0x21, 0x00,
  0x00, 0x80, 0x00, 0x00, 0x10, 0x00, 0x00, 0x00, 0x0c, 0x00, 0x00, 0x00, 0x00, 0x24, 0x08, 0x00,
  0x14, 0x00, 0x00, 0x00, 0x00, 0x00, 0x00, 0x00, 0x00, 0x00, 0x00, 0x00, 0x02, 0x14, 0x82, 0x90,
  0x02, 0x00, 0x00, 0x00, 0x00, 0x00, 0x00, 0x00, 0x01, 0xe0, 0x10, 0x00, 0x04, 0x92, 0x08, 0x08,
  0x00, 0x00, 0x00, 0x00, 0x00, 0x00, 0x00, 0x00, 0x03, 0xf9, 0xf0, 0x00, 0x02, 0x04, 0x20, 0x15,
  0x00, 0xc0, 0x00, 0x21, 0x00, 0x00, 0x00, 0x00, 0x07, 0xf1, 0xf0, 0x00, 0x02, 0x00, 0x88, 0x08,
  0x02, 0x00, 0x00, 0x84, 0x00, 0x00, 0x00, 0x00, 0x07, 0xf8, 0x00, 0x00, 0x00, 0x04, 0x40, 0x54,
  0x00, 0x00, 0x02, 0x11, 0x00, 0x00, 0x00, 0x01, 0xe7, 0xf8, 0x00, 0x00, 0x00, 0x00, 0x94, 0x00,
  0x00, 0x00, 0x00, 0x60, 0x00, 0x00, 0x00, 0x01, 0xa3, 0xf0, 0x00, 0x00, 0x00, 0x00, 0x40, 0x00,
  0x00, 0x00, 0x00, 0x09, 0x20, 0x00, 0x00, 0x00, 0x01, 0xa2, 0x00, 0x00, 0x00, 0x02, 0x34, 0x00,
  0x00, 0x00, 0x05, 0x00, 0x02, 0xa0, 0x00, 0x00, 0x00, 0x03, 0x00, 0x00, 0x00, 0x01, 0x52, 0x00,
  0x00, 0x00, 0x08, 0xa4, 0x80, 0x00, 0x00, 0x00, 0x02, 0x03, 0xc0, 0x00, 0x00, 0x00, 0x00, 0x00,
  0x00, 0x00, 0x04, 0x40, 0x05, 0x24, 0x00, 0x00, 0x07, 0x00, 0xc0, 0x00, 0x00, 0x00, 0x29, 0x00,
  0x00, 0x00, 0x02, 0x20, 0x08, 0x10, 0x00, 0x00, 0x06, 0x00, 0x03, 0x00, 0x00, 0x00, 0x04, 0x00,
  0x00, 0x00, 0x09, 0x40, 0x05, 0x26, 0x00, 0x00, 0x0e, 0x03, 0x03, 0x00, 0x00, 0x00, 0x00, 0x00,
  0x00, 0x00, 0x04, 0x08, 0x1c, 0x06, 0x00, 0x00, 0x00, 0x01, 0x86, 0x00, 0x40, 0x00, 0x02, 0x80,
  0x01, 0x00, 0x00, 0x02, 0x0d, 0x06, 0x00, 0x00, 0xc0, 0x01, 0xc7, 0x01, 0x00, 0x40, 0x01, 0x00,
  0x00, 0x00, 0x00, 0x00, 0x0c, 0x26, 0x00, 0x03, 0xf0, 0x00, 0x66, 0x84, 0xd5, 0x00, 0x00, 0x00,
  0x00, 0x00, 0x00, 0x00, 0x0c, 0x02, 0x0e, 0x06, 0x38, 0x00, 0x7d, 0x01, 0x12, 0xd0, 0x00, 0x00,
  0x00, 0x00, 0x00, 0x00, 0x0c, 0x07, 0x0e, 0x04, 0x18, 0x00, 0x1c, 0x80, 0x41, 0x00, 0x00, 0x00,
  0x00, 0x00, 0x00, 0x00, 0x0c, 0x1e, 0x0f, 0x06, 0x18, 0x38, 0x1c, 0x01, 0x04, 0x40, 0x00, 0x00,
  0x00, 0x88, 0x00, 0x00, 0x0d, 0x7e, 0x1b, 0x02, 0x18, 0x7e, 0x18, 0x00, 0x00, 0x80, 0x00, 0x00,
  0x00, 0x00, 0x00, 0x00, 0x0f, 0xe6, 0x1b, 0x07, 0x70, 0xc6, 0x18, 0x00, 0x00, 0x00, 0x00, 0x00,
  0x00, 0x80, 0x00, 0x00, 0x0e, 0x86, 0x7f, 0x83, 0xe0, 0x63, 0x18, 0x08, 0x03, 0x00, 0x00, 0x00,
  0x00, 0x00, 0x00, 0x00, 0x0c, 0x06, 0x7b, 0x87, 0x40, 0xc7, 0x18, 0x1c, 0x03, 0x00, 0x02, 0x00,
  0x00, 0x80, 0x00, 0x00, 0x0c, 0x03, 0x21, 0x83, 0x00, 0x6e, 0x30, 0x0c, 0x02, 0x00, 0x00, 0x00,
  0x00, 0x00, 0x00, 0x00, 0x0c, 0x06, 0x11, 0x83, 0x00, 0x7c, 0x30, 0x46, 0x06, 0x00, 0x04, 0x00,
  0x00, 0x80, 0x00, 0x00, 0x0c, 0x02, 0x00, 0xc3, 0x00, 0x70, 0x60, 0x07, 0x06, 0x00, 0x00, 0x00,
  0x00, 0x00, 0x00, 0x00, 0x0c, 0x06, 0x00, 0x82, 0x00, 0x60, 0x60, 0x03, 0x06, 0x00, 0x00, 0x00,
  0x00, 0x80, 0x00, 0x20, 0x08, 0x03, 0x00, 0x03, 0x00, 0xc0, 0x50, 0x01, 0x8a, 0x00, 0x00, 0x00,
  0x00, 0x00, 0x00, 0x00, 0x1c, 0x06, 0x00, 0x00, 0x00, 0x40, 0x20, 0x00, 0xcc, 0x00, 0x02, 0x00,
  0x00, 0x00, 0x00, 0x00, 0x08, 0x00, 0x00, 0x00, 0x00, 0x01, 0x54, 0xe0, 0xec, 0x00, 0x00, 0x10,
  0x00, 0x00, 0x00, 0x00, 0x14, 0x00, 0x00, 0x14, 0x60, 0x00, 0x82, 0xe0, 0x6c, 0x00, 0x02, 0x00,
  0x00, 0x40, 0x00, 0x00, 0x09, 0x60, 0x28, 0xfe, 0x20, 0xc2, 0x54, 0xf0, 0x38, 0x00, 0x00, 0x00,
  0x00, 0x08, 0x00, 0x07, 0xd4, 0x00, 0xf8, 0xf4, 0x70, 0xc0, 0x83, 0xb0, 0x18, 0x00, 0x02, 0x00,
  0x00, 0x00, 0x00, 0x0f, 0xe4, 0x80, 0xcc, 0x18, 0x60, 0xc0, 0x15, 0xf0, 0x18, 0x00, 0x01, 0x00,
  0x00, 0x00, 0x00, 0x18, 0x54, 0x00, 0xdc, 0x30, 0x6b, 0xc0, 0x0f, 0xf8, 0x38, 0x00, 0x00, 0x00,
  0x00, 0x00, 0x00, 0x0c, 0xe2, 0x30, 0xdc, 0x18, 0x7e, 0xc5, 0x43, 0x58, 0x10, 0x00, 0x01, 0x00,
  0x00, 0x80, 0x00, 0x19, 0xd0, 0x60, 0xf0, 0x30, 0x60, 0xcf, 0x86, 0x58, 0x34, 0x40, 0x00, 0x00,
  0x18, 0x4a, 0x00, 0x0f, 0xf8, 0x31, 0xf0, 0x18, 0x40, 0xc4, 0xe1, 0x3c, 0x72, 0x80, 0x02, 0x00,
  0x05, 0x20, 0x00, 0x0f, 0x5c, 0x20, 0xbc, 0x30, 0x60, 0xce, 0x62, 0x0c, 0x21, 0x10, 0x00, 0x00,
  0x00, 0x48, 0x00, 0x0e, 0x0c, 0x31, 0x8e, 0x18, 0x60, 0xcc, 0x70, 0x08, 0x68, 0x80, 0x00, 0x00,
  0x51, 0x24, 0x00, 0x0c, 0x04, 0x30, 0x87, 0x30, 0x60, 0x84, 0x34, 0x80, 0x62, 0x00, 0x01, 0x00,
  0x00, 0x80, 0x00, 0x0c, 0x0e, 0x30, 0x00, 0x18, 0x40, 0x0c, 0x68, 0x40, 0x40, 0x00, 0x00, 0x00,
  0x2a, 0x28, 0x00, 0x0c, 0x1c, 0x30, 0x00, 0x30, 0x00, 0x0c, 0xe5, 0x00, 0xc0, 0x00, 0x00, 0x20,
  0x00, 0x00, 0x00, 0x0c, 0x18, 0x30, 0x00, 0x18, 0x00, 0x05, 0x60, 0x00, 0xc0, 0x00, 0x00, 0x00,
  0x24, 0x80, 0x00, 0x8c, 0x30, 0x00, 0x00, 0x00, 0x00, 0x0f, 0xd2, 0x40, 0x80, 0x00, 0x20, 0x00,
  0x00, 0x00, 0x14, 0x4c, 0x70, 0x00, 0x00, 0x00, 0x00, 0x0f, 0x00, 0x00, 0x00, 0x01, 0x00, 0x80,
  0x00, 0x00, 0x02, 0x0e, 0xe0, 0x00, 0x00, 0x00, 0x00, 0x00, 0x45, 0x00, 0x00, 0x00, 0x04, 0x10,
  0x05, 0x40, 0x10, 0xaf, 0x80, 0x00, 0x00, 0x00, 0x00, 0x00, 0x00, 0x00, 0x00, 0x04, 0x21, 0x04,
  0x05, 0x00, 0x00, 0x8e, 0x80, 0x00, 0x00, 0x00, 0x00, 0x00, 0x00, 0x00, 0x00, 0x00, 0x2a, 0x80,
  0x01, 0x40, 0x0a, 0x02, 0x00, 0x00, 0x60, 0x10, 0x00, 0x00, 0x00, 0x00, 0x00, 0x11, 0x00, 0x54,
  0x04, 0x20, 0x10, 0x08, 0x00, 0x00, 0x40, 0x10, 0x00, 0x00, 0x00, 0x00, 0x00, 0x00, 0x82, 0x40,
  0x01, 0x00, 0x01, 0x40, 0x00, 0x00, 0x00, 0x00, 0x00, 0x00, 0x00, 0x00, 0x00, 0x02, 0x21, 0x10,
  0x00, 0x00, 0x00, 0x00, 0x00, 0x06, 0x00, 0x06, 0x00, 0x00, 0x00, 0x00, 0x00, 0x00, 0x14, 0x40,
  0x00, 0x00, 0x00, 0x00, 0x00, 0x03, 0x80, 0x0e, 0x00, 0x00, 0x00, 0x00, 0x00, 0x04, 0x80, 0x00,
  0x00, 0x00, 0x00, 0x00, 0x00, 0x01, 0xc0, 0x78, 0x00, 0x00, 0x00, 0x00, 0x00, 0x90, 0x52, 0x00,
  0x00, 0x00, 0x00, 0x00, 0x00, 0x00, 0xbf, 0xd4, 0x00, 0x00, 0x00, 0x00, 0x00, 0x00, 0x00, 0x00,
  0x00, 0x00, 0x00, 0x00, 0x00, 0x00, 0x3f, 0xa0, 0x00, 0x00, 0x00, 0x00, 0x02, 0x50, 0x80, 0x00,
  0x00, 0x00, 0x00, 0x00, 0x00, 0x00, 0x00, 0x00, 0x00, 0x00, 0x00, 0x00, 0x08, 0x00, 0x0a, 0x80
};

const uint8_t PROGMEM frame49[1024] = {
  0x00, 0x00, 0x00, 0x00, 0x00, 0x00, 0x00, 0x00, 0x00, 0x00, 0x00, 0x00, 0x00, 0x00, 0x00, 0x00,
  0x24, 0x02, 0x00, 0x00, 0x00, 0x00, 0x00, 0x00, 0x00, 0x18, 0x00, 0x00, 0x00, 0x00, 0x00, 0x00,
  0x12, 0x00, 0x00, 0x00, 0x00, 0x00, 0x00, 0x00, 0x00, 0x18, 0x00, 0x00, 0x00, 0x00, 0x14, 0x00,
  0x48, 0x80, 0x00, 0x00, 0x00, 0x00, 0x00, 0x00, 0x10, 0x38, 0x00, 0x00, 0x00, 0x00, 0x00, 0x00,
  0x2a, 0x00, 0x00, 0x00, 0x28, 0x00, 0x00, 0x00, 0x18, 0x30, 0x00, 0x00, 0x00, 0x09, 0x21, 0x00,
  0x00, 0x80, 0x00, 0x00, 0x10, 0x00, 0x00, 0x00, 0x0c, 0x00, 0x00, 0x00, 0x00, 0x24, 0x08, 0x00,
  0x14, 0x00, 0x00, 0x00, 0x00, 0x00, 0x00, 0x00, 0x00, 0x00, 0x00, 0x00, 0x02, 0x14, 0x82, 0x90,
  0x02, 0x00, 0x00, 0x00, 0x00, 0x00, 0x00, 0x00, 0x01, 0xe0, 0x10, 0x00, 0x04, 0x92, 0x08, 0x08,
  0x00, 0x00, 0x00, 0x00, 0x00, 0x00, 0x00, 0x00, 0x03, 0xf9, 0xf0, 0x00, 0x02, 0x04, 0x20, 0x15,
  0x00, 0xc0, 0x00, 0x21, 0x00, 0x00, 0x00, 0x00, 0x07, 0xf1, 0xf0, 0x00, 0x02, 0x00, 0x88, 0x08,
  0x02, 0x00, 0x00, 0x84, 0x00, 0x00, 0x00, 0x00, 0x07, 0xf8, 0x00, 0x00, 0x00, 0x04, 0x40, 0x54,
  0x00, 0x00, 0x02, 0x11, 0x00, 0x00, 0x00, 0x01, 0xe7, 0xf8, 0x00, 0x00, 0x00, 0x00, 0x94, 0x00,
  0x00, 0x00, 0x00, 0x60, 0x00, 0x00, 0x00, 0x01, 0xa3, 0xf0, 0x00, 0x00, 0x00, 0x00, 0x40, 0x00,
  0x00, 0x00, 0x00, 0x09, 0x20, 0x00, 0x00, 0x00, 0x01, 0xa2, 0x00, 0x00, 0x00, 0x02, 0x34, 0x00,
  0x00, 0x00, 0x05, 0x00, 0x02, 0xa0, 0x00, 0x00, 0x00, 0x03, 0x00, 0x00, 0x00, 0x01, 0x52, 0x00,
  0x00, 0x00, 0x08, 0xa4, 0x80, 0x00, 0x00, 0x00, 0x02, 0x03, 0xc0, 0x00, 0x00, 0x00, 0x00, 0x00,
  0x00, 0x00, 0x04, 0x40, 0x05, 0x24, 0x00, 0x00, 0x07, 0x00, 0xc0, 0x00, 0x00, 0x00, 0x29, 0x00,
  0x00, 0x00, 0x02, 0x20, 0x08, 0x10, 0x00, 0x00, 0x06, 0x00, 0x03, 0x00, 0x00, 0x00, 0x04, 0x00,
  0x00, 0x00, 0x09, 0x40, 0x05, 0x26, 0x00, 0x00, 0x0e, 0x03, 0x03, 0x00, 0x00, 0x00, 0x00, 0x00,
  0x00, 0x00, 0x04, 0x08, 0x1c, 0x06, 0x00, 0x00, 0x00, 0x01, 0x86, 0x00, 0x40, 0x00, 0x02, 0x80,
  0x01, 0x00, 0x00, 0x02, 0x0d, 0x06, 0x00, 0x00, 0xc0, 0x01, 0xc7, 0x01, 0x00, 0x40, 0x01, 0x00,
  0x00, 0x00, 0x00, 0x00, 0x0c, 0x26, 0x00, 0x03, 0xf0, 0x00, 0x66, 0x84, 0xd5, 0x00, 0x00, 0x00,
  0x00, 0x00, 0x00, 0x00, 0x0c, 0x02, 0x0e, 0x06, 0x38, 0x00, 0x7d, 0x01, 0x12, 0xd0, 0x00, 0x00,
  0x00, 0x00, 0x00, 0x00, 0x0c, 0x07, 0x0e, 0x04, 0x18, 0x00, 0x1c, 0x80, 0x41, 0x00, 0x00, 0x00,
  0x00, 0x00, 0x00, 0x00, 0x0c, 0x1e, 0x0f, 0x06, 0x18, 0x38, 0x1c, 0x01, 0x04, 0x40, 0x00, 0x00,
  0x00, 0x88, 0x00, 0x00, 0x0d, 0x7e, 0x1b, 0x02, 0x18, 0x7e, 0x18, 0x00, 0x00, 0x80, 0x00, 0x00,
  0x00, 0x00, 0x00, 0x00, 0x0f, 0xe6, 0x1b, 0x07, 0x70, 0xc6, 0x18, 0x00, 0x00, 0x00, 0x00, 0x00,
  0x00, 0x80, 0x00, 0x00, 0x0e, 0x86, 0x7f, 0x83, 0xe0, 0x63, 0x18, 0x08, 0x03, 0x00, 0x00, 0x00,
  0x00, 0x00, 0x00, 0x00, 0x0c, 0x06, 0x7b, 0x87, 0x40, 0xc7, 0x18, 0x1c, 0x03, 0x00, 0x02, 0x00,
  0x00, 0x80, 0x00, 0x00, 0x0c, 0x03, 0x21, 0x83, 0x00, 0x6e, 0x30, 0x0c, 0x02, 0x00, 0x00, 0x00,
  0x00, 0x00, 0x00, 0x00, 0x0c, 0x06, 0x11, 0x83, 0x00, 0x7c, 0x30, 0x46, 0x06, 0x00, 0x04, 0x00,
  0x00, 0x80, 0x00, 0x00, 0x0c, 0x02, 0x00, 0xc3, 0x00, 0x70, 0x60, 0x07, 0x06, 0x00, 0x00, 0x00,
  0x00, 0x00, 0x00, 0x00, 0x0c, 0x06, 0x00, 0x82, 0x00, 0x60, 0x60, 0x03, 0x06, 0x00, 0x00, 0x00,
  0x00, 0x80, 0x00, 0x20, 0x08, 0x03, 0x00, 0x03, 0x00, 0xc0, 0x50, 0x01, 0x8a, 0x00, 0x00, 0x00,
  0x00, 0x00, 0x00, 0x00, 0x1c, 0x06, 0x00, 0x00, 0x00, 0x40, 0x20, 0x00, 0xcc, 0x00, 0x02, 0x00,
  0x00, 0x00, 0x00, 0x00, 0x08, 0x00, 0x00, 0x00, 0x00, 0x01, 0x54, 0xe0, 0xec, 0x00, 0x00, 0x10,
  0x00, 0x00, 0x00, 0x00, 0x14, 0x00, 0x00, 0x14, 0x60, 0x00, 0x82, 0xe0, 0x6c, 0x00, 0x02, 0x00,
  0x00, 0x40, 0x00, 0x00, 0x09, 0x60, 0x28, 0xfe, 0x20, 0xc2, 0x54, 0xf0, 0x38, 0x00, 0x00, 0x00,
  0x00, 0x08, 0x00, 0x07, 0xd4, 0x00, 0xf8, 0xf4, 0x70, 0xc0, 0x83, 0xb0, 0x18, 0x00, 0x02, 0x00,
  0x00, 0x00, 0x00, 0x0f, 0xe4, 0x80, 0xcc, 0x18, 0x60, 0xc0, 0x15, 0xf0, 0x18, 0x00, 0x01, 0x00,
  0x00, 0x00, 0x00, 0x18, 0x54, 0x00, 0xdc, 0x30, 0x6b, 0xc0, 0x0f, 0xf8, 0x38, 0x00, 0x00, 0x00,
  0x00, 0x00, 0x00, 0x0c, 0xe2, 0x30, 0xdc, 0x18, 0x7e, 0xc5, 0x43, 0x58, 0x10, 0x00, 0x01, 0x00,
  0x00, 0x80, 0x00, 0x19, 0xd0, 0x60, 0xf0, 0x30, 0x60, 0xcf, 0x86, 0x58, 0x34, 0x40, 0x00, 0x00,
  0x18, 0x4a, 0x00, 0x0f, 0xf8, 0x31, 0xf0, 0x18, 0x40, 0xc4, 0xe1, 0x3c, 0x72, 0x80, 0x02, 0x00,
  0x05, 0x20, 0x00, 0x0f, 0x5c, 0x20, 0xbc, 0x30, 0x60, 0xce, 0x62, 0x0c, 0x21, 0x10, 0x00, 0x00,
  0x00, 0x48, 0x00, 0x0e, 0x0c, 0x31, 0x8e, 0x18, 0x60, 0xcc, 0x70, 0x08, 0x68, 0x80, 0x00, 0x00,
  0x51, 0x24, 0x00, 0x0c, 0x04, 0x30, 0x87, 0x30, 0x60, 0x84, 0x34, 0x80, 0x62, 0x00, 0x01, 0x00,
  0x00, 0x80, 0x00, 0x0c, 0x0e, 0x30, 0x00, 0x18, 0x40, 0x0c, 0x68, 0x40, 0x40, 0x00, 0x00, 0x00,
  0x2a, 0x28, 0x00, 0x0c, 0x1c, 0x30, 0x00, 0x30, 0x00, 0x0c, 0xe5, 0x00, 0xc0, 0x00, 0x00, 0x20,
  0x00, 0x00, 0x00, 0x0c, 0x18, 0x30, 0x00, 0x18, 0x00, 0x05, 0x60, 0x00, 0xc0, 0x00, 0x00, 0x00,
  0x24, 0x80, 0x00, 0x8c, 0x30, 0x00, 0x00, 0x00, 0x00, 0x0f, 0xd2, 0x40, 0x80, 0x00, 0x20, 0x00,
  0x00, 0x00, 0x14, 0x4c, 0x70, 0x00, 0x00, 0x00, 0x00, 0x0f, 0x00, 0x00, 0x00, 0x01, 0x00, 0x80,
  0x00, 0x00, 0x02, 0x0e, 0xe0, 0x00, 0x00, 0x00, 0x00, 0x00, 0x45, 0x00, 0x00, 0x00, 0x04, 0x10,
  0x05, 0x40, 0x10, 0xaf, 0x80, 0x00, 0x00, 0x00, 0x00, 0x00, 0x00, 0x00, 0x00, 0x04, 0x21, 0x04,
  0x05, 0x00, 0x00, 0x8e, 0x80, 0x00, 0x00, 0x00, 0x00, 0x00, 0x00, 0x00, 0x00, 0x00, 0x2a, 0x80,
  0x01, 0x40, 0x0a, 0x02, 0x00, 0x00, 0x60, 0x10, 0x00, 0x00, 0x00, 0x00, 0x00, 0x11, 0x00, 0x54,
  0x04, 0x20, 0x10, 0x08, 0x00, 0x00, 0x40, 0x10, 0x00, 0x00, 0x00, 0x00, 0x00, 0x00, 0x82, 0x40,
  0x01, 0x00, 0x01, 0x40, 0x00, 0x00, 0x00, 0x00, 0x00, 0x00, 0x00, 0x00, 0x00, 0x02, 0x21, 0x10,
  0x00, 0x00, 0x00, 0x00, 0x00, 0x06, 0x00, 0x06, 0x00, 0x00, 0x00, 0x00, 0x00, 0x00, 0x14, 0x40,
  0x00, 0x00, 0x00, 0x00, 0x00, 0x03, 0x80, 0x0e, 0x00, 0x00, 0x00, 0x00, 0x00, 0x04, 0x80, 0x00,
  0x00, 0x00, 0x00, 0x00, 0x00, 0x01, 0xc0, 0x78, 0x00, 0x00, 0x00, 0x00, 0x00, 0x90, 0x52, 0x00,
  0x00, 0x00, 0x00, 0x00, 0x00, 0x00, 0xbf, 0xd4, 0x00, 0x00, 0x00, 0x00, 0x00, 0x00, 0x00, 0x00,
  0x00, 0x00, 0x00, 0x00, 0x00, 0x00, 0x3f, 0xa0, 0x00, 0x00, 0x00, 0x00, 0x02, 0x50, 0x80, 0x00,
  0x00, 0x00, 0x00, 0x00, 0x00, 0x00, 0x00, 0x00, 0x00, 0x00, 0x00, 0x00, 0x08, 0x00, 0x0a, 0x80
};

const uint8_t PROGMEM frame50[1024] = {
  0x00, 0x00, 0x00, 0x00, 0x00, 0x00, 0x00, 0x00, 0x00, 0x00, 0x00, 0x00, 0x00, 0x00, 0x00, 0x00,
  0x24, 0x02, 0x00, 0x00, 0x00, 0x00, 0x00, 0x00, 0x00, 0x18, 0x00, 0x00, 0x00, 0x00, 0x00, 0x00,
  0x12, 0x00, 0x00, 0x00, 0x00, 0x00, 0x00, 0x00, 0x00, 0x18, 0x00, 0x00, 0x00, 0x00, 0x14, 0x00,
  0x48, 0x80, 0x00, 0x00, 0x00, 0x00, 0x00, 0x00, 0x10, 0x38, 0x00, 0x00, 0x00, 0x00, 0x00, 0x00,
  0x2a, 0x00, 0x00, 0x00, 0x28, 0x00, 0x00, 0x00, 0x18, 0x30, 0x00, 0x00, 0x00, 0x09, 0x21, 0x00,
  0x00, 0x80, 0x00, 0x00, 0x10, 0x00, 0x00, 0x00, 0x0c, 0x00, 0x00, 0x00, 0x00, 0x24, 0x08, 0x00,
  0x14, 0x00, 0x00, 0x00, 0x00, 0x00, 0x00, 0x00, 0x00, 0x00, 0x00, 0x00, 0x02, 0x14, 0x82, 0x90,
  0x02, 0x00, 0x00, 0x00, 0x00, 0x00, 0x00, 0x00, 0x01, 0xe0, 0x10, 0x00, 0x04, 0x92, 0x08, 0x08,
  0x00, 0x00, 0x00, 0x00, 0x00, 0x00, 0x00, 0x00, 0x03, 0xf9, 0xf0, 0x00, 0x02, 0x04, 0x20, 0x15,
  0x00, 0xc0, 0x00, 0x21, 0x00, 0x00, 0x00, 0x00, 0x07, 0xf1, 0xf0, 0x00, 0x02, 0x00, 0x88, 0x08,
  0x02, 0x00, 0x00, 0x84, 0x00, 0x00, 0x00, 0x00, 0x07, 0xf8, 0x00, 0x00, 0x00, 0x04, 0x40, 0x54,
  0x00, 0x00, 0x02, 0x11, 0x00, 0x00, 0x00, 0x01, 0xe7, 0xf8, 0x00, 0x00, 0x00, 0x00, 0x94, 0x00,
  0x00, 0x00, 0x00, 0x60, 0x00, 0x00, 0x00, 0x01, 0xa3, 0xf0, 0x00, 0x00, 0x00, 0x00, 0x40, 0x00,
  0x00, 0x00, 0x00, 0x09, 0x20, 0x00, 0x00, 0x00, 0x01, 0xa2, 0x00, 0x00, 0x00, 0x02, 0x34, 0x00,
  0x00, 0x00, 0x05, 0x00, 0x02, 0xa0, 0x00, 0x00, 0x00, 0x03, 0x00, 0x00, 0x00, 0x01, 0x52, 0x00,
  0x00, 0x00, 0x08, 0xa4, 0x80, 0x00, 0x00, 0x00, 0x02, 0x03, 0xc0, 0x00, 0x00, 0x00, 0x00, 0x00,
  0x00, 0x00, 0x04, 0x40, 0x05, 0x24, 0x00, 0x00, 0x07, 0x00, 0xc0, 0x00, 0x00, 0x00, 0x29, 0x00,
  0x00, 0x00, 0x02, 0x20, 0x08, 0x10, 0x00, 0x00, 0x06, 0x00, 0x03, 0x00, 0x00, 0x00, 0x04, 0x00,
  0x00, 0x00, 0x09, 0x40, 0x05, 0x26, 0x00, 0x00, 0x0e, 0x03, 0x03, 0x00, 0x00, 0x00, 0x00, 0x00,
  0x00, 0x00, 0x04, 0x08, 0x1c, 0x06, 0x00, 0x00, 0x00, 0x01, 0x86, 0x00, 0x40, 0x00, 0x02, 0x80,
  0x01, 0x00, 0x00, 0x02, 0x0d, 0x06, 0x00, 0x00, 0xc0, 0x01, 0xc7, 0x01, 0x00, 0x40, 0x01, 0x00,
  0x00, 0x00, 0x00, 0x00, 0x0c, 0x26, 0x00, 0x03, 0xf0, 0x00, 0x66, 0x84, 0xd5, 0x00, 0x00, 0x00,
  0x00, 0x00, 0x00, 0x00, 0x0c, 0x02, 0x0e, 0x06, 0x38, 0x00, 0x7d, 0x01, 0x12, 0xd0, 0x00, 0x00,
  0x00, 0x00, 0x00, 0x00, 0x0c, 0x07, 0x0e, 0x04, 0x18, 0x00, 0x1c, 0x80, 0x41, 0x00, 0x00, 0x00,
  0x00, 0x00, 0x00, 0x00, 0x0c, 0x1e, 0x0f, 0x06, 0x18, 0x38, 0x1c, 0x01, 0x04, 0x40, 0x00, 0x00,
  0x00, 0x88, 0x00, 0x00, 0x0d, 0x7e, 0x1b, 0x02, 0x18, 0x7e, 0x18, 0x00, 0x00, 0x80, 0x00, 0x00,
  0x00, 0x00, 0x00, 0x00, 0x0f, 0xe6, 0x1b, 0x07, 0x70, 0xc6, 0x18, 0x00, 0x00, 0x00, 0x00, 0x00,
  0x00, 0x80, 0x00, 0x00, 0x0e, 0x86, 0x7f, 0x83, 0xe0, 0x63, 0x18, 0x08, 0x03, 0x00, 0x00, 0x00,
  0x00, 0x00, 0x00, 0x00, 0x0c, 0x06, 0x7b, 0x87, 0x40, 0xc7, 0x18, 0x1c, 0x03, 0x00, 0x02, 0x00,
  0x00, 0x80, 0x00, 0x00, 0x0c, 0x03, 0x21, 0x83, 0x00, 0x6e, 0x30, 0x0c, 0x02, 0x00, 0x00, 0x00,
  0x00, 0x00, 0x00, 0x00, 0x0c, 0x06, 0x11, 0x83, 0x00, 0x7c, 0x30, 0x46, 0x06, 0x00, 0x04, 0x00,
  0x00, 0x80, 0x00, 0x00, 0x0c, 0x02, 0x00, 0xc3, 0x00, 0x70, 0x60, 0x07, 0x06, 0x00, 0x00, 0x00,
  0x00, 0x00, 0x00, 0x00, 0x0c, 0x06, 0x00, 0x82, 0x00, 0x60, 0x60, 0x03, 0x06, 0x00, 0x00, 0x00,
  0x00, 0x80, 0x00, 0x20, 0x08, 0x03, 0x00, 0x03, 0x00, 0xc0, 0x50, 0x01, 0x8a, 0x00, 0x00, 0x00,
  0x00, 0x00, 0x00, 0x00, 0x1c, 0x06, 0x00, 0x00, 0x00, 0x40, 0x20, 0x00, 0xcc, 0x00, 0x02, 0x00,
  0x00, 0x00, 0x00, 0x00, 0x08, 0x00, 0x00, 0x00, 0x00, 0x01, 0x54, 0xe0, 0xec, 0x00, 0x00, 0x10,
  0x00, 0x00, 0x00, 0x00, 0x14, 0x00, 0x00, 0x14, 0x60, 0x00, 0x82, 0xe0, 0x6c, 0x00, 0x02, 0x00,
  0x00, 0x40, 0x00, 0x00, 0x09, 0x60, 0x28, 0xfe, 0x20, 0xc2, 0x54, 0xf0, 0x38, 0x00, 0x00, 0x00,
  0x00, 0x08, 0x00, 0x07, 0xd4, 0x00, 0xf8, 0xf4, 0x70, 0xc0, 0x83, 0xb0, 0x18, 0x00, 0x02, 0x00,
  0x00, 0x00, 0x00, 0x0f, 0xe4, 0x80, 0xcc, 0x18, 0x60, 0xc0, 0x15, 0xf0, 0x18, 0x00, 0x01, 0x00,
  0x00, 0x00, 0x00, 0x18, 0x54, 0x00, 0xdc, 0x30, 0x6b, 0xc0, 0x0f, 0xf8, 0x38, 0x00, 0x00, 0x00,
  0x00, 0x00, 0x00, 0x0c, 0xe2, 0x30, 0xdc, 0x18, 0x7e, 0xc5, 0x43, 0x58, 0x10, 0x00, 0x01, 0x00,
  0x00, 0x80, 0x00, 0x19, 0xd0, 0x60, 0xf0, 0x30, 0x60, 0xcf, 0x86, 0x58, 0x34, 0x40, 0x00, 0x00,
  0x18, 0x4a, 0x00, 0x0f, 0xf8, 0x31, 0xf0, 0x18, 0x40, 0xc4, 0xe1, 0x3c, 0x72, 0x80, 0x02, 0x00,
  0x05, 0x20, 0x00, 0x0f, 0x5c, 0x20, 0xbc, 0x30, 0x60, 0xce, 0x62, 0x0c, 0x21, 0x10, 0x00, 0x00,
  0x00, 0x48, 0x00, 0x0e, 0x0c, 0x31, 0x8e, 0x18, 0x60, 0xcc, 0x70, 0x08, 0x68, 0x80, 0x00, 0x00,
  0x51, 0x24, 0x00, 0x0c, 0x04, 0x30, 0x87, 0x30, 0x60, 0x84, 0x34, 0x80, 0x62, 0x00, 0x01, 0x00,
  0x00, 0x80, 0x00, 0x0c, 0x0e, 0x30, 0x00, 0x18, 0x40, 0x0c, 0x68, 0x40, 0x40, 0x00, 0x00, 0x00,
  0x2a, 0x28, 0x00, 0x0c, 0x1c, 0x30, 0x00, 0x30, 0x00, 0x0c, 0xe5, 0x00, 0xc0, 0x00, 0x00, 0x20,
  0x00, 0x00, 0x00, 0x0c, 0x18, 0x30, 0x00, 0x18, 0x00, 0x05, 0x60, 0x00, 0xc0, 0x00, 0x00, 0x00,
  0x24, 0x80, 0x00, 0x8c, 0x30, 0x00, 0x00, 0x00, 0x00, 0x0f, 0xd2, 0x40, 0x80, 0x00, 0x20, 0x00,
  0x00, 0x00, 0x14, 0x4c, 0x70, 0x00, 0x00, 0x00, 0x00, 0x0f, 0x00, 0x00, 0x00, 0x01, 0x00, 0x80,
  0x00, 0x00, 0x02, 0x0e, 0xe0, 0x00, 0x00, 0x00, 0x00, 0x00, 0x45, 0x00, 0x00, 0x00, 0x04, 0x10,
  0x05, 0x40, 0x10, 0xaf, 0x80, 0x00, 0x00, 0x00, 0x00, 0x00, 0x00, 0x00, 0x00, 0x04, 0x21, 0x04,
  0x05, 0x00, 0x00, 0x8e, 0x80, 0x00, 0x00, 0x00, 0x00, 0x00, 0x00, 0x00, 0x00, 0x00, 0x2a, 0x80,
  0x01, 0x40, 0x0a, 0x02, 0x00, 0x00, 0x60, 0x10, 0x00, 0x00, 0x00, 0x00, 0x00, 0x11, 0x00, 0x54,
  0x04, 0x20, 0x10, 0x08, 0x00, 0x00, 0x40, 0x10, 0x00, 0x00, 0x00, 0x00, 0x00, 0x00, 0x82, 0x40,
  0x01, 0x00, 0x01, 0x40, 0x00, 0x00, 0x00, 0x00, 0x00, 0x00, 0x00, 0x00, 0x00, 0x02, 0x21, 0x10,
  0x00, 0x00, 0x00, 0x00, 0x00, 0x06, 0x00, 0x06, 0x00, 0x00, 0x00, 0x00, 0x00, 0x00, 0x14, 0x40,
  0x00, 0x00, 0x00, 0x00, 0x00, 0x03, 0x80, 0x0e, 0x00, 0x00, 0x00, 0x00, 0x00, 0x04, 0x80, 0x00,
  0x00, 0x00, 0x00, 0x00, 0x00, 0x01, 0xc0, 0x78, 0x00, 0x00, 0x00, 0x00, 0x00, 0x90, 0x52, 0x00,
  0x00, 0x00, 0x00, 0x00, 0x00, 0x00, 0xbf, 0xd4, 0x00, 0x00, 0x00, 0x00, 0x00, 0x00, 0x00, 0x00,
  0x00, 0x00, 0x00, 0x00, 0x00, 0x00, 0x3f, 0xa0, 0x00, 0x00, 0x00, 0x00, 0x02, 0x50, 0x80, 0x00,
  0x00, 0x00, 0x00, 0x00, 0x00, 0x00, 0x00, 0x00, 0x00, 0x00, 0x00, 0x00, 0x08, 0x00, 0x0a, 0x80
};

const uint8_t PROGMEM frame51[1024] = {
  0x00, 0x00, 0x80, 0x00, 0x00, 0x00, 0x00, 0x00, 0x00, 0x00, 0x00, 0x00, 0x00, 0x00, 0x00, 0x00,
  0x11, 0x02, 0x00, 0x00, 0x00, 0x00, 0x00, 0x00, 0x00, 0x18, 0x00, 0x00, 0x00, 0x00, 0x00, 0x00,
  0x0a, 0x01, 0x00, 0x00, 0x0a, 0x00, 0x00, 0x00, 0x00, 0x18, 0x00, 0x00, 0x00, 0x00, 0x0a, 0x00,
  0x14, 0x10, 0x00, 0x00, 0x20, 0x00, 0x00, 0x00, 0x10, 0x38, 0x00, 0x00, 0x00, 0x04, 0x80, 0x00,
  0x48, 0x80, 0x00, 0x00, 0x10, 0x00, 0x00, 0x00, 0x18, 0x30, 0x00, 0x00, 0x00, 0x14, 0x12, 0x00,
  0x00, 0x00, 0x00, 0x00, 0x16, 0x00, 0x00, 0x00, 0x0c, 0x00, 0x00, 0x00, 0x04, 0xa1, 0x00, 0x10,
  0x24, 0x40, 0x00, 0x00, 0x10, 0x00, 0x00, 0x00, 0x00, 0x00, 0x00, 0x00, 0x09, 0x08, 0x40, 0xa4,
  0x01, 0x00, 0x00, 0x00, 0x04, 0x00, 0x00, 0x00, 0x01, 0xe0, 0x10, 0x00, 0x05, 0x55, 0x08, 0x0a,
  0x00, 0x40, 0x00, 0x00, 0x20, 0x00, 0x00, 0x00, 0x03, 0xf9, 0xf0, 0x00, 0x0a, 0x08, 0x00, 0x01,
  0x02, 0x80, 0x00, 0x01, 0x00, 0x00, 0x00, 0x00, 0x07, 0xf1, 0xf0, 0x00, 0x05, 0x02, 0x54, 0x2a,
  0x00, 0xa0, 0x00, 0x10, 0x80, 0x00, 0x00, 0x00, 0x07, 0xf8, 0x00, 0x00, 0x00, 0x00, 0x40, 0x04,
  0x00, 0x80, 0x00, 0xa2, 0x00, 0x00, 0x00, 0x01, 0xe7, 0xf8, 0x00, 0x00, 0x00, 0x00, 0x09, 0x22,
  0x00, 0x00, 0x00, 0x20, 0x00, 0x00, 0x00, 0x01, 0xa3, 0xf0, 0x00, 0x00, 0x00, 0x02, 0x50, 0x00,
  0x00, 0x00, 0x00, 0x80, 0x40, 0x88, 0x00, 0x00, 0x01, 0xa2, 0x00, 0x00, 0x00, 0x00, 0x14, 0x00,
  0x00, 0x00, 0x04, 0x29, 0x12, 0x20, 0x00, 0x00, 0x00, 0x03, 0x00, 0x00, 0x00, 0x05, 0x50, 0x00,
  0x00, 0x00, 0x01, 0x00, 0x00, 0x00, 0x00, 0x00, 0x02, 0x03, 0xc0, 0x00, 0x00, 0x00, 0x02, 0x00,
  0x00, 0x00, 0x08, 0x50, 0x00, 0x10, 0x00, 0x00, 0x07, 0x00, 0xc0, 0x00, 0x00, 0x00, 0x00, 0x00,
  0x00, 0x00, 0x02, 0x81, 0x05, 0x04, 0x00, 0x00, 0x06, 0x00, 0x03, 0x00, 0x00, 0x00, 0x29, 0x00,
  0x00, 0x00, 0x08, 0x50, 0x0c, 0x4e, 0x00, 0x00, 0x0e, 0x03, 0x03, 0x00, 0x00, 0x00, 0x02, 0x40,
  0x01, 0x00, 0x01, 0x04, 0x0d, 0x02, 0x80, 0x00, 0x00, 0x01, 0x86, 0x00, 0xa0, 0x00, 0x01, 0x00,
  0x01, 0x00, 0x00, 0x00, 0x14, 0x06, 0x00, 0x00, 0xc0, 0x01, 0xc7, 0x44, 0x05, 0x20, 0x05, 0x40,
  0x00, 0x80, 0x00, 0x00, 0x0c, 0x16, 0x00, 0x03, 0xf0, 0x00, 0x6a, 0x82, 0xe8, 0x90, 0x00, 0x00,
  0x00, 0x00, 0x00, 0x00, 0x0c, 0x83, 0x0e, 0x06, 0x38, 0x00, 0x76, 0x40, 0x05, 0x48, 0x00, 0x00,
  0x00, 0x00, 0x00, 0x00, 0x0c, 0x0e, 0x0e, 0x04, 0x18, 0x00, 0x1e, 0x02, 0x52, 0xa0, 0x00, 0x00,
  0x01, 0x00, 0x00, 0x00, 0x0c, 0x0a, 0x0f, 0x06, 0x18, 0x38, 0x1c, 0x80, 0x00, 0x40, 0x10, 0x00,
  0x01, 0x40, 0x00, 0x00, 0x0e, 0xff, 0x1b, 0x02, 0x18, 0x7e, 0x18, 0x00, 0x05, 0x10, 0x00, 0x00,
  0x02, 0x80, 0x00, 0x00, 0x0f, 0xee, 0x1b, 0x07, 0x70, 0xc6, 0x18, 0x00, 0x00, 0x00, 0x00, 0x00,
  0x00, 0x00, 0x00, 0x00, 0x0e, 0x02, 0x7f, 0x83, 0xe0, 0x63, 0x18, 0x08, 0x03, 0x00, 0x00, 0x00,
  0x00, 0x80, 0x00, 0x00, 0x0c, 0x06, 0x77, 0x87, 0x40, 0xc7, 0x18, 0x1c, 0x03, 0x00, 0x00, 0x00,
  0x00, 0x80, 0x00, 0x00, 0x0c, 0x06, 0x31, 0x83, 0x00, 0x6e, 0x30, 0x0c, 0x02, 0x00, 0x02, 0x00,
  0x00, 0x00, 0x00, 0x00, 0x0c, 0x03, 0x00, 0x83, 0x00, 0x7c, 0x30, 0x46, 0x06, 0x00, 0x04, 0x00,
  0x00, 0x80, 0x00, 0x00, 0x0c, 0x06, 0x01, 0xc3, 0x00, 0x70, 0x60, 0x07, 0x06, 0x00, 0x02, 0x00,
  0x00, 0x00, 0x00, 0x00, 0x0c, 0x02, 0x00, 0x82, 0x00, 0x60, 0x60, 0x03, 0x86, 0x00, 0x00, 0x00,
  0x00, 0x00, 0x00, 0x00, 0x0c, 0x06, 0x00, 0x03, 0x00, 0xc0, 0x50, 0x01, 0x8c, 0x00, 0x00, 0x00,
  0x00, 0x00, 0x00, 0x00, 0x18, 0x02, 0x00, 0x00, 0x00, 0x40, 0x48, 0x40, 0xc4, 0x00, 0x04, 0x00,
  0x00, 0x00, 0x00, 0x00, 0x0c, 0x00, 0x00, 0x00, 0x00, 0x02, 0x90, 0xe0, 0xec, 0x00, 0x05, 0x00,
  0x00, 0x00, 0x00, 0x00, 0x10, 0x80, 0x00, 0x14, 0x60, 0x02, 0xaa, 0xe0, 0x6c, 0x00, 0x05, 0x00,
  0x00, 0x40, 0x00, 0x00, 0x15, 0x60, 0x70, 0xfe, 0x20, 0xc0, 0x8a, 0xe0, 0x38, 0x00, 0x01, 0x00,
  0x00, 0x00, 0x00, 0x07, 0xd4, 0x00, 0xdc, 0xf2, 0x70, 0xc4, 0x25, 0xb0, 0x18, 0x00, 0x01, 0x00,
  0x00, 0x00, 0x00, 0x0f, 0xe4, 0x80, 0xdc, 0x18, 0x60, 0xc1, 0x0b, 0xf8, 0x18, 0x02, 0x00, 0x00,
  0x00, 0x00, 0x00, 0x1c, 0x52, 0x20, 0xcc, 0x10, 0x36, 0xc0, 0x27, 0xb0, 0x38, 0x00, 0x02, 0x00,
  0x00, 0x00, 0x00, 0x18, 0xe1, 0x50, 0xdc, 0x38, 0x7f, 0xc5, 0x8b, 0x7c, 0x10, 0x00, 0x01, 0x00,
  0x01, 0x24, 0x00, 0x0d, 0xd2, 0x30, 0xf8, 0x10, 0x60, 0xcf, 0x83, 0x58, 0x31, 0x00, 0x00, 0x00,
  0x08, 0x82, 0x80, 0x0f, 0xf8, 0x61, 0xf0, 0x38, 0x60, 0xc4, 0xe2, 0xac, 0x74, 0xa0, 0x00, 0x00,
  0x04, 0x50, 0x00, 0x0f, 0x2c, 0x30, 0xb8, 0x10, 0x60, 0xac, 0x60, 0x2c, 0x21, 0x10, 0x01, 0x00,
  0x02, 0x04, 0x00, 0x0c, 0x0c, 0x31, 0x8e, 0x38, 0x60, 0xc6, 0x74, 0x94, 0x6a, 0x40, 0x00, 0x00,
  0x08, 0xa0, 0x00, 0x0c, 0x0c, 0x30, 0x87, 0x10, 0x60, 0x8c, 0x30, 0x80, 0x61, 0x00, 0x00, 0x00,
  0x40, 0x14, 0x00, 0x0c, 0x0c, 0x30, 0x00, 0x38, 0x40, 0x04, 0x69, 0x00, 0x44, 0x00, 0x00, 0x00,
  0x21, 0x40, 0x00, 0x0c, 0x1c, 0x30, 0x00, 0x10, 0x00, 0x0c, 0xe4, 0x00, 0xc0, 0x00, 0x00, 0x00,
  0x04, 0x10, 0x00, 0x0c, 0x18, 0x30, 0x00, 0x18, 0x00, 0x0c, 0xe0, 0xa0, 0xc0, 0x00, 0x00, 0x00,
  0x10, 0x80, 0x00, 0x4c, 0x38, 0x00, 0x00, 0x00, 0x00, 0x07, 0x92, 0x00, 0x80, 0x00, 0x00, 0x00,
  0x22, 0x00, 0x11, 0x1c, 0x70, 0x00, 0x00, 0x00, 0x00, 0x0f, 0x80, 0x00, 0x00, 0x00, 0x20, 0x80,
  0x00, 0x00, 0x40, 0x0d, 0xe0, 0x00, 0x00, 0x00, 0x00, 0x00, 0x24, 0x80, 0x00, 0x00, 0x04, 0x14,
  0x05, 0x00, 0x00, 0x4f, 0x80, 0x00, 0x00, 0x00, 0x00, 0x00, 0x00, 0x00, 0x00, 0x04, 0x12, 0x80,
  0x22, 0xa0, 0x05, 0x17, 0x00, 0x00, 0x00, 0x00, 0x00, 0x00, 0x01, 0x00, 0x10, 0x02, 0x21, 0x08,
  0x09, 0x40, 0x08, 0x0a, 0x00, 0x00, 0x60, 0x10, 0x00, 0x00, 0x00, 0x00, 0x10, 0x28, 0x08, 0x00,
  0x00, 0x00, 0x10, 0x00, 0x00, 0x00, 0x40, 0x28, 0x00, 0x00, 0x00, 0x00, 0x00, 0x00, 0x05, 0x50,
  0x02, 0xa0, 0x02, 0x40, 0x00, 0x00, 0x00, 0x00, 0x00, 0x00, 0x00, 0x00, 0x00, 0x01, 0x40, 0x14,
  0x00, 0x00, 0x08, 0x20, 0x00, 0x06, 0x00, 0x06, 0x00, 0x00, 0x00, 0x00, 0x00, 0x00, 0x05, 0x40,
  0x00, 0x00, 0x00, 0x00, 0x00, 0x03, 0x80, 0x0e, 0x00, 0x00, 0x00, 0x00, 0x00, 0x08, 0x90, 0x00,
  0x00, 0x00, 0x00, 0x00, 0x00, 0x01, 0xc0, 0x58, 0x00, 0x00, 0x00, 0x00, 0x02, 0x82, 0x40, 0x10,
  0x00, 0x00, 0x01, 0x00, 0x00, 0x00, 0xbf, 0xf4, 0x00, 0x00, 0x00, 0x00, 0x00, 0x00, 0x09, 0x00,
  0x00, 0x00, 0x00, 0x00, 0x00, 0x00, 0x3f, 0xa0, 0x00, 0x00, 0x00, 0x00, 0x00, 0x10, 0x80, 0x00,
  0x00, 0x00, 0x00, 0x00, 0x00, 0x00, 0x00, 0x00, 0x00, 0x00, 0x00, 0x00, 0x10, 0x04, 0x0a, 0x00
};

const uint8_t PROGMEM frame52[1024] = {
  0x00, 0x00, 0x80, 0x00, 0x00, 0x00, 0x00, 0x00, 0x00, 0x00, 0x00, 0x00, 0x00, 0x00, 0x00, 0x00,
  0x11, 0x02, 0x00, 0x00, 0x00, 0x00, 0x00, 0x00, 0x00, 0x18, 0x00, 0x00, 0x00, 0x00, 0x00, 0x00,
  0x0a, 0x01, 0x00, 0x00, 0x0a, 0x00, 0x00, 0x00, 0x00, 0x18, 0x00, 0x00, 0x00, 0x00, 0x0a, 0x00,
  0x14, 0x10, 0x00, 0x00, 0x20, 0x00, 0x00, 0x00, 0x10, 0x38, 0x00, 0x00, 0x00, 0x04, 0x80, 0x00,
  0x48, 0x80, 0x00, 0x00, 0x10, 0x00, 0x00, 0x00, 0x18, 0x30, 0x00, 0x00, 0x00, 0x14, 0x12, 0x00,
  0x00, 0x00, 0x00, 0x00, 0x16, 0x00, 0x00, 0x00, 0x0c, 0x00, 0x00, 0x00, 0x04, 0xa1, 0x00, 0x10,
  0x24, 0x40, 0x00, 0x00, 0x10, 0x00, 0x00, 0x00, 0x00, 0x00, 0x00, 0x00, 0x09, 0x08, 0x40, 0xa4,
  0x01, 0x00, 0x00, 0x00, 0x04, 0x00, 0x00, 0x00, 0x01, 0xe0, 0x10, 0x00, 0x05, 0x55, 0x08, 0x0a,
  0x00, 0x40, 0x00, 0x00, 0x20, 0x00, 0x00, 0x00, 0x03, 0xf9, 0xf0, 0x00, 0x0a, 0x08, 0x00, 0x01,
  0x02, 0x80, 0x00, 0x01, 0x00, 0x00, 0x00, 0x00, 0x07, 0xf1, 0xf0, 0x00, 0x05, 0x02, 0x54, 0x2a,
  0x00, 0xa0, 0x00, 0x10, 0x80, 0x00, 0x00, 0x00, 0x07, 0xf8, 0x00, 0x00, 0x00, 0x00, 0x40, 0x04,
  0x00, 0x80, 0x00, 0xa2, 0x00, 0x00, 0x00, 0x01, 0xe7, 0xf8, 0x00, 0x00, 0x00, 0x00, 0x09, 0x22,
  0x00, 0x00, 0x00, 0x20, 0x00, 0x00, 0x00, 0x01, 0xa3, 0xf0, 0x00, 0x00, 0x00, 0x02, 0x50, 0x00,
  0x00, 0x00, 0x00, 0x80, 0x40, 0x88, 0x00, 0x00, 0x01, 0xa2, 0x00, 0x00, 0x00, 0x00, 0x14, 0x00,
  0x00, 0x00, 0x04, 0x29, 0x12, 0x20, 0x00, 0x00, 0x00, 0x03, 0x00, 0x00, 0x00, 0x05, 0x50, 0x00,
  0x00, 0x00, 0x01, 0x00, 0x00, 0x00, 0x00, 0x00, 0x02, 0x03, 0xc0, 0x00, 0x00, 0x00, 0x02, 0x00,
  0x00, 0x00, 0x08, 0x50, 0x00, 0x10, 0x00, 0x00, 0x07, 0x00, 0xc0, 0x00, 0x00, 0x00, 0x00, 0x00,
  0x00, 0x00, 0x02, 0x81, 0x05, 0x04, 0x00, 0x00, 0x06, 0x00, 0x03, 0x00, 0x00, 0x00, 0x29, 0x00,
  0x00, 0x00, 0x08, 0x50, 0x0c, 0x4e, 0x00, 0x00, 0x0e, 0x03, 0x03, 0x00, 0x00, 0x00, 0x02, 0x40,
  0x01, 0x00, 0x01, 0x04, 0x0d, 0x02, 0x80, 0x00, 0x00, 0x01, 0x86, 0x00, 0xa0, 0x00, 0x01, 0x00,
  0x01, 0x00, 0x00, 0x00, 0x14, 0x06, 0x00, 0x00, 0xc0, 0x01, 0xc7, 0x44, 0x05, 0x20, 0x05, 0x40,
  0x00, 0x80, 0x00, 0x00, 0x0c, 0x16, 0x00, 0x03, 0xf0, 0x00, 0x6a, 0x82, 0xe8, 0x90, 0x00, 0x00,
  0x00, 0x00, 0x00, 0x00, 0x0c, 0x83, 0x0e, 0x06, 0x38, 0x00, 0x76, 0x40, 0x05, 0x48, 0x00, 0x00,
  0x00, 0x00, 0x00, 0x00, 0x0c, 0x0e, 0x0e, 0x04, 0x18, 0x00, 0x1e, 0x02, 0x52, 0xa0, 0x00, 0x00,
  0x01, 0x00, 0x00, 0x00, 0x0c, 0x0a, 0x0f, 0x06, 0x18, 0x38, 0x1c, 0x80, 0x00, 0x40, 0x10, 0x00,
  0x01, 0x40, 0x00, 0x00, 0x0e, 0xff, 0x1b, 0x02, 0x18, 0x7e, 0x18, 0x00, 0x05, 0x10, 0x00, 0x00,
  0x02, 0x80, 0x00, 0x00, 0x0f, 0xee, 0x1b, 0x07, 0x70, 0xc6, 0x18, 0x00, 0x00, 0x00, 0x00, 0x00,
  0x00, 0x00, 0x00, 0x00, 0x0e, 0x02, 0x7f, 0x83, 0xe0, 0x63, 0x18, 0x08, 0x03, 0x00, 0x00, 0x00,
  0x00, 0x80, 0x00, 0x00, 0x0c, 0x06, 0x77, 0x87, 0x40, 0xc7, 0x18, 0x1c, 0x03, 0x00, 0x00, 0x00,
  0x00, 0x80, 0x00, 0x00, 0x0c, 0x06, 0x31, 0x83, 0x00, 0x6e, 0x30, 0x0c, 0x02, 0x00, 0x02, 0x00,
  0x00, 0x00, 0x00, 0x00, 0x0c, 0x03, 0x00, 0x83, 0x00, 0x7c, 0x30, 0x46, 0x06, 0x00, 0x04, 0x00,
  0x00, 0x80, 0x00, 0x00, 0x0c, 0x06, 0x01, 0xc3, 0x00, 0x70, 0x60, 0x07, 0x06, 0x00, 0x02, 0x00,
  0x00, 0x00, 0x00, 0x00, 0x0c, 0x02, 0x00, 0x82, 0x00, 0x60, 0x60, 0x03, 0x86, 0x00, 0x00, 0x00,
  0x00, 0x00, 0x00, 0x00, 0x0c, 0x06, 0x00, 0x03, 0x00, 0xc0, 0x50, 0x01, 0x8c, 0x00, 0x00, 0x00,
  0x00, 0x00, 0x00, 0x00, 0x18, 0x02, 0x00, 0x00, 0x00, 0x40, 0x48, 0x40, 0xc4, 0x00, 0x04, 0x00,
  0x00, 0x00, 0x00, 0x00, 0x0c, 0x00, 0x00, 0x00, 0x00, 0x02, 0x90, 0xe0, 0xec, 0x00, 0x05, 0x00,
  0x00, 0x00, 0x00, 0x00, 0x10, 0x80, 0x00, 0x14, 0x60, 0x02, 0xaa, 0xe0, 0x6c, 0x00, 0x05, 0x00,
  0x00, 0x40, 0x00, 0x00, 0x15, 0x60, 0x70, 0xfe, 0x20, 0xc0, 0x8a, 0xe0, 0x38, 0x00, 0x01, 0x00,
  0x00, 0x00, 0x00, 0x07, 0xd4, 0x00, 0xdc, 0xf2, 0x70, 0xc4, 0x25, 0xb0, 0x18, 0x00, 0x01, 0x00,
  0x00, 0x00, 0x00, 0x0f, 0xe4, 0x80, 0xdc, 0x18, 0x60, 0xc1, 0x0b, 0xf8, 0x18, 0x02, 0x00, 0x00,
  0x00, 0x00, 0x00, 0x1c, 0x52, 0x20, 0xcc, 0x10, 0x36, 0xc0, 0x27, 0xb0, 0x38, 0x00, 0x02, 0x00,
  0x00, 0x00, 0x00, 0x18, 0xe1, 0x50, 0xdc, 0x38, 0x7f, 0xc5, 0x8b, 0x7c, 0x10, 0x00, 0x01, 0x00,
  0x01, 0x24, 0x00, 0x0d, 0xd2, 0x30, 0xf8, 0x10, 0x60, 0xcf, 0x83, 0x58, 0x31, 0x00, 0x00, 0x00,
  0x08, 0x82, 0x80, 0x0f, 0xf8, 0x61, 0xf0, 0x38, 0x60, 0xc4, 0xe2, 0xac, 0x74, 0xa0, 0x00, 0x00,
  0x04, 0x50, 0x00, 0x0f, 0x2c, 0x30, 0xb8, 0x10, 0x60, 0xac, 0x60, 0x2c, 0x21, 0x10, 0x01, 0x00,
  0x02, 0x04, 0x00, 0x0c, 0x0c, 0x31, 0x8e, 0x38, 0x60, 0xc6, 0x74, 0x94, 0x6a, 0x40, 0x00, 0x00,
  0x08, 0xa0, 0x00, 0x0c, 0x0c, 0x30, 0x87, 0x10, 0x60, 0x8c, 0x30, 0x80, 0x61, 0x00, 0x00, 0x00,
  0x40, 0x14, 0x00, 0x0c, 0x0c, 0x30, 0x00, 0x38, 0x40, 0x04, 0x69, 0x00, 0x44, 0x00, 0x00, 0x00,
  0x21, 0x40, 0x00, 0x0c, 0x1c, 0x30, 0x00, 0x10, 0x00, 0x0c, 0xe4, 0x00, 0xc0, 0x00, 0x00, 0x00,
  0x04, 0x10, 0x00, 0x0c, 0x18, 0x30, 0x00, 0x18, 0x00, 0x0c, 0xe0, 0xa0, 0xc0, 0x00, 0x00, 0x00,
  0x10, 0x80, 0x00, 0x4c, 0x38, 0x00, 0x00, 0x00, 0x00, 0x07, 0x92, 0x00, 0x80, 0x00, 0x00, 0x00,
  0x22, 0x00, 0x11, 0x1c, 0x70, 0x00, 0x00, 0x00, 0x00, 0x0f, 0x80, 0x00, 0x00, 0x00, 0x20, 0x80,
  0x00, 0x00, 0x40, 0x0d, 0xe0, 0x00, 0x00, 0x00, 0x00, 0x00, 0x24, 0x80, 0x00, 0x00, 0x04, 0x14,
  0x05, 0x00, 0x00, 0x4f, 0x80, 0x00, 0x00, 0x00, 0x00, 0x00, 0x00, 0x00, 0x00, 0x04, 0x12, 0x80,
  0x22, 0xa0, 0x05, 0x17, 0x00, 0x00, 0x00, 0x00, 0x00, 0x00, 0x01, 0x00, 0x10, 0x02, 0x21, 0x08,
  0x09, 0x40, 0x08, 0x0a, 0x00, 0x00, 0x60, 0x10, 0x00, 0x00, 0x00, 0x00, 0x10, 0x28, 0x08, 0x00,
  0x00, 0x00, 0x10, 0x00, 0x00, 0x00, 0x40, 0x28, 0x00, 0x00, 0x00, 0x00, 0x00, 0x00, 0x05, 0x50,
  0x02, 0xa0, 0x02, 0x40, 0x00, 0x00, 0x00, 0x00, 0x00, 0x00, 0x00, 0x00, 0x00, 0x01, 0x40, 0x14,
  0x00, 0x00, 0x08, 0x20, 0x00, 0x06, 0x00, 0x06, 0x00, 0x00, 0x00, 0x00, 0x00, 0x00, 0x05, 0x40,
  0x00, 0x00, 0x00, 0x00, 0x00, 0x03, 0x80, 0x0e, 0x00, 0x00, 0x00, 0x00, 0x00, 0x08, 0x90, 0x00,
  0x00, 0x00, 0x00, 0x00, 0x00, 0x01, 0xc0, 0x58, 0x00, 0x00, 0x00, 0x00, 0x02, 0x82, 0x40, 0x10,
  0x00, 0x00, 0x01, 0x00, 0x00, 0x00, 0xbf, 0xf4, 0x00, 0x00, 0x00, 0x00, 0x00, 0x00, 0x09, 0x00,
  0x00, 0x00, 0x00, 0x00, 0x00, 0x00, 0x3f, 0xa0, 0x00, 0x00, 0x00, 0x00, 0x00, 0x10, 0x80, 0x00,
  0x00, 0x00, 0x00, 0x00, 0x00, 0x00, 0x00, 0x00, 0x00, 0x00, 0x00, 0x00, 0x10, 0x04, 0x0a, 0x00
};

const uint8_t PROGMEM frame53[1024] = {
  0x00, 0x00, 0x80, 0x00, 0x00, 0x00, 0x00, 0x00, 0x00, 0x00, 0x00, 0x00, 0x00, 0x00, 0x00, 0x00,
  0x11, 0x02, 0x00, 0x00, 0x00, 0x00, 0x00, 0x00, 0x00, 0x18, 0x00, 0x00, 0x00, 0x00, 0x00, 0x00,
  0x0a, 0x01, 0x00, 0x00, 0x0a, 0x00, 0x00, 0x00, 0x00, 0x18, 0x00, 0x00, 0x00, 0x00, 0x0a, 0x00,
  0x14, 0x10, 0x00, 0x00, 0x20, 0x00, 0x00, 0x00, 0x10, 0x38, 0x00, 0x00, 0x00, 0x04, 0x80, 0x00,
  0x48, 0x80, 0x00, 0x00, 0x10, 0x00, 0x00, 0x00, 0x18, 0x30, 0x00, 0x00, 0x00, 0x14, 0x12, 0x00,
  0x00, 0x00, 0x00, 0x00, 0x16, 0x00, 0x00, 0x00, 0x0c, 0x00, 0x00, 0x00, 0x04, 0xa1, 0x00, 0x10,
  0x24, 0x40, 0x00, 0x00, 0x10, 0x00, 0x00, 0x00, 0x00, 0x00, 0x00, 0x00, 0x09, 0x08, 0x40, 0xa4,
  0x01, 0x00, 0x00, 0x00, 0x04, 0x00, 0x00, 0x00, 0x01, 0xe0, 0x10, 0x00, 0x05, 0x55, 0x08, 0x0a,
  0x00, 0x40, 0x00, 0x00, 0x20, 0x00, 0x00, 0x00, 0x03, 0xf9, 0xf0, 0x00, 0x0a, 0x08, 0x00, 0x01,
  0x02, 0x80, 0x00, 0x01, 0x00, 0x00, 0x00, 0x00, 0x07, 0xf1, 0xf0, 0x00, 0x05, 0x02, 0x54, 0x2a,
  0x00, 0xa0, 0x00, 0x10, 0x80, 0x00, 0x00, 0x00, 0x07, 0xf8, 0x00, 0x00, 0x00, 0x00, 0x40, 0x04,
  0x00, 0x80, 0x00, 0xa2, 0x00, 0x00, 0x00, 0x01, 0xe7, 0xf8, 0x00, 0x00, 0x00, 0x00, 0x09, 0x22,
  0x00, 0x00, 0x00, 0x20, 0x00, 0x00, 0x00, 0x01, 0xa3, 0xf0, 0x00, 0x00, 0x00, 0x02, 0x50, 0x00,
  0x00, 0x00, 0x00, 0x80, 0x40, 0x88, 0x00, 0x00, 0x01, 0xa2, 0x00, 0x00, 0x00, 0x00, 0x14, 0x00,
  0x00, 0x00, 0x04, 0x29, 0x12, 0x20, 0x00, 0x00, 0x00, 0x03, 0x00, 0x00, 0x00, 0x05, 0x50, 0x00,
  0x00, 0x00, 0x01, 0x00, 0x00, 0x00, 0x00, 0x00, 0x02, 0x03, 0xc0, 0x00, 0x00, 0x00, 0x02, 0x00,
  0x00, 0x00, 0x08, 0x50, 0x00, 0x10, 0x00, 0x00, 0x07, 0x00, 0xc0, 0x00, 0x00, 0x00, 0x00, 0x00,
  0x00, 0x00, 0x02, 0x81, 0x05, 0x06, 0x00, 0x00, 0x06, 0x00, 0x01, 0x00, 0x00, 0x00, 0x29, 0x00,
  0x00, 0x00, 0x08, 0x50, 0x18, 0x96, 0x00, 0x00, 0x0e, 0x01, 0x03, 0x00, 0x00, 0x00, 0x02, 0x40,
  0x01, 0x00, 0x01, 0x04, 0x0c, 0x06, 0x00, 0x00, 0x00, 0x01, 0x83, 0x00, 0xa0, 0x00, 0x01, 0x00,
  0x01, 0x00, 0x00, 0x00, 0x0c, 0x06, 0x00, 0x00, 0x00, 0x01, 0xc5, 0x82, 0x05, 0x20, 0x05, 0x40,
  0x00, 0x80, 0x00, 0x00, 0x08, 0x26, 0x00, 0x03, 0xe0, 0x00, 0x67, 0x24, 0xe8, 0x90, 0x00, 0x00,
  0x00, 0x00, 0x00, 0x00, 0x0c, 0x8a, 0x04, 0x06, 0xf0, 0x00, 0x76, 0x81, 0x05, 0x48, 0x00, 0x00,
  0x00, 0x00, 0x00, 0x00, 0x0c, 0x0e, 0x0f, 0x04, 0x18, 0x10, 0x3e, 0x00, 0x52, 0xa0, 0x00, 0x00,
  0x01, 0x00, 0x00, 0x00, 0x08, 0x36, 0x0e, 0x06, 0x38, 0x7c, 0x1d, 0x01, 0x00, 0x40, 0x10, 0x00,
  0x01, 0x40, 0x00, 0x00, 0x0f, 0xfe, 0x0f, 0x06, 0x18, 0xf6, 0x0c, 0x00, 0x05, 0x10, 0x00, 0x00,
  0x02, 0x80, 0x00, 0x00, 0x0f, 0xa6, 0x1b, 0x06, 0x30, 0xc6, 0x0c, 0x18, 0x03, 0x00, 0x00, 0x00,
  0x00, 0x00, 0x00, 0x00, 0x0c, 0x06, 0x3d, 0x86, 0xe0, 0xc6, 0x0c, 0x18, 0x06, 0x00, 0x00, 0x00,
  0x00, 0x80, 0x00, 0x00, 0x18, 0x04, 0x7f, 0x87, 0xc0, 0xc6, 0x18, 0x0e, 0x02, 0x00, 0x00, 0x00,
  0x00, 0x80, 0x00, 0x00, 0x0c, 0x06, 0x35, 0x83, 0x00, 0x7c, 0x18, 0x0e, 0x06, 0x00, 0x02, 0x00,
  0x00, 0x00, 0x00, 0x00, 0x18, 0x06, 0x21, 0x86, 0x00, 0xf8, 0x18, 0x43, 0x0c, 0x00, 0x04, 0x00,
  0x00, 0x80, 0x00, 0x00, 0x0c, 0x06, 0x00, 0xc3, 0x00, 0x60, 0x30, 0x03, 0x06, 0x00, 0x02, 0x00,
  0x00, 0x00, 0x00, 0x00, 0x18, 0x04, 0x00, 0xc6, 0x00, 0xc0, 0x30, 0x01, 0x8c, 0x00, 0x00, 0x00,
  0x00, 0x00, 0x00, 0x00, 0x18, 0x06, 0x00, 0x03, 0x00, 0xe0, 0x70, 0x01, 0xcc, 0x00, 0x00, 0x00,
  0x00, 0x00, 0x00, 0x00, 0x18, 0x04, 0x00, 0x01, 0x00, 0x01, 0x54, 0x60, 0xe8, 0x00, 0x04, 0x00,
  0x00, 0x00, 0x00, 0x00, 0x14, 0x00, 0x00, 0x00, 0x00, 0x01, 0x10, 0xe0, 0x78, 0x00, 0x03, 0x00,
  0x00, 0x00, 0x00, 0x00, 0x08, 0x80, 0x01, 0xfe, 0x00, 0x04, 0xca, 0xf0, 0x38, 0x00, 0x0a, 0x00,
  0x00, 0x40, 0x00, 0x02, 0xd2, 0x60, 0x11, 0x7c, 0x60, 0x01, 0x25, 0xb0, 0x30, 0x00, 0x01, 0x00,
  0x00, 0x00, 0x00, 0x07, 0xf5, 0x00, 0x7c, 0x30, 0x40, 0xc0, 0x12, 0xd8, 0x18, 0x00, 0x01, 0x00,
  0x00, 0x00, 0x00, 0x0d, 0x74, 0x40, 0x6c, 0x30, 0x60, 0xc1, 0x0f, 0xf8, 0x30, 0x00, 0x00, 0x00,
  0x00, 0x00, 0x00, 0x06, 0x32, 0x00, 0x66, 0x30, 0x60, 0xc0, 0x47, 0xf8, 0x30, 0x00, 0x01, 0x00,
  0x00, 0x00, 0x00, 0x04, 0x61, 0x60, 0xcc, 0x20, 0x6f, 0xc7, 0x93, 0x1c, 0x60, 0x00, 0x01, 0x00,
  0x01, 0x24, 0x00, 0x07, 0xfc, 0xe0, 0x7c, 0x30, 0x7d, 0xc7, 0xc2, 0xac, 0x20, 0x40, 0x00, 0x00,
  0x08, 0x82, 0x80, 0x0f, 0xfe, 0x40, 0xf8, 0x30, 0x60, 0x84, 0x70, 0xac, 0x6a, 0x80, 0x00, 0x00,
  0x04, 0x50, 0x00, 0x07, 0x06, 0x60, 0xfa, 0x30, 0xe0, 0xc6, 0x62, 0x2c, 0x60, 0x20, 0x01, 0x00,
  0x02, 0x04, 0x00, 0x06, 0x06, 0x60, 0x8e, 0x30, 0x40, 0xce, 0x30, 0x90, 0xca, 0x90, 0x00, 0x00,
  0x08, 0xa0, 0x00, 0x06, 0x06, 0x60, 0xc7, 0xb0, 0xe0, 0x84, 0x38, 0x80, 0xc1, 0x00, 0x00, 0x00,
  0x40, 0x14, 0x00, 0x06, 0x06, 0x60, 0x00, 0x30, 0x40, 0xce, 0x72, 0x00, 0x84, 0x40, 0x01, 0x00,
  0x21, 0x40, 0x00, 0x06, 0x0c, 0x60, 0x00, 0x30, 0xc0, 0x04, 0x68, 0x81, 0x80, 0x00, 0x00, 0x00,
  0x04, 0x10, 0x00, 0x06, 0x1c, 0x40, 0x00, 0x00, 0x00, 0x0f, 0xe2, 0x00, 0x00, 0x00, 0x00, 0x00,
  0x10, 0x80, 0x00, 0x06, 0x38, 0x00, 0x00, 0x00, 0x00, 0x07, 0x90, 0x40, 0x00, 0x00, 0x00, 0x00,
  0x22, 0x00, 0x11, 0x56, 0x70, 0x00, 0x00, 0x00, 0x00, 0x06, 0x82, 0x00, 0x00, 0x00, 0x20, 0x00,
  0x00, 0x00, 0x40, 0x03, 0xe0, 0x00, 0x00, 0x00, 0x00, 0x00, 0x20, 0x00, 0x00, 0x00, 0x04, 0x90,
  0x05, 0x00, 0x00, 0x27, 0x80, 0x00, 0x00, 0x00, 0x00, 0x00, 0x09, 0x20, 0x00, 0x02, 0x12, 0x04,
  0x22, 0xa0, 0x05, 0x06, 0x80, 0x00, 0x00, 0x00, 0x00, 0x00, 0x00, 0x00, 0x10, 0x04, 0x11, 0x48,
  0x09, 0x40, 0x08, 0x10, 0x00, 0x00, 0xe0, 0x10, 0x00, 0x00, 0x00, 0x00, 0x18, 0x10, 0x04, 0x00,
  0x00, 0x00, 0x10, 0x40, 0x00, 0x00, 0x20, 0x10, 0x00, 0x00, 0x00, 0x00, 0x00, 0x00, 0x22, 0xa0,
  0x02, 0xa0, 0x02, 0x00, 0x00, 0x02, 0x00, 0x00, 0x00, 0x00, 0x00, 0x00, 0x00, 0x01, 0x00, 0x14,
  0x00, 0x00, 0x08, 0x40, 0x00, 0x05, 0x00, 0x06, 0x00, 0x00, 0x00, 0x00, 0x00, 0x00, 0x8a, 0x80,
  0x00, 0x00, 0x00, 0x00, 0x00, 0x03, 0x00, 0x0e, 0x00, 0x00, 0x00, 0x00, 0x00, 0x0a, 0x20, 0x10,
  0x00, 0x00, 0x00, 0x00, 0x00, 0x01, 0xc0, 0x78, 0x00, 0x00, 0x00, 0x00, 0x01, 0x00, 0x40, 0x00,
  0x00, 0x00, 0x00, 0x00, 0x00, 0x00, 0xff, 0xe8, 0x00, 0x00, 0x00, 0x00, 0x00, 0x41, 0x09, 0x00,
  0x00, 0x00, 0x00, 0x00, 0x00, 0x00, 0x2f, 0x80, 0x00, 0x00, 0x00, 0x00, 0x00, 0x08, 0x00, 0x00,
  0x00, 0x00, 0x00, 0x00, 0x00, 0x00, 0x00, 0x00, 0x00, 0x00, 0x00, 0x00, 0x04, 0x00, 0x8a, 0x00
};

const uint8_t PROGMEM frame54[1024] = {
  0x00, 0x00, 0x00, 0x00, 0x00, 0x00, 0x00, 0x00, 0x00, 0x00, 0x00, 0x00, 0x00, 0x00, 0x00, 0x00,
  0x22, 0x80, 0x00, 0x00, 0x02, 0x00, 0x00, 0x00, 0x00, 0x18, 0x00, 0x00, 0x00, 0x00, 0x00, 0x00,
  0x04, 0x01, 0x00, 0x00, 0x14, 0x00, 0x00, 0x00, 0x00, 0x18, 0x00, 0x00, 0x00, 0x00, 0x08, 0x00,
  0x09, 0x00, 0x00, 0x00, 0x24, 0x80, 0x00, 0x00, 0x10, 0x38, 0x00, 0x00, 0x00, 0x12, 0x00, 0x00,
  0x28, 0x00, 0x00, 0x00, 0x10, 0x00, 0x00, 0x00, 0x18, 0x30, 0x00, 0x00, 0x00, 0x44, 0x48, 0x00,
  0x00, 0x80, 0x00, 0x00, 0x49, 0x00, 0x00, 0x00, 0x0c, 0x00, 0x00, 0x00, 0x09, 0x08, 0x00, 0x24,
  0x00, 0x00, 0x00, 0x00, 0x14, 0x00, 0x00, 0x00, 0x00, 0x00, 0x00, 0x00, 0x0a, 0x49, 0x01, 0x40,
  0x04, 0x40, 0x00, 0x00, 0x22, 0x00, 0x00, 0x00, 0x01, 0xe0, 0x10, 0x00, 0x12, 0x90, 0x08, 0x12,
  0x01, 0x10, 0x00, 0x00, 0x08, 0x00, 0x00, 0x00, 0x03, 0xf9, 0xf0, 0x00, 0x04, 0x02, 0x40, 0x00,
  0x02, 0xa0, 0x00, 0x01, 0x20, 0x00, 0x00, 0x00, 0x07, 0xf1, 0xf0, 0x00, 0x11, 0x08, 0x10, 0x0a,
  0x00, 0x80, 0x00, 0x44, 0x00, 0x00, 0x00, 0x00, 0x07, 0xf8, 0x00, 0x00, 0x04, 0x01, 0x44, 0xa0,
  0x02, 0x40, 0x00, 0x20, 0x80, 0x00, 0x00, 0x01, 0xe7, 0xf8, 0x00, 0x00, 0x00, 0x00, 0x08, 0x00,
  0x00, 0x00, 0x01, 0x10, 0x00, 0x00, 0x00, 0x01, 0xa3, 0xf0, 0x00, 0x00, 0x00, 0x02, 0x22, 0x02,
  0x00, 0x00, 0x00, 0x00, 0x00, 0x24, 0x00, 0x00, 0x01, 0xa2, 0x00, 0x00, 0x00, 0x00, 0x14, 0x00,
  0x00, 0x00, 0x05, 0x29, 0x48, 0x80, 0x00, 0x00, 0x00, 0x03, 0x00, 0x00, 0x00, 0x0a, 0x48, 0x00,
  0x00, 0x00, 0x10, 0x00, 0x00, 0x00, 0x00, 0x00, 0x02, 0x03, 0xc0, 0x00, 0x00, 0x00, 0x20, 0x80,
  0x00, 0x00, 0x01, 0x51, 0x00, 0x12, 0x00, 0x00, 0x07, 0x00, 0xc0, 0x00, 0x00, 0x00, 0x00, 0x00,
  0x00, 0x00, 0x04, 0x00, 0x09, 0x04, 0x00, 0x00, 0x06, 0x00, 0x01, 0x00, 0x00, 0x00, 0x01, 0x00,
  0x00, 0x00, 0x11, 0x10, 0x0c, 0x0e, 0x00, 0x00, 0x0e, 0x01, 0x03, 0x00, 0x40, 0x00, 0x08, 0x00,
  0x01, 0x00, 0x00, 0x88, 0x48, 0x26, 0x80, 0x00, 0x00, 0x01, 0x83, 0x41, 0x10, 0x40, 0x05, 0x40,
  0x01, 0x80, 0x00, 0x00, 0x0c, 0x84, 0x00, 0x00, 0x00, 0x01, 0xcb, 0x04, 0x42, 0x08, 0x0a, 0x80,
  0x00, 0x00, 0x00, 0x40, 0x0c, 0x06, 0x00, 0x03, 0xe0, 0x00, 0x66, 0xc1, 0x29, 0x44, 0x01, 0x00,
  0x00, 0x80, 0x00, 0x00, 0x0c, 0x06, 0x06, 0x06, 0xf0, 0x00, 0x7b, 0x08, 0x84, 0x90, 0x00, 0x00,
  0x00, 0x00, 0x00, 0x00, 0x08, 0x16, 0x0e, 0x04, 0x18, 0x10, 0x3e, 0x42, 0x22, 0xa0, 0x00, 0x00,
  0x01, 0x40, 0x00, 0x00, 0x0c, 0xae, 0x0f, 0x06, 0x38, 0x7c, 0x1d, 0x00, 0x14, 0x80, 0x00, 0x00,
  0x02, 0x88, 0x00, 0x00, 0x0d, 0xfe, 0x0f, 0x06, 0x18, 0xf6, 0x0c, 0x00, 0x42, 0x20, 0x00, 0x00,
  0x02, 0xa0, 0x00, 0x00, 0x0f, 0xa6, 0x1b, 0x06, 0x30, 0xc6, 0x0c, 0x18, 0x07, 0x00, 0x00, 0x00,
  0x00, 0x00, 0x00, 0x00, 0x0c, 0x06, 0x3d, 0x86, 0xf0, 0xc6, 0x0c, 0x18, 0x02, 0x00, 0x00, 0x00,
  0x01, 0x40, 0x00, 0x00, 0x0c, 0x06, 0x7f, 0x87, 0xc0, 0x66, 0x18, 0x0e, 0x06, 0x00, 0x00, 0x00,
  0x00, 0x80, 0x00, 0x00, 0x18, 0x04, 0x35, 0x83, 0x00, 0xdc, 0x18, 0x0e, 0x06, 0x00, 0x06, 0x00,
  0x00, 0x00, 0x00, 0x00, 0x0c, 0x06, 0x21, 0x86, 0x00, 0x78, 0x18, 0x43, 0x04, 0x00, 0x02, 0x00,
  0x00, 0x00, 0x00, 0x00, 0x18, 0x06, 0x00, 0xc3, 0x00, 0xe0, 0x30, 0x03, 0x0e, 0x00, 0x02, 0x00,
  0x00, 0x80, 0x00, 0x00, 0x0c, 0x06, 0x00, 0xc6, 0x00, 0x40, 0x30, 0x01, 0x8c, 0x00, 0x00, 0x00,
  0x00, 0x00, 0x00, 0x00, 0x18, 0x06, 0x00, 0x03, 0x00, 0xe0, 0x70, 0x01, 0xc8, 0x00, 0x02, 0x00,
  0x00, 0x00, 0x00, 0x00, 0x18, 0x00, 0x00, 0x00, 0x00, 0x01, 0x28, 0x60, 0xec, 0x00, 0x09, 0x00,
  0x00, 0x00, 0x00, 0x00, 0x14, 0x00, 0x00, 0x02, 0x00, 0x04, 0x14, 0xe0, 0x78, 0x00, 0x05, 0x40,
  0x00, 0x00, 0x00, 0x00, 0x09, 0x00, 0x01, 0xfc, 0x00, 0x02, 0xa2, 0xf0, 0x38, 0x00, 0x14, 0x00,
  0x00, 0x40, 0x00, 0x02, 0xe8, 0xe0, 0x11, 0x7c, 0x60, 0x11, 0x49, 0xf0, 0x18, 0x00, 0x02, 0x80,
  0x00, 0x00, 0x00, 0x07, 0xf2, 0x00, 0x7c, 0x30, 0x60, 0xc4, 0x25, 0x98, 0x30, 0x00, 0x01, 0x00,
  0x00, 0x00, 0x00, 0x0d, 0x64, 0x20, 0x6c, 0x30, 0x60, 0xc0, 0x8f, 0xf8, 0x30, 0x00, 0x01, 0x00,
  0x00, 0x00, 0x00, 0x06, 0x32, 0x00, 0xc6, 0x30, 0x60, 0xc1, 0x07, 0xf8, 0x30, 0x00, 0x00, 0x00,
  0x00, 0x00, 0x00, 0x06, 0x71, 0x60, 0x6e, 0x10, 0x6f, 0x87, 0xaa, 0x2c, 0x60, 0x00, 0x01, 0x00,
  0x00, 0x02, 0x00, 0x0d, 0xfa, 0x60, 0xfc, 0x30, 0x7a, 0xc6, 0xc3, 0xb8, 0x21, 0x00, 0x00, 0x00,
  0x09, 0x60, 0x00, 0x07, 0xed, 0x60, 0x78, 0x30, 0x60, 0xc6, 0xf0, 0x4e, 0x70, 0x48, 0x01, 0x00,
  0x00, 0x04, 0x00, 0x07, 0x0e, 0x60, 0xf8, 0x30, 0xc0, 0xc6, 0x32, 0x9c, 0x64, 0x20, 0x00, 0x00,
  0x0a, 0x82, 0x00, 0x06, 0x06, 0x60, 0x8e, 0x30, 0x60, 0xc6, 0x30, 0x42, 0xc1, 0x40, 0x00, 0x00,
  0x00, 0xa0, 0x00, 0x06, 0x06, 0x60, 0xc7, 0xb0, 0xe1, 0x8c, 0x35, 0x10, 0x44, 0x90, 0x00, 0x00,
  0x00, 0x0a, 0x00, 0x06, 0x0e, 0x60, 0x01, 0x30, 0x40, 0x86, 0x70, 0x40, 0xc0, 0x00, 0x01, 0x00,
  0x45, 0x40, 0x00, 0x06, 0x0a, 0x60, 0x00, 0x10, 0x40, 0x0c, 0x64, 0x01, 0x82, 0x00, 0x00, 0x00,
  0x10, 0x28, 0x00, 0x06, 0x1c, 0x40, 0x00, 0x00, 0x00, 0x0f, 0xe0, 0xa0, 0x00, 0x00, 0x00, 0x00,
  0x02, 0x80, 0x00, 0x06, 0x38, 0x00, 0x00, 0x00, 0x00, 0x07, 0x91, 0x00, 0x00, 0x00, 0x00, 0x00,
  0x20, 0x00, 0x00, 0x46, 0x70, 0x00, 0x00, 0x00, 0x00, 0x06, 0x82, 0x00, 0x00, 0x00, 0x00, 0x00,
  0x04, 0x00, 0x01, 0x17, 0xe0, 0x00, 0x00, 0x00, 0x00, 0x00, 0x20, 0x00, 0x00, 0x00, 0x12, 0x08,
  0x22, 0x80, 0x10, 0x27, 0x80, 0x00, 0x00, 0x00, 0x00, 0x00, 0x00, 0x80, 0x20, 0x12, 0x10, 0x80,
  0x05, 0x00, 0x42, 0x05, 0x00, 0x00, 0x00, 0x00, 0x00, 0x00, 0x08, 0x00, 0x14, 0x04, 0x02, 0x08,
  0x10, 0x40, 0x04, 0x48, 0x00, 0x00, 0x60, 0x10, 0x00, 0x00, 0x01, 0x00, 0x60, 0x00, 0x28, 0x80,
  0x04, 0x90, 0x00, 0x00, 0x00, 0x00, 0x40, 0x10, 0x00, 0x00, 0x00, 0x00, 0x18, 0x00, 0x02, 0x48,
  0x02, 0x00, 0x12, 0x00, 0x00, 0x00, 0x00, 0x00, 0x00, 0x00, 0x00, 0x00, 0x40, 0x22, 0x01, 0x10,
  0x01, 0x00, 0x00, 0x48, 0x00, 0x07, 0x00, 0x06, 0x00, 0x00, 0x00, 0x00, 0x00, 0x00, 0x88, 0x02,
  0x02, 0x10, 0x01, 0x20, 0x00, 0x03, 0x00, 0x0e, 0x00, 0x00, 0x00, 0x00, 0x02, 0x08, 0x22, 0x90,
  0x00, 0x00, 0x00, 0x00, 0x00, 0x01, 0xc0, 0x7c, 0x00, 0x00, 0x00, 0x00, 0x00, 0x01, 0x40, 0x00,
  0x00, 0x00, 0x02, 0x00, 0x00, 0x00, 0xff, 0xe8, 0x00, 0x00, 0x00, 0x00, 0x02, 0x08, 0x09, 0x00,
  0x00, 0x00, 0x00, 0x00, 0x00, 0x00, 0x3f, 0xa0, 0x00, 0x00, 0x00, 0x00, 0x00, 0x01, 0x00, 0x00,
  0x00, 0x00, 0x00, 0x00, 0x00, 0x00, 0x00, 0x00, 0x00, 0x00, 0x00, 0x00, 0x00, 0x24, 0x4c, 0x00
};

const uint8_t PROGMEM frame55[1024] = {
  0x00, 0x00, 0x00, 0x00, 0x00, 0x00, 0x00, 0x00, 0x00, 0x00, 0x00, 0x00, 0x00, 0x00, 0x00, 0x00,
  0x22, 0x80, 0x00, 0x00, 0x02, 0x00, 0x00, 0x00, 0x00, 0x18, 0x00, 0x00, 0x00, 0x00, 0x00, 0x00,
  0x04, 0x01, 0x00, 0x00, 0x14, 0x00, 0x00, 0x00, 0x00, 0x18, 0x00, 0x00, 0x00, 0x00, 0x08, 0x00,
  0x09, 0x00, 0x00, 0x00, 0x24, 0x80, 0x00, 0x00, 0x10, 0x38, 0x00, 0x00, 0x00, 0x12, 0x00, 0x00,
  0x28, 0x00, 0x00, 0x00, 0x10, 0x00, 0x00, 0x00, 0x18, 0x30, 0x00, 0x00, 0x00, 0x44, 0x48, 0x00,
  0x00, 0x80, 0x00, 0x00, 0x49, 0x00, 0x00, 0x00, 0x0c, 0x00, 0x00, 0x00, 0x09, 0x08, 0x00, 0x24,
  0x00, 0x00, 0x00, 0x00, 0x14, 0x00, 0x00, 0x00, 0x00, 0x00, 0x00, 0x00, 0x0a, 0x49, 0x01, 0x40,
  0x04, 0x40, 0x00, 0x00, 0x22, 0x00, 0x00, 0x00, 0x01, 0xe0, 0x10, 0x00, 0x12, 0x90, 0x08, 0x12,
  0x01, 0x10, 0x00, 0x00, 0x08, 0x00, 0x00, 0x00, 0x03, 0xf9, 0xf0, 0x00, 0x04, 0x02, 0x40, 0x00,
  0x02, 0xa0, 0x00, 0x01, 0x20, 0x00, 0x00, 0x00, 0x07, 0xf1, 0xf0, 0x00, 0x11, 0x08, 0x10, 0x0a,
  0x00, 0x80, 0x00, 0x44, 0x00, 0x00, 0x00, 0x00, 0x07, 0xf8, 0x00, 0x00, 0x04, 0x01, 0x44, 0xa0,
  0x02, 0x40, 0x00, 0x20, 0x80, 0x00, 0x00, 0x01, 0xe7, 0xf8, 0x00, 0x00, 0x00, 0x00, 0x08, 0x00,
  0x00, 0x00, 0x01, 0x10, 0x00, 0x00, 0x00, 0x01, 0xa3, 0xf0, 0x00, 0x00, 0x00, 0x02, 0x22, 0x02,
  0x00, 0x00, 0x00, 0x00, 0x00, 0x24, 0x00, 0x00, 0x01, 0xa2, 0x00, 0x00, 0x00, 0x00, 0x14, 0x00,
  0x00, 0x00, 0x05, 0x29, 0x48, 0x80, 0x00, 0x00, 0x00, 0x03, 0x00, 0x00, 0x00, 0x0a, 0x48, 0x00,
  0x00, 0x00, 0x10, 0x00, 0x00, 0x00, 0x00, 0x00, 0x02, 0x03, 0xc0, 0x00, 0x00, 0x00, 0x20, 0x80,
  0x00, 0x00, 0x01, 0x51, 0x00, 0x12, 0x00, 0x00, 0x07, 0x00, 0xc0, 0x00, 0x00, 0x00, 0x00, 0x00,
  0x00, 0x00, 0x04, 0x00, 0x09, 0x04, 0x00, 0x00, 0x06, 0x00, 0x01, 0x00, 0x00, 0x00, 0x01, 0x00,
  0x00, 0x00, 0x11, 0x10, 0x0c, 0x0e, 0x00, 0x00, 0x0e, 0x01, 0x03, 0x00, 0x40, 0x00, 0x08, 0x00,
  0x01, 0x00, 0x00, 0x88, 0x48, 0x26, 0x80, 0x00, 0x00, 0x01, 0x83, 0x41, 0x10, 0x40, 0x05, 0x40,
  0x01, 0x80, 0x00, 0x00, 0x0c, 0x84, 0x00, 0x00, 0x00, 0x01, 0xcb, 0x04, 0x42, 0x08, 0x0a, 0x80,
  0x00, 0x00, 0x00, 0x40, 0x0c, 0x06, 0x00, 0x03, 0xe0, 0x00, 0x66, 0xc1, 0x29, 0x44, 0x01, 0x00,
  0x00, 0x80, 0x00, 0x00, 0x0c, 0x06, 0x06, 0x06, 0xf0, 0x00, 0x7b, 0x08, 0x84, 0x90, 0x00, 0x00,
  0x00, 0x00, 0x00, 0x00, 0x08, 0x16, 0x0e, 0x04, 0x18, 0x10, 0x3e, 0x42, 0x22, 0xa0, 0x00, 0x00,
  0x01, 0x40, 0x00, 0x00, 0x0c, 0xae, 0x0f, 0x06, 0x38, 0x7c, 0x1d, 0x00, 0x14, 0x80, 0x00, 0x00,
  0x02, 0x88, 0x00, 0x00, 0x0d, 0xfe, 0x0f, 0x06, 0x18, 0xf6, 0x0c, 0x00, 0x42, 0x20, 0x00, 0x00,
  0x02, 0xa0, 0x00, 0x00, 0x0f, 0xa6, 0x1b, 0x06, 0x30, 0xc6, 0x0c, 0x18, 0x07, 0x00, 0x00, 0x00,
  0x00, 0x00, 0x00, 0x00, 0x0c, 0x06, 0x3d, 0x86, 0xf0, 0xc6, 0x0c, 0x18, 0x02, 0x00, 0x00, 0x00,
  0x01, 0x40, 0x00, 0x00, 0x0c, 0x06, 0x7f, 0x87, 0xc0, 0x66, 0x18, 0x0e, 0x06, 0x00, 0x00, 0x00,
  0x00, 0x80, 0x00, 0x00, 0x18, 0x04, 0x35, 0x83, 0x00, 0xdc, 0x18, 0x0e, 0x06, 0x00, 0x06, 0x00,
  0x00, 0x00, 0x00, 0x00, 0x0c, 0x06, 0x21, 0x86, 0x00, 0x78, 0x18, 0x43, 0x04, 0x00, 0x02, 0x00,
  0x00, 0x00, 0x00, 0x00, 0x18, 0x06, 0x00, 0xc3, 0x00, 0xe0, 0x30, 0x03, 0x0e, 0x00, 0x02, 0x00,
  0x00, 0x80, 0x00, 0x00, 0x0c, 0x06, 0x00, 0xc6, 0x00, 0x40, 0x30, 0x01, 0x8c, 0x00, 0x00, 0x00,
  0x00, 0x00, 0x00, 0x00, 0x18, 0x06, 0x00, 0x03, 0x00, 0xe0, 0x70, 0x01, 0xc8, 0x00, 0x02, 0x00,
  0x00, 0x00, 0x00, 0x00, 0x18, 0x00, 0x00, 0x00, 0x00, 0x01, 0x28, 0x60, 0xec, 0x00, 0x09, 0x00,
  0x00, 0x00, 0x00, 0x00, 0x14, 0x00, 0x00, 0x02, 0x00, 0x04, 0x14, 0xe0, 0x78, 0x00, 0x05, 0x40,
  0x00, 0x00, 0x00, 0x00, 0x09, 0x00, 0x01, 0xfc, 0x00, 0x02, 0xa2, 0xf0, 0x38, 0x00, 0x14, 0x00,
  0x00, 0x40, 0x00, 0x02, 0xe8, 0xe0, 0x11, 0x7c, 0x60, 0x11, 0x49, 0xf0, 0x18, 0x00, 0x02, 0x80,
  0x00, 0x00, 0x00, 0x07, 0xf2, 0x00, 0x7c, 0x30, 0x60, 0xc4, 0x25, 0x98, 0x30, 0x00, 0x01, 0x00,
  0x00, 0x00, 0x00, 0x0d, 0x64, 0x20, 0x6c, 0x30, 0x60, 0xc0, 0x8f, 0xf8, 0x30, 0x00, 0x01, 0x00,
  0x00, 0x00, 0x00, 0x06, 0x32, 0x00, 0xc6, 0x30, 0x60, 0xc1, 0x07, 0xf8, 0x30, 0x00, 0x00, 0x00,
  0x00, 0x00, 0x00, 0x06, 0x71, 0x60, 0x6e, 0x10, 0x6f, 0x87, 0xaa, 0x2c, 0x60, 0x00, 0x01, 0x00,
  0x00, 0x02, 0x00, 0x0d, 0xfa, 0x60, 0xfc, 0x30, 0x7a, 0xc6, 0xc3, 0xb8, 0x21, 0x00, 0x00, 0x00,
  0x09, 0x60, 0x00, 0x07, 0xed, 0x60, 0x78, 0x30, 0x60, 0xc6, 0xf0, 0x4e, 0x70, 0x48, 0x01, 0x00,
  0x00, 0x04, 0x00, 0x07, 0x0e, 0x60, 0xf8, 0x30, 0xc0, 0xc6, 0x32, 0x9c, 0x64, 0x20, 0x00, 0x00,
  0x0a, 0x82, 0x00, 0x06, 0x06, 0x60, 0x8e, 0x30, 0x60, 0xc6, 0x30, 0x42, 0xc1, 0x40, 0x00, 0x00,
  0x00, 0xa0, 0x00, 0x06, 0x06, 0x60, 0xc7, 0xb0, 0xe1, 0x8c, 0x35, 0x10, 0x44, 0x90, 0x00, 0x00,
  0x00, 0x0a, 0x00, 0x06, 0x0e, 0x60, 0x01, 0x30, 0x40, 0x86, 0x70, 0x40, 0xc0, 0x00, 0x01, 0x00,
  0x45, 0x40, 0x00, 0x06, 0x0a, 0x60, 0x00, 0x10, 0x40, 0x0c, 0x64, 0x01, 0x82, 0x00, 0x00, 0x00,
  0x10, 0x28, 0x00, 0x06, 0x1c, 0x40, 0x00, 0x00, 0x00, 0x0f, 0xe0, 0xa0, 0x00, 0x00, 0x00, 0x00,
  0x02, 0x80, 0x00, 0x06, 0x38, 0x00, 0x00, 0x00, 0x00, 0x07, 0x91, 0x00, 0x00, 0x00, 0x00, 0x00,
  0x20, 0x00, 0x00, 0x46, 0x70, 0x00, 0x00, 0x00, 0x00, 0x06, 0x82, 0x00, 0x00, 0x00, 0x00, 0x00,
  0x04, 0x00, 0x01, 0x17, 0xe0, 0x00, 0x00, 0x00, 0x00, 0x00, 0x20, 0x00, 0x00, 0x00, 0x12, 0x08,
  0x22, 0x80, 0x10, 0x27, 0x80, 0x00, 0x00, 0x00, 0x00, 0x00, 0x00, 0x80, 0x20, 0x12, 0x10, 0x80,
  0x05, 0x00, 0x42, 0x05, 0x00, 0x00, 0x00, 0x00, 0x00, 0x00, 0x08, 0x00, 0x14, 0x04, 0x02, 0x08,
  0x10, 0x40, 0x04, 0x48, 0x00, 0x00, 0x60, 0x10, 0x00, 0x00, 0x01, 0x00, 0x60, 0x00, 0x28, 0x80,
  0x04, 0x90, 0x00, 0x00, 0x00, 0x00, 0x40, 0x10, 0x00, 0x00, 0x00, 0x00, 0x18, 0x00, 0x02, 0x48,
  0x02, 0x00, 0x12, 0x00, 0x00, 0x00, 0x00, 0x00, 0x00, 0x00, 0x00, 0x00, 0x40, 0x22, 0x01, 0x10,
  0x01, 0x00, 0x00, 0x48, 0x00, 0x07, 0x00, 0x06, 0x00, 0x00, 0x00, 0x00, 0x00, 0x00, 0x88, 0x02,
  0x02, 0x10, 0x01, 0x20, 0x00, 0x03, 0x00, 0x0e, 0x00, 0x00, 0x00, 0x00, 0x02, 0x08, 0x22, 0x90,
  0x00, 0x00, 0x00, 0x00, 0x00, 0x01, 0xc0, 0x7c, 0x00, 0x00, 0x00, 0x00, 0x00, 0x01, 0x40, 0x00,
  0x00, 0x00, 0x02, 0x00, 0x00, 0x00, 0xff, 0xe8, 0x00, 0x00, 0x00, 0x00, 0x02, 0x08, 0x09, 0x00,
  0x00, 0x00, 0x00, 0x00, 0x00, 0x00, 0x3f, 0xa0, 0x00, 0x00, 0x00, 0x00, 0x00, 0x01, 0x00, 0x00,
  0x00, 0x00, 0x00, 0x00, 0x00, 0x00, 0x00, 0x00, 0x00, 0x00, 0x00, 0x00, 0x00, 0x24, 0x4c, 0x00
};

const uint8_t PROGMEM frame56[1024] = {
  0x00, 0x00, 0x00, 0x00, 0x00, 0x00, 0x00, 0x00, 0x00, 0x00, 0x00, 0x00, 0x00, 0x00, 0x00, 0x00,
  0x22, 0x80, 0x00, 0x00, 0x02, 0x00, 0x00, 0x00, 0x00, 0x18, 0x00, 0x00, 0x00, 0x00, 0x00, 0x00,
  0x04, 0x01, 0x00, 0x00, 0x14, 0x00, 0x00, 0x00, 0x00, 0x18, 0x00, 0x00, 0x00, 0x00, 0x08, 0x00,
  0x09, 0x00, 0x00, 0x00, 0x24, 0x80, 0x00, 0x00, 0x10, 0x38, 0x00, 0x00, 0x00, 0x12, 0x00, 0x00,
  0x28, 0x00, 0x00, 0x00, 0x10, 0x00, 0x00, 0x00, 0x18, 0x30, 0x00, 0x00, 0x00, 0x44, 0x48, 0x00,
  0x00, 0x80, 0x00, 0x00, 0x49, 0x00, 0x00, 0x00, 0x0c, 0x00, 0x00, 0x00, 0x09, 0x08, 0x00, 0x24,
  0x00, 0x00, 0x00, 0x00, 0x14, 0x00, 0x00, 0x00, 0x00, 0x00, 0x00, 0x00, 0x0a, 0x49, 0x01, 0x40,
  0x04, 0x40, 0x00, 0x00, 0x22, 0x00, 0x00, 0x00, 0x01, 0xe0, 0x10, 0x00, 0x12, 0x90, 0x08, 0x12,
  0x01, 0x10, 0x00, 0x00, 0x08, 0x00, 0x00, 0x00, 0x03, 0xf9, 0xf0, 0x00, 0x04, 0x02, 0x40, 0x00,
  0x02, 0xa0, 0x00, 0x01, 0x20, 0x00, 0x00, 0x00, 0x07, 0xf1, 0xf0, 0x00, 0x11, 0x08, 0x10, 0x0a,
  0x00, 0x80, 0x00, 0x44, 0x00, 0x00, 0x00, 0x00, 0x07, 0xf8, 0x00, 0x00, 0x04, 0x01, 0x44, 0xa0,
  0x02, 0x40, 0x00, 0x20, 0x80, 0x00, 0x00, 0x01, 0xe7, 0xf8, 0x00, 0x00, 0x00, 0x00, 0x08, 0x00,
  0x00, 0x00, 0x01, 0x10, 0x00, 0x00, 0x00, 0x01, 0xa3, 0xf0, 0x00, 0x00, 0x00, 0x02, 0x22, 0x02,
  0x00, 0x00, 0x00, 0x00, 0x00, 0x24, 0x00, 0x00, 0x01, 0xa2, 0x00, 0x00, 0x00, 0x00, 0x14, 0x00,
  0x00, 0x00, 0x05, 0x29, 0x48, 0x80, 0x00, 0x00, 0x00, 0x03, 0x00, 0x00, 0x00, 0x0a, 0x48, 0x00,
  0x00, 0x00, 0x10, 0x00, 0x00, 0x00, 0x00, 0x00, 0x02, 0x03, 0xc0, 0x00, 0x00, 0x00, 0x20, 0x80,
  0x00, 0x00, 0x01, 0x51, 0x00, 0x12, 0x00, 0x00, 0x07, 0x00, 0xc0, 0x00, 0x00, 0x00, 0x00, 0x00,
  0x00, 0x00, 0x04, 0x00, 0x09, 0x04, 0x00, 0x00, 0x06, 0x00, 0x01, 0x00, 0x00, 0x00, 0x01, 0x00,
  0x00, 0x00, 0x11, 0x10, 0x0c, 0x0e, 0x00, 0x00, 0x0e, 0x01, 0x03, 0x00, 0x40, 0x00, 0x08, 0x00,
  0x01, 0x00, 0x00, 0x88, 0x48, 0x26, 0x80, 0x00, 0x00, 0x01, 0x83, 0x41, 0x10, 0x40, 0x05, 0x40,
  0x01, 0x80, 0x00, 0x00, 0x0c, 0x84, 0x00, 0x00, 0x00, 0x01, 0xcb, 0x04, 0x42, 0x08, 0x0a, 0x80,
  0x00, 0x00, 0x00, 0x40, 0x0c, 0x06, 0x00, 0x03, 0xe0, 0x00, 0x66, 0xc1, 0x29, 0x44, 0x01, 0x00,
  0x00, 0x80, 0x00, 0x00, 0x0c, 0x06, 0x06, 0x06, 0xf0, 0x00, 0x7b, 0x08, 0x84, 0x90, 0x00, 0x00,
  0x00, 0x00, 0x00, 0x00, 0x08, 0x16, 0x0e, 0x04, 0x18, 0x10, 0x3e, 0x42, 0x22, 0xa0, 0x00, 0x00,
  0x01, 0x40, 0x00, 0x00, 0x0c, 0xae, 0x0f, 0x06, 0x38, 0x7c, 0x1d, 0x00, 0x14, 0x80, 0x00, 0x00,
  0x02, 0x88, 0x00, 0x00, 0x0d, 0xfe, 0x0f, 0x06, 0x18, 0xf6, 0x0c, 0x00, 0x42, 0x20, 0x00, 0x00,
  0x02, 0xa0, 0x00, 0x00, 0x0f, 0xa6, 0x1b, 0x06, 0x30, 0xc6, 0x0c, 0x18, 0x07, 0x00, 0x00, 0x00,
  0x00, 0x00, 0x00, 0x00, 0x0c, 0x06, 0x3d, 0x86, 0xf0, 0xc6, 0x0c, 0x18, 0x02, 0x00, 0x00, 0x00,
  0x01, 0x40, 0x00, 0x00, 0x0c, 0x06, 0x7f, 0x87, 0xc0, 0x66, 0x18, 0x0e, 0x06, 0x00, 0x00, 0x00,
  0x00, 0x80, 0x00, 0x00, 0x18, 0x04, 0x35, 0x83, 0x00, 0xdc, 0x18, 0x0e, 0x06, 0x00, 0x06, 0x00,
  0x00, 0x00, 0x00, 0x00, 0x0c, 0x06, 0x21, 0x86, 0x00, 0x78, 0x18, 0x43, 0x04, 0x00, 0x02, 0x00,
  0x00, 0x00, 0x00, 0x00, 0x18, 0x06, 0x00, 0xc3, 0x00, 0xe0, 0x30, 0x03, 0x0e, 0x00, 0x02, 0x00,
  0x00, 0x80, 0x00, 0x00, 0x0c, 0x06, 0x00, 0xc6, 0x00, 0x40, 0x30, 0x01, 0x8c, 0x00, 0x00, 0x00,
  0x00, 0x00, 0x00, 0x00, 0x18, 0x06, 0x00, 0x03, 0x00, 0xe0, 0x70, 0x01, 0xc8, 0x00, 0x02, 0x00,
  0x00, 0x00, 0x00, 0x00, 0x18, 0x00, 0x00, 0x00, 0x00, 0x01, 0x28, 0x60, 0xec, 0x00, 0x09, 0x00,
  0x00, 0x00, 0x00, 0x00, 0x14, 0x00, 0x00, 0x02, 0x00, 0x04, 0x14, 0xe0, 0x78, 0x00, 0x05, 0x40,
  0x00, 0x00, 0x00, 0x00, 0x09, 0x00, 0x01, 0xfc, 0x00, 0x02, 0xa2, 0xf0, 0x38, 0x00, 0x14, 0x00,
  0x00, 0x40, 0x00, 0x02, 0xe8, 0xe0, 0x11, 0x7c, 0x60, 0x11, 0x49, 0xf0, 0x18, 0x00, 0x02, 0x80,
  0x00, 0x00, 0x00, 0x07, 0xf2, 0x00, 0x7c, 0x30, 0x60, 0xc4, 0x25, 0x98, 0x30, 0x00, 0x01, 0x00,
  0x00, 0x00, 0x00, 0x0d, 0x64, 0x20, 0x6c, 0x30, 0x60, 0xc0, 0x8f, 0xf8, 0x30, 0x00, 0x01, 0x00,
  0x00, 0x00, 0x00, 0x06, 0x32, 0x00, 0xc6, 0x30, 0x60, 0xc1, 0x07, 0xf8, 0x30, 0x00, 0x00, 0x00,
  0x00, 0x00, 0x00, 0x06, 0x71, 0x60, 0x6e, 0x10, 0x6f, 0x87, 0xaa, 0x2c, 0x60, 0x00, 0x01, 0x00,
  0x00, 0x02, 0x00, 0x0d, 0xfa, 0x60, 0xfc, 0x30, 0x7a, 0xc6, 0xc3, 0xb8, 0x21, 0x00, 0x00, 0x00,
  0x09, 0x60, 0x00, 0x07, 0xed, 0x60, 0x78, 0x30, 0x60, 0xc6, 0xf0, 0x4e, 0x70, 0x48, 0x01, 0x00,
  0x00, 0x04, 0x00, 0x07, 0x0e, 0x60, 0xf8, 0x30, 0xc0, 0xc6, 0x32, 0x9c, 0x64, 0x20, 0x00, 0x00,
  0x0a, 0x82, 0x00, 0x06, 0x06, 0x60, 0x8e, 0x30, 0x60, 0xc6, 0x30, 0x42, 0xc1, 0x40, 0x00, 0x00,
  0x00, 0xa0, 0x00, 0x06, 0x06, 0x60, 0xc7, 0xb0, 0xe1, 0x8c, 0x35, 0x10, 0x44, 0x90, 0x00, 0x00,
  0x00, 0x0a, 0x00, 0x06, 0x0e, 0x60, 0x01, 0x30, 0x40, 0x86, 0x70, 0x40, 0xc0, 0x00, 0x01, 0x00,
  0x45, 0x40, 0x00, 0x06, 0x0a, 0x60, 0x00, 0x10, 0x40, 0x0c, 0x64, 0x01, 0x82, 0x00, 0x00, 0x00,
  0x10, 0x28, 0x00, 0x06, 0x1c, 0x40, 0x00, 0x00, 0x00, 0x0f, 0xe0, 0xa0, 0x00, 0x00, 0x00, 0x00,
  0x02, 0x80, 0x00, 0x06, 0x38, 0x00, 0x00, 0x00, 0x00, 0x07, 0x91, 0x00, 0x00, 0x00, 0x00, 0x00,
  0x20, 0x00, 0x00, 0x46, 0x70, 0x00, 0x00, 0x00, 0x00, 0x06, 0x82, 0x00, 0x00, 0x00, 0x00, 0x00,
  0x04, 0x00, 0x01, 0x17, 0xe0, 0x00, 0x00, 0x00, 0x00, 0x00, 0x20, 0x00, 0x00, 0x00, 0x12, 0x08,
  0x22, 0x80, 0x10, 0x27, 0x80, 0x00, 0x00, 0x00, 0x00, 0x00, 0x00, 0x80, 0x20, 0x12, 0x10, 0x80,
  0x05, 0x00, 0x42, 0x05, 0x00, 0x00, 0x00, 0x00, 0x00, 0x00, 0x08, 0x00, 0x14, 0x04, 0x02, 0x08,
  0x10, 0x40, 0x04, 0x48, 0x00, 0x00, 0x60, 0x10, 0x00, 0x00, 0x01, 0x00, 0x60, 0x00, 0x28, 0x80,
  0x04, 0x90, 0x00, 0x00, 0x00, 0x00, 0x40, 0x10, 0x00, 0x00, 0x00, 0x00, 0x18, 0x00, 0x02, 0x48,
  0x02, 0x00, 0x12, 0x00, 0x00, 0x00, 0x00, 0x00, 0x00, 0x00, 0x00, 0x00, 0x40, 0x22, 0x01, 0x10,
  0x01, 0x00, 0x00, 0x48, 0x00, 0x07, 0x00, 0x06, 0x00, 0x00, 0x00, 0x00, 0x00, 0x00, 0x88, 0x02,
  0x02, 0x10, 0x01, 0x20, 0x00, 0x03, 0x00, 0x0e, 0x00, 0x00, 0x00, 0x00, 0x02, 0x08, 0x22, 0x90,
  0x00, 0x00, 0x00, 0x00, 0x00, 0x01, 0xc0, 0x7c, 0x00, 0x00, 0x00, 0x00, 0x00, 0x01, 0x40, 0x00,
  0x00, 0x00, 0x02, 0x00, 0x00, 0x00, 0xff, 0xe8, 0x00, 0x00, 0x00, 0x00, 0x02, 0x08, 0x09, 0x00,
  0x00, 0x00, 0x00, 0x00, 0x00, 0x00, 0x3f, 0xa0, 0x00, 0x00, 0x00, 0x00, 0x00, 0x01, 0x00, 0x00,
  0x00, 0x00, 0x00, 0x00, 0x00, 0x00, 0x00, 0x00, 0x00, 0x00, 0x00, 0x00, 0x00, 0x24, 0x4c, 0x00
};

const uint8_t PROGMEM frame57[1024] = {
  0x00, 0x00, 0x00, 0x00, 0x00, 0x00, 0x00, 0x00, 0x00, 0x00, 0x00, 0x00, 0x00, 0x00, 0x00, 0x00,
  0x21, 0x00, 0x00, 0x00, 0x0a, 0x00, 0x00, 0x00, 0x00, 0x18, 0x00, 0x00, 0x00, 0x00, 0x00, 0x00,
  0x04, 0x00, 0x80, 0x00, 0x12, 0x80, 0x00, 0x00, 0x00, 0x18, 0x00, 0x00, 0x00, 0x00, 0x0a, 0x00,
  0x01, 0x00, 0x00, 0x00, 0x28, 0x00, 0x00, 0x00, 0x10, 0x38, 0x00, 0x00, 0x00, 0x14, 0x80, 0x00,
  0x48, 0x00, 0x00, 0x00, 0x15, 0x20, 0x00, 0x00, 0x18, 0x30, 0x00, 0x00, 0x00, 0x82, 0x08, 0x10,
  0x00, 0x40, 0x00, 0x00, 0x20, 0x00, 0x00, 0x00, 0x0c, 0x00, 0x00, 0x00, 0x04, 0x10, 0x00, 0x04,
  0x00, 0x00, 0x00, 0x00, 0x15, 0x00, 0x00, 0x00, 0x00, 0x00, 0x00, 0x00, 0x12, 0xa9, 0x40, 0xa0,
  0x04, 0x50, 0x00, 0x00, 0x02, 0x40, 0x00, 0x00, 0x01, 0xe0, 0x10, 0x00, 0x09, 0x00, 0x00, 0x08,
  0x01, 0x08, 0x00, 0x00, 0x50, 0x00, 0x00, 0x00, 0x03, 0xf9, 0xf0, 0x00, 0x20, 0x14, 0x28, 0x00,
  0x04, 0xa0, 0x00, 0x01, 0x04, 0x00, 0x00, 0x00, 0x07, 0xf1, 0xf0, 0x00, 0x09, 0x00, 0x80, 0x24,
  0x02, 0x00, 0x00, 0x44, 0x20, 0x00, 0x00, 0x00, 0x07, 0xf8, 0x00, 0x00, 0x00, 0x04, 0x04, 0x00,
  0x01, 0x20, 0x00, 0x00, 0x80, 0x00, 0x00, 0x01, 0xe7, 0xf8, 0x00, 0x00, 0x09, 0x01, 0x49, 0x00,
  0x00, 0x40, 0x00, 0x20, 0x00, 0x00, 0x00, 0x01, 0xa3, 0xf0, 0x00, 0x00, 0x00, 0x08, 0x00, 0x04,
  0x00, 0x00, 0x04, 0x48, 0x00, 0x14, 0x00, 0x00, 0x01, 0xa2, 0x00, 0x00, 0x00, 0x02, 0x14, 0x00,
  0x00, 0x00, 0x01, 0x00, 0x90, 0x90, 0x00, 0x00, 0x00, 0x03, 0x00, 0x00, 0x00, 0x08, 0x40, 0x00,
  0x00, 0x00, 0x10, 0x14, 0x02, 0x00, 0x00, 0x00, 0x02, 0x03, 0xc0, 0x00, 0x00, 0x00, 0x01, 0x00,
  0x00, 0x00, 0x05, 0x40, 0x20, 0x00, 0x00, 0x00, 0x07, 0x00, 0xc0, 0x00, 0x00, 0x00, 0x00, 0x80,
  0x00, 0x00, 0x00, 0x01, 0x00, 0x0a, 0x00, 0x00, 0x06, 0x00, 0x01, 0x00, 0x00, 0x00, 0x88, 0x20,
  0x00, 0x00, 0x04, 0x10, 0x0c, 0x06, 0x00, 0x00, 0x0e, 0x01, 0x05, 0x80, 0x40, 0x00, 0x02, 0x80,
  0x01, 0x00, 0x11, 0x40, 0x2c, 0x96, 0x80, 0x00, 0x00, 0x01, 0x83, 0x01, 0x20, 0x40, 0x08, 0x00,
  0x01, 0x00, 0x00, 0x08, 0x08, 0x06, 0x00, 0x00, 0x00, 0x01, 0xcb, 0x44, 0x0a, 0x08, 0x0a, 0xa0,
  0x00, 0x80, 0x00, 0x00, 0x0c, 0x04, 0x00, 0x03, 0xe0, 0x00, 0x67, 0x00, 0xa1, 0x00, 0x00, 0x00,
  0x00, 0x00, 0x00, 0x02, 0x0c, 0x16, 0x0c, 0x06, 0xf0, 0x00, 0x7b, 0x49, 0x04, 0x50, 0x05, 0x40,
  0x00, 0x00, 0x00, 0x00, 0x08, 0x8e, 0x07, 0x04, 0x18, 0x10, 0x3e, 0x20, 0xa1, 0x04, 0x00, 0x00,
  0x00, 0x00, 0x00, 0x00, 0x0c, 0x36, 0x0f, 0x06, 0x38, 0x7c, 0x1d, 0x00, 0x14, 0x80, 0x00, 0x00,
  0x05, 0xa0, 0x00, 0x00, 0x0d, 0xfe, 0x0f, 0x06, 0x18, 0xf6, 0x0c, 0x00, 0x42, 0x10, 0x00, 0x00,
  0x01, 0x50, 0x00, 0x00, 0x0f, 0xc6, 0x1b, 0x06, 0x30, 0xc6, 0x0c, 0x18, 0x0b, 0x00, 0x00, 0x00,
  0x04, 0x80, 0x00, 0x00, 0x0c, 0x06, 0x3f, 0x06, 0xf0, 0xc6, 0x0c, 0x18, 0x02, 0x00, 0x00, 0x00,
  0x00, 0x80, 0x00, 0x50, 0x0c, 0x06, 0x7f, 0x87, 0xc0, 0x66, 0x18, 0x0e, 0x06, 0x00, 0x00, 0x00,
  0x00, 0x00, 0x00, 0x20, 0x18, 0x06, 0x35, 0x83, 0x00, 0xdc, 0x18, 0x0e, 0x06, 0x00, 0x02, 0x00,
  0x00, 0x80, 0x00, 0x28, 0x0c, 0x04, 0x21, 0x86, 0x00, 0x78, 0x18, 0x03, 0x04, 0x00, 0x05, 0x00,
  0x00, 0x00, 0x00, 0x00, 0x18, 0x06, 0x00, 0xc3, 0x00, 0xe0, 0x30, 0x83, 0x0e, 0x00, 0x00, 0x00,
  0x00, 0x00, 0x00, 0x00, 0x0c, 0x06, 0x00, 0xc6, 0x00, 0x40, 0x30, 0x01, 0x8c, 0x00, 0x00, 0x00,
  0x00, 0x80, 0x00, 0x00, 0x18, 0x06, 0x00, 0x03, 0x00, 0xe2, 0x70, 0x01, 0xcc, 0x00, 0x00, 0x00,
  0x00, 0x00, 0x00, 0x00, 0x18, 0x00, 0x00, 0x01, 0x00, 0x00, 0xa4, 0x60, 0xe8, 0x00, 0x04, 0x80,
  0x00, 0x00, 0x00, 0x00, 0x08, 0x00, 0x00, 0x00, 0x00, 0x04, 0x10, 0xe0, 0x78, 0x00, 0x13, 0x00,
  0x00, 0x00, 0x00, 0x00, 0x15, 0x20, 0x01, 0xfe, 0x00, 0x02, 0x45, 0x70, 0x38, 0x00, 0x04, 0xa0,
  0x00, 0x00, 0x00, 0x01, 0xc8, 0xd0, 0x10, 0xfc, 0x60, 0x29, 0x12, 0xf0, 0x30, 0x00, 0x12, 0x00,
  0x00, 0x00, 0x00, 0x07, 0xe0, 0x00, 0x7c, 0x30, 0x40, 0xc0, 0xa9, 0xb0, 0x18, 0x00, 0x01, 0x00,
  0x00, 0x00, 0x00, 0x0e, 0x74, 0x40, 0x6c, 0x20, 0x60, 0x82, 0x07, 0xf8, 0x30, 0x00, 0x01, 0x00,
  0x00, 0x00, 0x00, 0x04, 0x30, 0x00, 0xc6, 0x30, 0x60, 0xc1, 0x2f, 0xf8, 0x60, 0x00, 0x00, 0x00,
  0x00, 0x04, 0x00, 0x06, 0xe4, 0xb0, 0x6e, 0x30, 0x6f, 0xc7, 0x83, 0x1a, 0x30, 0x00, 0x01, 0x00,
  0x00, 0x00, 0x00, 0x0e, 0xf8, 0x60, 0xfc, 0x30, 0x7d, 0xc6, 0xe5, 0x1c, 0x60, 0x80, 0x00, 0x00,
  0x01, 0x40, 0x80, 0x07, 0xfe, 0xe0, 0xf8, 0x10, 0x60, 0xc6, 0xe4, 0x94, 0x52, 0x40, 0x02, 0x00,
  0x04, 0x22, 0x00, 0x07, 0x06, 0x60, 0x74, 0x30, 0xe0, 0x8e, 0x30, 0x2e, 0x60, 0x08, 0x00, 0x00,
  0x01, 0x00, 0x00, 0x06, 0x0f, 0x60, 0xce, 0x30, 0x40, 0xc4, 0x34, 0x80, 0xc5, 0x40, 0x00, 0x00,
  0x02, 0x92, 0x00, 0x06, 0x05, 0x60, 0xc7, 0xb0, 0xe0, 0xc6, 0x72, 0x20, 0xc1, 0x28, 0x00, 0x00,
  0x00, 0x20, 0x00, 0x06, 0x06, 0x60, 0x01, 0x30, 0x40, 0x8e, 0x31, 0x14, 0x88, 0x80, 0x00, 0x00,
  0x10, 0x84, 0x00, 0x06, 0x0e, 0x20, 0x00, 0x10, 0xc0, 0x0c, 0x64, 0x40, 0xc2, 0x00, 0x00, 0x00,
  0x22, 0x20, 0x80, 0x06, 0x1c, 0x60, 0x00, 0x10, 0x00, 0x06, 0xe0, 0x00, 0x00, 0x00, 0x00, 0x00,
  0x00, 0x04, 0x00, 0x46, 0x38, 0x00, 0x00, 0x00, 0x00, 0x0f, 0xd1, 0x00, 0x00, 0x00, 0x00, 0x00,
  0x11, 0x00, 0x00, 0x06, 0x70, 0x00, 0x00, 0x00, 0x00, 0x07, 0x00, 0x20, 0x00, 0x00, 0x00, 0x10,
  0x20, 0x40, 0x01, 0x07, 0xe0, 0x00, 0x00, 0x00, 0x00, 0x00, 0x44, 0x80, 0x00, 0x00, 0x11, 0x00,
  0x05, 0x00, 0x00, 0x17, 0x80, 0x00, 0x00, 0x00, 0x00, 0x00, 0x00, 0x00, 0x48, 0x01, 0x04, 0x02,
  0x50, 0x40, 0x04, 0x25, 0x00, 0x00, 0x00, 0x00, 0x00, 0x00, 0x08, 0x80, 0x20, 0x08, 0x11, 0x48,
  0x05, 0x10, 0x00, 0x00, 0x00, 0x00, 0x60, 0x10, 0x00, 0x00, 0x00, 0x00, 0xaa, 0x00, 0x02, 0x00,
  0x00, 0x40, 0x14, 0x48, 0x00, 0x00, 0x40, 0x10, 0x00, 0x00, 0x01, 0x00, 0x44, 0x00, 0x08, 0x40,
  0x09, 0x00, 0x00, 0x04, 0x00, 0x00, 0x00, 0x00, 0x00, 0x00, 0x00, 0x00, 0x28, 0x24, 0x01, 0x14,
  0x02, 0x10, 0x11, 0x20, 0x00, 0x07, 0x00, 0x06, 0x00, 0x00, 0x00, 0x00, 0x00, 0x02, 0x44, 0x00,
  0x01, 0x40, 0x08, 0x00, 0x00, 0x03, 0x00, 0x0e, 0x00, 0x00, 0x00, 0x00, 0x02, 0x00, 0x00, 0x90,
  0x02, 0x00, 0x00, 0x20, 0x00, 0x01, 0xc0, 0x58, 0x00, 0x00, 0x00, 0x00, 0x04, 0x08, 0xa2, 0x00,
  0x00, 0x00, 0x00, 0x00, 0x00, 0x00, 0xff, 0xf8, 0x00, 0x00, 0x00, 0x00, 0x00, 0x01, 0x08, 0x08,
  0x00, 0x00, 0x00, 0x00, 0x00, 0x00, 0x3f, 0xa0, 0x00, 0x00, 0x00, 0x00, 0x00, 0x12, 0x01, 0x00,
  0x00, 0x00, 0x00, 0x00, 0x00, 0x00, 0x00, 0x00, 0x00, 0x00, 0x00, 0x00, 0x04, 0x00, 0x48, 0x00
};

const uint8_t PROGMEM frame58[1024] = {
  0x00, 0x00, 0x00, 0x00, 0x00, 0x00, 0x00, 0x00, 0x00, 0x00, 0x00, 0x00, 0x00, 0x00, 0x00, 0x00,
  0x21, 0x00, 0x00, 0x00, 0x0a, 0x00, 0x00, 0x00, 0x00, 0x18, 0x00, 0x00, 0x00, 0x00, 0x00, 0x00,
  0x04, 0x00, 0x80, 0x00, 0x12, 0x80, 0x00, 0x00, 0x00, 0x18, 0x00, 0x00, 0x00, 0x00, 0x0a, 0x00,
  0x01, 0x00, 0x00, 0x00, 0x28, 0x00, 0x00, 0x00, 0x10, 0x38, 0x00, 0x00, 0x00, 0x14, 0x80, 0x00,
  0x48, 0x00, 0x00, 0x00, 0x15, 0x20, 0x00, 0x00, 0x18, 0x30, 0x00, 0x00, 0x00, 0x82, 0x08, 0x10,
  0x00, 0x40, 0x00, 0x00, 0x20, 0x00, 0x00, 0x00, 0x0c, 0x00, 0x00, 0x00, 0x04, 0x10, 0x00, 0x04,
  0x00, 0x00, 0x00, 0x00, 0x15, 0x00, 0x00, 0x00, 0x00, 0x00, 0x00, 0x00, 0x12, 0xa9, 0x40, 0xa0,
  0x04, 0x50, 0x00, 0x00, 0x02, 0x40, 0x00, 0x00, 0x01, 0xe0, 0x10, 0x00, 0x09, 0x00, 0x00, 0x08,
  0x01, 0x08, 0x00, 0x00, 0x50, 0x00, 0x00, 0x00, 0x03, 0xf9, 0xf0, 0x00, 0x20, 0x14, 0x28, 0x00,
  0x04, 0xa0, 0x00, 0x01, 0x04, 0x00, 0x00, 0x00, 0x07, 0xf1, 0xf0, 0x00, 0x09, 0x00, 0x80, 0x24,
  0x02, 0x00, 0x00, 0x44, 0x20, 0x00, 0x00, 0x00, 0x07, 0xf8, 0x00, 0x00, 0x00, 0x04, 0x04, 0x00,
  0x01, 0x20, 0x00, 0x00, 0x80, 0x00, 0x00, 0x01, 0xe7, 0xf8, 0x00, 0x00, 0x09, 0x01, 0x49, 0x00,
  0x00, 0x40, 0x00, 0x20, 0x00, 0x00, 0x00, 0x01, 0xa3, 0xf0, 0x00, 0x00, 0x00, 0x08, 0x00, 0x04,
  0x00, 0x00, 0x04, 0x48, 0x00, 0x14, 0x00, 0x00, 0x01, 0xa2, 0x00, 0x00, 0x00, 0x02, 0x14, 0x00,
  0x00, 0x00, 0x01, 0x00, 0x90, 0x90, 0x00, 0x00, 0x00, 0x03, 0x00, 0x00, 0x00, 0x08, 0x40, 0x00,
  0x00, 0x00, 0x10, 0x14, 0x02, 0x00, 0x00, 0x00, 0x02, 0x03, 0xc0, 0x00, 0x00, 0x00, 0x01, 0x00,
  0x00, 0x00, 0x05, 0x40, 0x20, 0x00, 0x00, 0x00, 0x07, 0x00, 0xc0, 0x00, 0x00, 0x00, 0x00, 0x80,
  0x00, 0x00, 0x00, 0x01, 0x00, 0x08, 0x00, 0x00, 0x06, 0x00, 0x03, 0x00, 0x00, 0x00, 0x88, 0x20,
  0x00, 0x00, 0x04, 0x10, 0x0a, 0x06, 0x00, 0x00, 0x0e, 0x01, 0x03, 0x00, 0x40, 0x00, 0x02, 0x80,
  0x01, 0x00, 0x11, 0x40, 0x2c, 0x16, 0x80, 0x00, 0x00, 0x01, 0x8b, 0x41, 0x20, 0x40, 0x08, 0x00,
  0x01, 0x00, 0x00, 0x08, 0x08, 0x02, 0x20, 0x00, 0x00, 0x01, 0xc7, 0x04, 0x0a, 0x08, 0x0a, 0xa0,
  0x00, 0x80, 0x00, 0x00, 0x0c, 0x06, 0x04, 0x01, 0xf0, 0x00, 0x75, 0x41, 0x51, 0x00, 0x00, 0x00,
  0x00, 0x00, 0x00, 0x02, 0x0c, 0x2e, 0x07, 0x03, 0xb8, 0x00, 0x77, 0x10, 0x00, 0x50, 0x05, 0x40,
  0x00, 0x00, 0x00, 0x00, 0x08, 0x84, 0x0f, 0x06, 0x18, 0x00, 0x1c, 0x82, 0xa5, 0x04, 0x00, 0x00,
  0x00, 0x00, 0x00, 0x00, 0x0c, 0x0e, 0x0f, 0x02, 0x0c, 0x00, 0x1e, 0x20, 0x10, 0x80, 0x00, 0x00,
  0x05, 0xa0, 0x00, 0x00, 0x0c, 0x7e, 0x0b, 0x06, 0x18, 0xfe, 0x0c, 0x00, 0x42, 0x10, 0x00, 0x00,
  0x01, 0x50, 0x00, 0x00, 0x0f, 0xec, 0x1d, 0x83, 0x38, 0xfc, 0x0c, 0x00, 0x08, 0x40, 0x00, 0x00,
  0x04, 0x80, 0x00, 0x00, 0x0f, 0x06, 0x7f, 0x83, 0x68, 0xc6, 0x18, 0x00, 0x03, 0x00, 0x00, 0x00,
  0x00, 0x80, 0x00, 0x50, 0x0c, 0x06, 0x35, 0x83, 0xe0, 0x86, 0x18, 0x18, 0x02, 0x00, 0x00, 0x00,
  0x00, 0x00, 0x00, 0x20, 0x08, 0x06, 0x11, 0xc3, 0x80, 0xe6, 0x18, 0x1c, 0x07, 0x00, 0x02, 0x00,
  0x00, 0x80, 0x00, 0x28, 0x1c, 0x06, 0x00, 0xc1, 0x00, 0x7c, 0x30, 0x4e, 0x02, 0x00, 0x05, 0x00,
  0x00, 0x00, 0x00, 0x00, 0x08, 0x06, 0x00, 0xc3, 0x00, 0xf4, 0x31, 0x06, 0x06, 0x00, 0x00, 0x00,
  0x00, 0x00, 0x00, 0x00, 0x1c, 0x06, 0x00, 0x01, 0x80, 0x40, 0x30, 0x03, 0x0c, 0x00, 0x00, 0x00,
  0x00, 0x80, 0x00, 0x00, 0x08, 0x04, 0x00, 0x03, 0x00, 0xe0, 0x64, 0x01, 0x86, 0x00, 0x00, 0x00,
  0x00, 0x00, 0x00, 0x00, 0x18, 0x06, 0x00, 0x00, 0x00, 0xc2, 0xa0, 0x01, 0x8c, 0x00, 0x04, 0x80,
  0x00, 0x00, 0x00, 0x00, 0x18, 0x00, 0x00, 0x00, 0x00, 0x00, 0x14, 0x40, 0xcc, 0x00, 0x12, 0x00,
  0x00, 0x00, 0x00, 0x00, 0x15, 0x20, 0x00, 0x00, 0x20, 0x0a, 0x41, 0xe0, 0xf8, 0x00, 0x05, 0x40,
  0x00, 0x00, 0x00, 0x01, 0x08, 0xa0, 0x70, 0xfe, 0x30, 0x51, 0x14, 0xe0, 0x68, 0x00, 0x12, 0x00,
  0x00, 0x00, 0x00, 0x07, 0xe4, 0x40, 0xf9, 0xf6, 0x30, 0xe0, 0xa5, 0xf0, 0x38, 0x00, 0x01, 0x00,
  0x00, 0x00, 0x00, 0x0e, 0xf0, 0x21, 0x9c, 0x10, 0x60, 0x44, 0x93, 0xb0, 0x18, 0x00, 0x01, 0x00,
  0x00, 0x00, 0x00, 0x08, 0x62, 0x01, 0xc8, 0x30, 0x31, 0x60, 0x0f, 0xf0, 0x30, 0x00, 0x00, 0x00,
  0x00, 0x04, 0x00, 0x0e, 0x60, 0x50, 0xdc, 0x30, 0x3f, 0xe3, 0x4b, 0xf8, 0x30, 0x00, 0x01, 0x00,
  0x00, 0x00, 0x00, 0x05, 0xf4, 0xb1, 0xf0, 0x30, 0x7a, 0xc7, 0xa6, 0x18, 0x31, 0x20, 0x00, 0x00,
  0x01, 0x40, 0x80, 0x0f, 0xfc, 0x60, 0xf0, 0x30, 0x60, 0x65, 0xc6, 0x9a, 0x68, 0x80, 0x01, 0x00,
  0x04, 0x22, 0x00, 0x0f, 0x2e, 0xb1, 0xb8, 0x10, 0x20, 0x46, 0x70, 0x2c, 0x24, 0x00, 0x00, 0x00,
  0x01, 0x00, 0x00, 0x06, 0x06, 0x61, 0x8e, 0x30, 0x60, 0xec, 0x72, 0x1a, 0x61, 0x50, 0x00, 0x00,
  0x02, 0x92, 0x00, 0x0e, 0x06, 0x61, 0x0e, 0x38, 0x60, 0x46, 0x31, 0x40, 0x64, 0x08, 0x00, 0x00,
  0x00, 0x20, 0x00, 0x06, 0x0c, 0x30, 0x00, 0x30, 0x60, 0x0c, 0x72, 0x14, 0xc9, 0x40, 0x00, 0x00,
  0x10, 0x84, 0x00, 0x0c, 0x0e, 0x60, 0x00, 0x30, 0x00, 0x06, 0x64, 0x40, 0xc0, 0x00, 0x00, 0x00,
  0x22, 0x20, 0x80, 0x06, 0x18, 0x30, 0x00, 0x38, 0x00, 0x0c, 0xa8, 0x00, 0x80, 0x00, 0x00, 0x00,
  0x00, 0x04, 0x00, 0x46, 0x38, 0x60, 0x00, 0x10, 0x00, 0x0f, 0xe0, 0x40, 0xc0, 0x00, 0x00, 0x00,
  0x11, 0x00, 0x00, 0x0e, 0x70, 0x00, 0x00, 0x00, 0x00, 0x07, 0x90, 0x00, 0x00, 0x00, 0x00, 0x08,
  0x20, 0x40, 0x01, 0x06, 0xe0, 0x00, 0x00, 0x00, 0x00, 0x05, 0x00, 0xa0, 0x00, 0x00, 0x10, 0x00,
  0x05, 0x00, 0x00, 0x17, 0x80, 0x00, 0x00, 0x00, 0x00, 0x00, 0x04, 0x00, 0x20, 0x04, 0x05, 0x40,
  0x50, 0x40, 0x04, 0x27, 0x00, 0x00, 0x00, 0x00, 0x00, 0x00, 0x00, 0x80, 0x94, 0x08, 0x10, 0x08,
  0x05, 0x10, 0x00, 0x08, 0x00, 0x00, 0x60, 0x10, 0x00, 0x00, 0x11, 0x00, 0x44, 0x20, 0x02, 0x80,
  0x00, 0x40, 0x14, 0x44, 0x00, 0x00, 0x40, 0x10, 0x00, 0x00, 0x00, 0x00, 0x28, 0x80, 0x0a, 0x08,
  0x09, 0x00, 0x00, 0x00, 0x00, 0x00, 0x00, 0x00, 0x00, 0x00, 0x00, 0x00, 0x92, 0x02, 0x20, 0xa0,
  0x02, 0x10, 0x11, 0x22, 0x00, 0x06, 0x00, 0x06, 0x00, 0x00, 0x00, 0x00, 0x08, 0x00, 0x80, 0x08,
  0x01, 0x40, 0x08, 0x00, 0x00, 0x03, 0x80, 0x0e, 0x00, 0x00, 0x00, 0x00, 0x00, 0x04, 0x02, 0x80,
  0x02, 0x00, 0x00, 0x20, 0x00, 0x01, 0xa0, 0x78, 0x00, 0x00, 0x00, 0x00, 0x02, 0x00, 0x88, 0x10,
  0x00, 0x00, 0x00, 0x08, 0x00, 0x00, 0xff, 0xd4, 0x00, 0x00, 0x00, 0x00, 0x00, 0x08, 0x21, 0x00,
  0x00, 0x00, 0x00, 0x00, 0x00, 0x00, 0x1f, 0xa0, 0x00, 0x00, 0x00, 0x00, 0x00, 0x02, 0x40, 0x00,
  0x00, 0x00, 0x00, 0x00, 0x00, 0x00, 0x00, 0x00, 0x00, 0x00, 0x00, 0x00, 0x00, 0x10, 0x0a, 0x00
};

const uint8_t PROGMEM frame59[1024] = {
  0x00, 0x00, 0x00, 0x00, 0x00, 0x00, 0x00, 0x00, 0x00, 0x00, 0x00, 0x00, 0x00, 0x00, 0x00, 0x00,
  0x21, 0x00, 0x00, 0x00, 0x0a, 0x00, 0x00, 0x00, 0x00, 0x18, 0x00, 0x00, 0x00, 0x00, 0x00, 0x00,
  0x04, 0x00, 0x80, 0x00, 0x12, 0x80, 0x00, 0x00, 0x00, 0x18, 0x00, 0x00, 0x00, 0x00, 0x0a, 0x00,
  0x01, 0x00, 0x00, 0x00, 0x28, 0x00, 0x00, 0x00, 0x10, 0x38, 0x00, 0x00, 0x00, 0x14, 0x80, 0x00,
  0x48, 0x00, 0x00, 0x00, 0x15, 0x20, 0x00, 0x00, 0x18, 0x30, 0x00, 0x00, 0x00, 0x82, 0x08, 0x10,
  0x00, 0x40, 0x00, 0x00, 0x20, 0x00, 0x00, 0x00, 0x0c, 0x00, 0x00, 0x00, 0x04, 0x10, 0x00, 0x04,
  0x00, 0x00, 0x00, 0x00, 0x15, 0x00, 0x00, 0x00, 0x00, 0x00, 0x00, 0x00, 0x12, 0xa9, 0x40, 0xa0,
  0x04, 0x50, 0x00, 0x00, 0x02, 0x40, 0x00, 0x00, 0x01, 0xe0, 0x10, 0x00, 0x09, 0x00, 0x00, 0x08,
  0x01, 0x08, 0x00, 0x00, 0x50, 0x00, 0x00, 0x00, 0x03, 0xf9, 0xf0, 0x00, 0x20, 0x14, 0x28, 0x00,
  0x04, 0xa0, 0x00, 0x01, 0x04, 0x00, 0x00, 0x00, 0x07, 0xf1, 0xf0, 0x00, 0x09, 0x00, 0x80, 0x24,
  0x02, 0x00, 0x00, 0x44, 0x20, 0x00, 0x00, 0x00, 0x07, 0xf8, 0x00, 0x00, 0x00, 0x04, 0x04, 0x00,
  0x01, 0x20, 0x00, 0x00, 0x80, 0x00, 0x00, 0x01, 0xe7, 0xf8, 0x00, 0x00, 0x09, 0x01, 0x49, 0x00,
  0x00, 0x40, 0x00, 0x20, 0x00, 0x00, 0x00, 0x01, 0xa3, 0xf0, 0x00, 0x00, 0x00, 0x08, 0x00, 0x04,
  0x00, 0x00, 0x04, 0x48, 0x00, 0x14, 0x00, 0x00, 0x01, 0xa2, 0x00, 0x00, 0x00, 0x02, 0x14, 0x00,
  0x00, 0x00, 0x01, 0x00, 0x90, 0x90, 0x00, 0x00, 0x00, 0x03, 0x00, 0x00, 0x00, 0x08, 0x40, 0x00,
  0x00, 0x00, 0x10, 0x14, 0x02, 0x00, 0x00, 0x00, 0x02, 0x03, 0xc0, 0x00, 0x00, 0x00, 0x01, 0x00,
  0x00, 0x00, 0x05, 0x40, 0x20, 0x00, 0x00, 0x00, 0x07, 0x00, 0xc0, 0x00, 0x00, 0x00, 0x00, 0x80,
  0x00, 0x00, 0x00, 0x01, 0x00, 0x08, 0x00, 0x00, 0x06, 0x00, 0x03, 0x00, 0x00, 0x00, 0x88, 0x20,
  0x00, 0x00, 0x04, 0x10, 0x0a, 0x06, 0x00, 0x00, 0x0e, 0x01, 0x03, 0x00, 0x40, 0x00, 0x02, 0x80,
  0x01, 0x00, 0x11, 0x40, 0x2c, 0x16, 0x80, 0x00, 0x00, 0x01, 0x8b, 0x41, 0x20, 0x40, 0x08, 0x00,
  0x01, 0x00, 0x00, 0x08, 0x08, 0x02, 0x20, 0x00, 0x00, 0x01, 0xc7, 0x04, 0x0a, 0x08, 0x0a, 0xa0,
  0x00, 0x80, 0x00, 0x00, 0x0c, 0x06, 0x04, 0x01, 0xf0, 0x00, 0x75, 0x41, 0x51, 0x00, 0x00, 0x00,
  0x00, 0x00, 0x00, 0x02, 0x0c, 0x2e, 0x07, 0x03, 0xb8, 0x00, 0x77, 0x10, 0x00, 0x50, 0x05, 0x40,
  0x00, 0x00, 0x00, 0x00, 0x08, 0x84, 0x0f, 0x06, 0x18, 0x00, 0x1c, 0x82, 0xa5, 0x04, 0x00, 0x00,
  0x00, 0x00, 0x00, 0x00, 0x0c, 0x0e, 0x0f, 0x02, 0x0c, 0x00, 0x1e, 0x20, 0x10, 0x80, 0x00, 0x00,
  0x05, 0xa0, 0x00, 0x00, 0x0c, 0x7e, 0x0b, 0x06, 0x18, 0xfe, 0x0c, 0x00, 0x42, 0x10, 0x00, 0x00,
  0x01, 0x50, 0x00, 0x00, 0x0f, 0xec, 0x1d, 0x83, 0x38, 0xfc, 0x0c, 0x00, 0x08, 0x40, 0x00, 0x00,
  0x04, 0x80, 0x00, 0x00, 0x0f, 0x06, 0x7f, 0x83, 0x68, 0xc6, 0x18, 0x00, 0x03, 0x00, 0x00, 0x00,
  0x00, 0x80, 0x00, 0x50, 0x0c, 0x06, 0x35, 0x83, 0xe0, 0x86, 0x18, 0x18, 0x02, 0x00, 0x00, 0x00,
  0x00, 0x00, 0x00, 0x20, 0x08, 0x06, 0x11, 0xc3, 0x80, 0xe6, 0x18, 0x1c, 0x07, 0x00, 0x02, 0x00,
  0x00, 0x80, 0x00, 0x28, 0x1c, 0x06, 0x00, 0xc1, 0x00, 0x7c, 0x30, 0x4e, 0x02, 0x00, 0x05, 0x00,
  0x00, 0x00, 0x00, 0x00, 0x08, 0x06, 0x00, 0xc3, 0x00, 0xf4, 0x31, 0x06, 0x06, 0x00, 0x00, 0x00,
  0x00, 0x00, 0x00, 0x00, 0x1c, 0x06, 0x00, 0x01, 0x80, 0x40, 0x30, 0x03, 0x0c, 0x00, 0x00, 0x00,
  0x00, 0x80, 0x00, 0x00, 0x08, 0x04, 0x00, 0x03, 0x00, 0xe0, 0x64, 0x01, 0x86, 0x00, 0x00, 0x00,
  0x00, 0x00, 0x00, 0x00, 0x18, 0x06, 0x00, 0x00, 0x00, 0xc2, 0xa0, 0x01, 0x8c, 0x00, 0x04, 0x80,
  0x00, 0x00, 0x00, 0x00, 0x18, 0x00, 0x00, 0x00, 0x00, 0x00, 0x14, 0x40, 0xcc, 0x00, 0x12, 0x00,
  0x00, 0x00, 0x00, 0x00, 0x15, 0x20, 0x00, 0x00, 0x20, 0x0a, 0x41, 0xe0, 0xf8, 0x00, 0x05, 0x40,
  0x00, 0x00, 0x00, 0x01, 0x08, 0xa0, 0x70, 0xfe, 0x30, 0x51, 0x14, 0xe0, 0x68, 0x00, 0x12, 0x00,
  0x00, 0x00, 0x00, 0x07, 0xe4, 0x40, 0xf9, 0xf6, 0x30, 0xe0, 0xa5, 0xf0, 0x38, 0x00, 0x01, 0x00,
  0x00, 0x00, 0x00, 0x0e, 0xf0, 0x21, 0x9c, 0x10, 0x60, 0x44, 0x93, 0xb0, 0x18, 0x00, 0x01, 0x00,
  0x00, 0x00, 0x00, 0x08, 0x62, 0x01, 0xc8, 0x30, 0x31, 0x60, 0x0f, 0xf0, 0x30, 0x00, 0x00, 0x00,
  0x00, 0x04, 0x00, 0x0e, 0x60, 0x50, 0xdc, 0x30, 0x3f, 0xe3, 0x4b, 0xf8, 0x30, 0x00, 0x01, 0x00,
  0x00, 0x00, 0x00, 0x05, 0xf4, 0xb1, 0xf0, 0x30, 0x7a, 0xc7, 0xa6, 0x18, 0x31, 0x20, 0x00, 0x00,
  0x01, 0x40, 0x80, 0x0f, 0xfc, 0x60, 0xf0, 0x30, 0x60, 0x65, 0xc6, 0x9a, 0x68, 0x80, 0x01, 0x00,
  0x04, 0x22, 0x00, 0x0f, 0x2e, 0xb1, 0xb8, 0x10, 0x20, 0x46, 0x70, 0x2c, 0x24, 0x00, 0x00, 0x00,
  0x01, 0x00, 0x00, 0x06, 0x06, 0x61, 0x8e, 0x30, 0x60, 0xec, 0x72, 0x1a, 0x61, 0x50, 0x00, 0x00,
  0x02, 0x92, 0x00, 0x0e, 0x06, 0x61, 0x0e, 0x38, 0x60, 0x46, 0x31, 0x40, 0x64, 0x08, 0x00, 0x00,
  0x00, 0x20, 0x00, 0x06, 0x0c, 0x30, 0x00, 0x30, 0x60, 0x0c, 0x72, 0x14, 0xc9, 0x40, 0x00, 0x00,
  0x10, 0x84, 0x00, 0x0c, 0x0e, 0x60, 0x00, 0x30, 0x00, 0x06, 0x64, 0x40, 0xc0, 0x00, 0x00, 0x00,
  0x22, 0x20, 0x80, 0x06, 0x18, 0x30, 0x00, 0x38, 0x00, 0x0c, 0xa8, 0x00, 0x80, 0x00, 0x00, 0x00,
  0x00, 0x04, 0x00, 0x46, 0x38, 0x60, 0x00, 0x10, 0x00, 0x0f, 0xe0, 0x40, 0xc0, 0x00, 0x00, 0x00,
  0x11, 0x00, 0x00, 0x0e, 0x70, 0x00, 0x00, 0x00, 0x00, 0x07, 0x90, 0x00, 0x00, 0x00, 0x00, 0x08,
  0x20, 0x40, 0x01, 0x06, 0xe0, 0x00, 0x00, 0x00, 0x00, 0x05, 0x00, 0xa0, 0x00, 0x00, 0x10, 0x00,
  0x05, 0x00, 0x00, 0x17, 0x80, 0x00, 0x00, 0x00, 0x00, 0x00, 0x04, 0x00, 0x20, 0x04, 0x05, 0x40,
  0x50, 0x40, 0x04, 0x27, 0x00, 0x00, 0x00, 0x00, 0x00, 0x00, 0x00, 0x80, 0x94, 0x08, 0x10, 0x08,
  0x05, 0x10, 0x00, 0x08, 0x00, 0x00, 0x60, 0x10, 0x00, 0x00, 0x11, 0x00, 0x44, 0x20, 0x02, 0x80,
  0x00, 0x40, 0x14, 0x44, 0x00, 0x00, 0x40, 0x10, 0x00, 0x00, 0x00, 0x00, 0x28, 0x80, 0x0a, 0x08,
  0x09, 0x00, 0x00, 0x00, 0x00, 0x00, 0x00, 0x00, 0x00, 0x00, 0x00, 0x00, 0x92, 0x02, 0x20, 0xa0,
  0x02, 0x10, 0x11, 0x22, 0x00, 0x06, 0x00, 0x06, 0x00, 0x00, 0x00, 0x00, 0x08, 0x00, 0x80, 0x08,
  0x01, 0x40, 0x08, 0x00, 0x00, 0x03, 0x80, 0x0e, 0x00, 0x00, 0x00, 0x00, 0x00, 0x04, 0x02, 0x80,
  0x02, 0x00, 0x00, 0x20, 0x00, 0x01, 0xa0, 0x78, 0x00, 0x00, 0x00, 0x00, 0x02, 0x00, 0x88, 0x10,
  0x00, 0x00, 0x00, 0x08, 0x00, 0x00, 0xff, 0xd4, 0x00, 0x00, 0x00, 0x00, 0x00, 0x08, 0x21, 0x00,
  0x00, 0x00, 0x00, 0x00, 0x00, 0x00, 0x1f, 0xa0, 0x00, 0x00, 0x00, 0x00, 0x00, 0x02, 0x40, 0x00,
  0x00, 0x00, 0x00, 0x00, 0x00, 0x00, 0x00, 0x00, 0x00, 0x00, 0x00, 0x00, 0x00, 0x10, 0x0a, 0x00
};

const uint8_t PROGMEM frame60[1024] = {
  0x00, 0x00, 0x00, 0x00, 0x00, 0x00, 0x00, 0x00, 0x00, 0x00, 0x00, 0x00, 0x00, 0x00, 0x00, 0x00,
  0x20, 0x10, 0x00, 0x00, 0x14, 0x80, 0x00, 0x00, 0x00, 0x18, 0x00, 0x00, 0x00, 0x00, 0x08, 0x00,
  0x02, 0x00, 0x00, 0x00, 0x09, 0x00, 0x00, 0x00, 0x00, 0x18, 0x00, 0x00, 0x00, 0x09, 0x04, 0x00,
  0x08, 0x80, 0x80, 0x00, 0x28, 0x50, 0x00, 0x00, 0x10, 0x38, 0x00, 0x00, 0x00, 0x20, 0x10, 0x00,
  0x00, 0x00, 0x00, 0x00, 0x15, 0x00, 0x00, 0x00, 0x18, 0x30, 0x00, 0x00, 0x05, 0x00, 0x40, 0x84,
  0x48, 0x00, 0x00, 0x00, 0x04, 0x90, 0x00, 0x00, 0x0c, 0x00, 0x00, 0x00, 0x08, 0x92, 0x00, 0x00,
  0x00, 0x00, 0x00, 0x00, 0x20, 0x40, 0x00, 0x00, 0x00, 0x00, 0x00, 0x00, 0x21, 0x09, 0x00, 0x49,
  0x00, 0x50, 0x00, 0x00, 0x0a, 0x00, 0x00, 0x00, 0x01, 0xe0, 0x10, 0x00, 0x05, 0x40, 0x08, 0x00,
  0x02, 0x00, 0x00, 0x00, 0x10, 0x00, 0x00, 0x00, 0x03, 0xf9, 0xf0, 0x00, 0x20, 0x08, 0x80, 0x00,
  0x04, 0x10, 0x00, 0x00, 0x84, 0x00, 0x00, 0x00, 0x07, 0xf1, 0xf0, 0x00, 0x08, 0x04, 0x14, 0x28,
  0x00, 0x88, 0x00, 0x02, 0x20, 0x00, 0x00, 0x00, 0x07, 0xf8, 0x00, 0x00, 0x01, 0x20, 0x80, 0x00,
  0x02, 0x20, 0x00, 0x20, 0x00, 0x20, 0x00, 0x01, 0xe7, 0xf8, 0x00, 0x00, 0x08, 0x00, 0x08, 0x82,
  0x00, 0x40, 0x00, 0x10, 0x00, 0x02, 0x00, 0x01, 0xc3, 0xf0, 0x00, 0x00, 0x00, 0x09, 0x00, 0x20,
  0x01, 0x00, 0x04, 0x40, 0x00, 0x08, 0x00, 0x00, 0x01, 0xa2, 0x00, 0x00, 0x00, 0x00, 0x12, 0x00,
  0x00, 0x00, 0x01, 0x04, 0xa8, 0x90, 0x00, 0x00, 0x00, 0x03, 0x00, 0x00, 0x00, 0x08, 0x80, 0x00,
  0x00, 0x00, 0x10, 0x00, 0x02, 0x00, 0x00, 0x00, 0x04, 0x03, 0xc0, 0x00, 0x00, 0x02, 0x20, 0x00,
  0x00, 0x00, 0x04, 0x92, 0x08, 0x00, 0x00, 0x00, 0x07, 0x00, 0xc0, 0x00, 0x00, 0x00, 0x00, 0x80,
  0x00, 0x00, 0x02, 0x00, 0x00, 0x04, 0x80, 0x00, 0x07, 0x00, 0x03, 0x00, 0x00, 0x00, 0x00, 0x00,
  0x00, 0x00, 0x00, 0x94, 0x28, 0x06, 0x00, 0x00, 0x0c, 0x01, 0x03, 0x00, 0x42, 0x20, 0x0a, 0x40,
  0x01, 0x00, 0x12, 0x00, 0x0c, 0x12, 0x80, 0x00, 0x00, 0x01, 0x95, 0xa1, 0x20, 0x00, 0x00, 0x10,
  0x01, 0x80, 0x00, 0x08, 0x28, 0x46, 0x20, 0x00, 0x00, 0x01, 0xe3, 0x40, 0x12, 0x44, 0x14, 0x40,
  0x00, 0x00, 0x01, 0x40, 0x0c, 0x06, 0x06, 0x01, 0xf0, 0x00, 0x6f, 0x15, 0x40, 0x00, 0x01, 0x00,
  0x00, 0x00, 0x00, 0x00, 0x08, 0x8a, 0x06, 0x03, 0xb8, 0x00, 0x75, 0xa0, 0x10, 0x80, 0x04, 0x00,
  0x00, 0x00, 0x00, 0x00, 0x0c, 0x06, 0x0f, 0x06, 0x18, 0x00, 0x3e, 0x02, 0x88, 0x0a, 0x01, 0x00,
  0x01, 0x20, 0x00, 0x00, 0x0c, 0x0e, 0x0f, 0x02, 0x0c, 0x00, 0x1c, 0xa0, 0x22, 0x80, 0x00, 0x00,
  0x04, 0x90, 0x00, 0x00, 0x0c, 0xbe, 0x0b, 0x06, 0x18, 0xfc, 0x0c, 0x00, 0x80, 0x00, 0x00, 0x00,
  0x01, 0x40, 0x00, 0x00, 0x0d, 0xfc, 0x1d, 0x83, 0x38, 0xfe, 0x0c, 0x40, 0x04, 0x88, 0x00, 0x00,
  0x00, 0x90, 0x00, 0x00, 0x0f, 0x86, 0x7f, 0x83, 0x68, 0xc6, 0x18, 0x00, 0x12, 0x00, 0x00, 0x00,
  0x02, 0x80, 0x00, 0x28, 0x0c, 0x06, 0x35, 0x83, 0xe0, 0xc2, 0x18, 0x18, 0x03, 0x00, 0x00, 0x00,
  0x00, 0x40, 0x00, 0xa0, 0x0c, 0x06, 0x11, 0xc3, 0x80, 0x66, 0x18, 0x1c, 0x02, 0x00, 0x04, 0x00,
  0x00, 0x00, 0x00, 0x54, 0x18, 0x04, 0x00, 0xc3, 0x00, 0xfe, 0x30, 0x0c, 0x06, 0x00, 0x03, 0x00,
  0x00, 0x80, 0x00, 0x00, 0x0c, 0x06, 0x00, 0xc1, 0x00, 0x70, 0x31, 0x07, 0x06, 0x00, 0x00, 0x00,
  0x00, 0x00, 0x00, 0x10, 0x18, 0x06, 0x00, 0x03, 0x00, 0xc0, 0x30, 0x03, 0x06, 0x00, 0x00, 0x00,
  0x00, 0x00, 0x00, 0x00, 0x08, 0x06, 0x00, 0x01, 0x80, 0x62, 0x64, 0x01, 0x8c, 0x00, 0x00, 0x00,
  0x00, 0x40, 0x00, 0x00, 0x18, 0x04, 0x00, 0x01, 0x00, 0xc0, 0xa0, 0x01, 0x8a, 0x00, 0x05, 0x20,
  0x00, 0x00, 0x00, 0x00, 0x18, 0x02, 0x00, 0x00, 0x00, 0x09, 0x08, 0x60, 0xcc, 0x00, 0x12, 0x40,
  0x00, 0x00, 0x00, 0x00, 0x15, 0x00, 0x00, 0x00, 0x00, 0x00, 0x02, 0xe0, 0xec, 0x00, 0x05, 0x00,
  0x00, 0x00, 0x00, 0x00, 0x88, 0x68, 0x68, 0xfc, 0x30, 0x6a, 0x55, 0xe0, 0x78, 0x00, 0x11, 0x20,
  0x00, 0x00, 0x00, 0x07, 0xe0, 0x40, 0xf9, 0xf6, 0x70, 0xc1, 0x21, 0xe0, 0x38, 0x00, 0x05, 0x00,
  0x00, 0x00, 0x00, 0x0e, 0xe0, 0x21, 0x9c, 0x10, 0x30, 0x68, 0x93, 0x70, 0x18, 0x00, 0x01, 0x00,
  0x00, 0x00, 0x00, 0x04, 0x60, 0x84, 0xc8, 0x30, 0x31, 0x60, 0x0f, 0xf8, 0x30, 0x00, 0x00, 0x00,
  0x00, 0x00, 0x00, 0x0c, 0x64, 0x21, 0xbc, 0x30, 0x77, 0xc3, 0x4f, 0xb0, 0x30, 0x00, 0x01, 0x00,
  0x00, 0x01, 0x00, 0x06, 0xf0, 0xb0, 0xf0, 0x30, 0x3d, 0x67, 0xa2, 0x38, 0x30, 0x00, 0x00, 0x00,
  0x01, 0xa0, 0x00, 0x0f, 0xfe, 0x61, 0xe0, 0x30, 0x60, 0xc6, 0xc7, 0x19, 0x30, 0xa0, 0x01, 0x00,
  0x04, 0x00, 0x00, 0x0f, 0x9c, 0x71, 0xbc, 0x10, 0x60, 0x64, 0xf0, 0x1c, 0x64, 0x00, 0x00, 0x00,
  0x00, 0xa4, 0x00, 0x06, 0x06, 0x51, 0x9c, 0x30, 0x60, 0x4e, 0x30, 0x88, 0x61, 0x14, 0x00, 0x00,
  0x02, 0x01, 0x00, 0x0e, 0x06, 0x61, 0x07, 0x38, 0x60, 0xcc, 0x74, 0x22, 0x60, 0x80, 0x00, 0x00,
  0x00, 0xa0, 0x00, 0x04, 0x0e, 0x60, 0x00, 0x10, 0x40, 0x04, 0x32, 0x80, 0xca, 0x20, 0x00, 0x00,
  0x04, 0x04, 0x00, 0x0e, 0x0c, 0x30, 0x00, 0x38, 0x20, 0x0e, 0x70, 0x14, 0xc0, 0x00, 0x00, 0x00,
  0x20, 0x40, 0x80, 0x06, 0x1c, 0x60, 0x00, 0x30, 0x00, 0x0c, 0xe4, 0x20, 0x80, 0x00, 0x00, 0x00,
  0x02, 0x0a, 0x00, 0x06, 0x38, 0x20, 0x00, 0x10, 0x00, 0x07, 0xd0, 0x00, 0xc0, 0x00, 0x00, 0x00,
  0x10, 0x80, 0x00, 0x16, 0x70, 0x00, 0x00, 0x00, 0x00, 0x0f, 0xa0, 0x40, 0x00, 0x00, 0x10, 0x08,
  0x22, 0x00, 0x00, 0x06, 0xc0, 0x00, 0x00, 0x00, 0x00, 0x05, 0x00, 0x00, 0x00, 0x00, 0x02, 0x00,
  0x00, 0x40, 0x00, 0x97, 0xc0, 0x00, 0x00, 0x00, 0x00, 0x00, 0x01, 0x40, 0x04, 0x0a, 0x10, 0x80,
  0x25, 0x00, 0x12, 0x0f, 0x00, 0x00, 0x00, 0x00, 0x00, 0x00, 0x08, 0x00, 0xa8, 0x00, 0x04, 0x40,
  0x10, 0x40, 0x00, 0x22, 0x00, 0x00, 0x60, 0x10, 0x00, 0x00, 0x00, 0x80, 0x02, 0x20, 0x01, 0x08,
  0x40, 0x10, 0x04, 0x08, 0x00, 0x00, 0x40, 0x10, 0x00, 0x00, 0x00, 0x01, 0x51, 0x00, 0x0a, 0x01,
  0x05, 0x20, 0x10, 0x42, 0x00, 0x00, 0x00, 0x00, 0x00, 0x00, 0x00, 0x00, 0x20, 0x02, 0x00, 0xa4,
  0x00, 0x00, 0x08, 0x00, 0x00, 0x06, 0x00, 0x06, 0x00, 0x00, 0x00, 0x00, 0x84, 0x08, 0x20, 0x00,
  0x05, 0x10, 0x21, 0x20, 0x00, 0x03, 0x80, 0x0e, 0x00, 0x00, 0x00, 0x00, 0x20, 0x00, 0x82, 0x88,
  0x00, 0x40, 0x00, 0x00, 0x00, 0x01, 0xc0, 0x5c, 0x00, 0x00, 0x00, 0x00, 0x05, 0x08, 0x08, 0x10,
  0x02, 0x00, 0x00, 0x10, 0x00, 0x00, 0xff, 0xf0, 0x00, 0x00, 0x00, 0x00, 0x00, 0x01, 0x21, 0x00,
  0x00, 0x00, 0x01, 0x00, 0x00, 0x00, 0x1f, 0xa0, 0x00, 0x00, 0x00, 0x00, 0x00, 0x10, 0x40, 0x00,
  0x00, 0x00, 0x00, 0x00, 0x00, 0x00, 0x00, 0x00, 0x00, 0x00, 0x00, 0x00, 0x00, 0x04, 0x05, 0x00
};

const uint8_t PROGMEM frame61[1024] = {
  0x00, 0x00, 0x00, 0x00, 0x00, 0x00, 0x00, 0x00, 0x00, 0x00, 0x00, 0x00, 0x00, 0x00, 0x00, 0x00,
  0x20, 0x10, 0x00, 0x00, 0x14, 0x80, 0x00, 0x00, 0x00, 0x18, 0x00, 0x00, 0x00, 0x00, 0x08, 0x00,
  0x02, 0x00, 0x00, 0x00, 0x09, 0x00, 0x00, 0x00, 0x00, 0x18, 0x00, 0x00, 0x00, 0x09, 0x04, 0x00,
  0x08, 0x80, 0x80, 0x00, 0x28, 0x50, 0x00, 0x00, 0x10, 0x38, 0x00, 0x00, 0x00, 0x20, 0x10, 0x00,
  0x00, 0x00, 0x00, 0x00, 0x15, 0x00, 0x00, 0x00, 0x18, 0x30, 0x00, 0x00, 0x05, 0x00, 0x40, 0x84,
  0x48, 0x00, 0x00, 0x00, 0x04, 0x90, 0x00, 0x00, 0x0c, 0x00, 0x00, 0x00, 0x08, 0x92, 0x00, 0x00,
  0x00, 0x00, 0x00, 0x00, 0x20, 0x40, 0x00, 0x00, 0x00, 0x00, 0x00, 0x00, 0x21, 0x09, 0x00, 0x49,
  0x00, 0x50, 0x00, 0x00, 0x0a, 0x00, 0x00, 0x00, 0x01, 0xe0, 0x10, 0x00, 0x05, 0x40, 0x08, 0x00,
  0x02, 0x00, 0x00, 0x00, 0x10, 0x00, 0x00, 0x00, 0x03, 0xf9, 0xf0, 0x00, 0x20, 0x08, 0x80, 0x00,
  0x04, 0x10, 0x00, 0x00, 0x84, 0x00, 0x00, 0x00, 0x07, 0xf1, 0xf0, 0x00, 0x08, 0x04, 0x14, 0x28,
  0x00, 0x88, 0x00, 0x02, 0x20, 0x00, 0x00, 0x00, 0x07, 0xf8, 0x00, 0x00, 0x01, 0x20, 0x80, 0x00,
  0x02, 0x20, 0x00, 0x20, 0x00, 0x20, 0x00, 0x01, 0xe7, 0xf8, 0x00, 0x00, 0x08, 0x00, 0x08, 0x82,
  0x00, 0x40, 0x00, 0x10, 0x00, 0x02, 0x00, 0x01, 0xc3, 0xf0, 0x00, 0x00, 0x00, 0x09, 0x00, 0x20,
  0x01, 0x00, 0x04, 0x40, 0x00, 0x08, 0x00, 0x00, 0x01, 0xa2, 0x00, 0x00, 0x00, 0x00, 0x12, 0x00,
  0x00, 0x00, 0x01, 0x04, 0xa8, 0x90, 0x00, 0x00, 0x00, 0x03, 0x00, 0x00, 0x00, 0x08, 0x80, 0x00,
  0x00, 0x00, 0x10, 0x00, 0x02, 0x00, 0x00, 0x00, 0x04, 0x03, 0xc0, 0x00, 0x00, 0x02, 0x20, 0x00,
  0x00, 0x00, 0x04, 0x92, 0x08, 0x00, 0x00, 0x00, 0x07, 0x00, 0xc0, 0x00, 0x00, 0x00, 0x00, 0x80,
  0x00, 0x00, 0x02, 0x00, 0x00, 0x04, 0x80, 0x00, 0x07, 0x00, 0x03, 0x00, 0x00, 0x00, 0x00, 0x00,
  0x00, 0x00, 0x00, 0x94, 0x28, 0x06, 0x00, 0x00, 0x0c, 0x01, 0x03, 0x00, 0x42, 0x20, 0x0a, 0x40,
  0x01, 0x00, 0x12, 0x00, 0x0c, 0x12, 0x80, 0x00, 0x00, 0x01, 0x95, 0xa1, 0x20, 0x00, 0x00, 0x10,
  0x01, 0x80, 0x00, 0x08, 0x28, 0x46, 0x20, 0x00, 0x00, 0x01, 0xe3, 0x40, 0x12, 0x44, 0x14, 0x40,
  0x00, 0x00, 0x01, 0x40, 0x0c, 0x06, 0x06, 0x01, 0xf0, 0x00, 0x6f, 0x15, 0x40, 0x00, 0x01, 0x00,
  0x00, 0x00, 0x00, 0x00, 0x08, 0x8a, 0x06, 0x03, 0xb8, 0x00, 0x75, 0xa0, 0x10, 0x80, 0x04, 0x00,
  0x00, 0x00, 0x00, 0x00, 0x0c, 0x06, 0x0f, 0x06, 0x18, 0x00, 0x3e, 0x02, 0x88, 0x0a, 0x01, 0x00,
  0x01, 0x20, 0x00, 0x00, 0x0c, 0x0e, 0x0f, 0x02, 0x0c, 0x00, 0x1c, 0xa0, 0x22, 0x80, 0x00, 0x00,
  0x04, 0x90, 0x00, 0x00, 0x0c, 0xbe, 0x0b, 0x06, 0x18, 0xfc, 0x0c, 0x00, 0x80, 0x00, 0x00, 0x00,
  0x01, 0x40, 0x00, 0x00, 0x0d, 0xfc, 0x1d, 0x83, 0x38, 0xfe, 0x0c, 0x40, 0x04, 0x88, 0x00, 0x00,
  0x00, 0x90, 0x00, 0x00, 0x0f, 0x86, 0x7f, 0x83, 0x68, 0xc6, 0x18, 0x00, 0x12, 0x00, 0x00, 0x00,
  0x02, 0x80, 0x00, 0x28, 0x0c, 0x06, 0x35, 0x83, 0xe0, 0xc2, 0x18, 0x18, 0x03, 0x00, 0x00, 0x00,
  0x00, 0x40, 0x00, 0xa0, 0x0c, 0x06, 0x11, 0xc3, 0x80, 0x66, 0x18, 0x1c, 0x02, 0x00, 0x04, 0x00,
  0x00, 0x00, 0x00, 0x54, 0x18, 0x04, 0x00, 0xc3, 0x00, 0xfe, 0x30, 0x0c, 0x06, 0x00, 0x03, 0x00,
  0x00, 0x80, 0x00, 0x00, 0x0c, 0x06, 0x00, 0xc1, 0x00, 0x70, 0x31, 0x07, 0x06, 0x00, 0x00, 0x00,
  0x00, 0x00, 0x00, 0x10, 0x18, 0x06, 0x00, 0x03, 0x00, 0xc0, 0x30, 0x03, 0x06, 0x00, 0x00, 0x00,
  0x00, 0x00, 0x00, 0x00, 0x08, 0x06, 0x00, 0x01, 0x80, 0x62, 0x64, 0x01, 0x8c, 0x00, 0x00, 0x00,
  0x00, 0x40, 0x00, 0x00, 0x18, 0x04, 0x00, 0x01, 0x00, 0xc0, 0xa0, 0x01, 0x8a, 0x00, 0x05, 0x20,
  0x00, 0x00, 0x00, 0x00, 0x18, 0x02, 0x00, 0x00, 0x00, 0x09, 0x08, 0x60, 0xcc, 0x00, 0x12, 0x40,
  0x00, 0x00, 0x00, 0x00, 0x15, 0x00, 0x00, 0x00, 0x00, 0x00, 0x02, 0xe0, 0xec, 0x00, 0x05, 0x00,
  0x00, 0x00, 0x00, 0x00, 0x88, 0x68, 0x68, 0xfc, 0x30, 0x6a, 0x55, 0xe0, 0x78, 0x00, 0x11, 0x20,
  0x00, 0x00, 0x00, 0x07, 0xe0, 0x40, 0xf9, 0xf6, 0x70, 0xc1, 0x21, 0xe0, 0x38, 0x00, 0x05, 0x00,
  0x00, 0x00, 0x00, 0x0e, 0xe0, 0x21, 0x9c, 0x10, 0x30, 0x68, 0x93, 0x70, 0x18, 0x00, 0x01, 0x00,
  0x00, 0x00, 0x00, 0x04, 0x60, 0x84, 0xc8, 0x30, 0x31, 0x60, 0x0f, 0xf8, 0x30, 0x00, 0x00, 0x00,
  0x00, 0x00, 0x00, 0x0c, 0x64, 0x21, 0xbc, 0x30, 0x77, 0xc3, 0x4f, 0xb0, 0x30, 0x00, 0x01, 0x00,
  0x00, 0x01, 0x00, 0x06, 0xf0, 0xb0, 0xf0, 0x30, 0x3d, 0x67, 0xa2, 0x38, 0x30, 0x00, 0x00, 0x00,
  0x01, 0xa0, 0x00, 0x0f, 0xfe, 0x61, 0xe0, 0x30, 0x60, 0xc6, 0xc7, 0x19, 0x30, 0xa0, 0x01, 0x00,
  0x04, 0x00, 0x00, 0x0f, 0x9c, 0x71, 0xbc, 0x10, 0x60, 0x64, 0xf0, 0x1c, 0x64, 0x00, 0x00, 0x00,
  0x00, 0xa4, 0x00, 0x06, 0x06, 0x51, 0x9c, 0x30, 0x60, 0x4e, 0x30, 0x88, 0x61, 0x14, 0x00, 0x00,
  0x02, 0x01, 0x00, 0x0e, 0x06, 0x61, 0x07, 0x38, 0x60, 0xcc, 0x74, 0x22, 0x60, 0x80, 0x00, 0x00,
  0x00, 0xa0, 0x00, 0x04, 0x0e, 0x60, 0x00, 0x10, 0x40, 0x04, 0x32, 0x80, 0xca, 0x20, 0x00, 0x00,
  0x04, 0x04, 0x00, 0x0e, 0x0c, 0x30, 0x00, 0x38, 0x20, 0x0e, 0x70, 0x14, 0xc0, 0x00, 0x00, 0x00,
  0x20, 0x40, 0x80, 0x06, 0x1c, 0x60, 0x00, 0x30, 0x00, 0x0c, 0xe4, 0x20, 0x80, 0x00, 0x00, 0x00,
  0x02, 0x0a, 0x00, 0x06, 0x38, 0x20, 0x00, 0x10, 0x00, 0x07, 0xd0, 0x00, 0xc0, 0x00, 0x00, 0x00,
  0x10, 0x80, 0x00, 0x16, 0x70, 0x00, 0x00, 0x00, 0x00, 0x0f, 0xa0, 0x40, 0x00, 0x00, 0x10, 0x08,
  0x22, 0x00, 0x00, 0x06, 0xc0, 0x00, 0x00, 0x00, 0x00, 0x05, 0x00, 0x00, 0x00, 0x00, 0x02, 0x00,
  0x00, 0x40, 0x00, 0x97, 0xc0, 0x00, 0x00, 0x00, 0x00, 0x00, 0x01, 0x40, 0x04, 0x0a, 0x10, 0x80,
  0x25, 0x00, 0x12, 0x0f, 0x00, 0x00, 0x00, 0x00, 0x00, 0x00, 0x08, 0x00, 0xa8, 0x00, 0x04, 0x40,
  0x10, 0x40, 0x00, 0x22, 0x00, 0x00, 0x60, 0x10, 0x00, 0x00, 0x00, 0x80, 0x02, 0x20, 0x01, 0x08,
  0x40, 0x10, 0x04, 0x08, 0x00, 0x00, 0x40, 0x10, 0x00, 0x00, 0x00, 0x01, 0x51, 0x00, 0x0a, 0x01,
  0x05, 0x20, 0x10, 0x42, 0x00, 0x00, 0x00, 0x00, 0x00, 0x00, 0x00, 0x00, 0x20, 0x02, 0x00, 0xa4,
  0x00, 0x00, 0x08, 0x00, 0x00, 0x06, 0x00, 0x06, 0x00, 0x00, 0x00, 0x00, 0x84, 0x08, 0x20, 0x00,
  0x05, 0x10, 0x21, 0x20, 0x00, 0x03, 0x80, 0x0e, 0x00, 0x00, 0x00, 0x00, 0x20, 0x00, 0x82, 0x88,
  0x00, 0x40, 0x00, 0x00, 0x00, 0x01, 0xc0, 0x5c, 0x00, 0x00, 0x00, 0x00, 0x05, 0x08, 0x08, 0x10,
  0x02, 0x00, 0x00, 0x10, 0x00, 0x00, 0xff, 0xf0, 0x00, 0x00, 0x00, 0x00, 0x00, 0x01, 0x21, 0x00,
  0x00, 0x00, 0x01, 0x00, 0x00, 0x00, 0x1f, 0xa0, 0x00, 0x00, 0x00, 0x00, 0x00, 0x10, 0x40, 0x00,
  0x00, 0x00, 0x00, 0x00, 0x00, 0x00, 0x00, 0x00, 0x00, 0x00, 0x00, 0x00, 0x00, 0x04, 0x05, 0x00
};

const uint8_t PROGMEM frame62[1024] = {
  0x00, 0x00, 0x00, 0x00, 0x00, 0x00, 0x00, 0x00, 0x00, 0x00, 0x00, 0x00, 0x00, 0x00, 0x00, 0x00,
  0x20, 0x10, 0x00, 0x00, 0x14, 0x80, 0x00, 0x00, 0x00, 0x18, 0x00, 0x00, 0x00, 0x00, 0x08, 0x00,
  0x02, 0x00, 0x00, 0x00, 0x09, 0x00, 0x00, 0x00, 0x00, 0x18, 0x00, 0x00, 0x00, 0x09, 0x04, 0x00,
  0x08, 0x80, 0x80, 0x00, 0x28, 0x50, 0x00, 0x00, 0x10, 0x38, 0x00, 0x00, 0x00, 0x20, 0x10, 0x00,
  0x00, 0x00, 0x00, 0x00, 0x15, 0x00, 0x00, 0x00, 0x18, 0x30, 0x00, 0x00, 0x05, 0x00, 0x40, 0x84,
  0x48, 0x00, 0x00, 0x00, 0x04, 0x90, 0x00, 0x00, 0x0c, 0x00, 0x00, 0x00, 0x08, 0x92, 0x00, 0x00,
  0x00, 0x00, 0x00, 0x00, 0x20, 0x40, 0x00, 0x00, 0x00, 0x00, 0x00, 0x00, 0x21, 0x09, 0x00, 0x49,
  0x00, 0x50, 0x00, 0x00, 0x0a, 0x00, 0x00, 0x00, 0x01, 0xe0, 0x10, 0x00, 0x05, 0x40, 0x08, 0x00,
  0x02, 0x00, 0x00, 0x00, 0x10, 0x00, 0x00, 0x00, 0x03, 0xf9, 0xf0, 0x00, 0x20, 0x08, 0x80, 0x00,
  0x04, 0x10, 0x00, 0x00, 0x84, 0x00, 0x00, 0x00, 0x07, 0xf1, 0xf0, 0x00, 0x08, 0x04, 0x14, 0x28,
  0x00, 0x88, 0x00, 0x02, 0x20, 0x00, 0x00, 0x00, 0x07, 0xf8, 0x00, 0x00, 0x01, 0x20, 0x80, 0x00,
  0x02, 0x20, 0x00, 0x20, 0x00, 0x20, 0x00, 0x01, 0xe7, 0xf8, 0x00, 0x00, 0x08, 0x00, 0x08, 0x82,
  0x00, 0x40, 0x00, 0x10, 0x00, 0x02, 0x00, 0x01, 0xc3, 0xf0, 0x00, 0x00, 0x00, 0x09, 0x00, 0x20,
  0x01, 0x00, 0x04, 0x40, 0x00, 0x08, 0x00, 0x00, 0x01, 0xa2, 0x00, 0x00, 0x00, 0x00, 0x12, 0x00,
  0x00, 0x00, 0x01, 0x04, 0xa8, 0x90, 0x00, 0x00, 0x00, 0x03, 0x00, 0x00, 0x00, 0x08, 0x80, 0x00,
  0x00, 0x00, 0x10, 0x00, 0x02, 0x00, 0x00, 0x00, 0x04, 0x03, 0xc0, 0x00, 0x00, 0x02, 0x20, 0x00,
  0x00, 0x00, 0x04, 0x92, 0x08, 0x00, 0x00, 0x00, 0x07, 0x00, 0xc0, 0x00, 0x00, 0x00, 0x00, 0x80,
  0x00, 0x00, 0x02, 0x00, 0x00, 0x04, 0x80, 0x00, 0x07, 0x00, 0x03, 0x00, 0x00, 0x00, 0x00, 0x00,
  0x00, 0x00, 0x00, 0x94, 0x28, 0x06, 0x00, 0x00, 0x0c, 0x01, 0x03, 0x00, 0x42, 0x20, 0x0a, 0x40,
  0x01, 0x00, 0x12, 0x00, 0x0c, 0x12, 0x80, 0x00, 0x00, 0x01, 0x95, 0xa1, 0x20, 0x00, 0x00, 0x10,
  0x01, 0x80, 0x00, 0x08, 0x28, 0x46, 0x20, 0x00, 0x00, 0x01, 0xe3, 0x40, 0x12, 0x44, 0x14, 0x40,
  0x00, 0x00, 0x01, 0x40, 0x0c, 0x06, 0x06, 0x01, 0xf0, 0x00, 0x6f, 0x15, 0x40, 0x00, 0x01, 0x00,
  0x00, 0x00, 0x00, 0x00, 0x08, 0x8a, 0x06, 0x03, 0xb8, 0x00, 0x75, 0xa0, 0x10, 0x80, 0x04, 0x00,
  0x00, 0x00, 0x00, 0x00, 0x0c, 0x06, 0x0f, 0x06, 0x18, 0x00, 0x3e, 0x02, 0x88, 0x0a, 0x01, 0x00,
  0x01, 0x20, 0x00, 0x00, 0x0c, 0x0e, 0x0f, 0x02, 0x0c, 0x00, 0x1c, 0xa0, 0x22, 0x80, 0x00, 0x00,
  0x04, 0x90, 0x00, 0x00, 0x0c, 0xbe, 0x0b, 0x06, 0x18, 0xfc, 0x0c, 0x00, 0x80, 0x00, 0x00, 0x00,
  0x01, 0x40, 0x00, 0x00, 0x0d, 0xfc, 0x1d, 0x83, 0x38, 0xfe, 0x0c, 0x40, 0x04, 0x88, 0x00, 0x00,
  0x00, 0x90, 0x00, 0x00, 0x0f, 0x86, 0x7f, 0x83, 0x68, 0xc6, 0x18, 0x00, 0x12, 0x00, 0x00, 0x00,
  0x02, 0x80, 0x00, 0x28, 0x0c, 0x06, 0x35, 0x83, 0xe0, 0xc2, 0x18, 0x18, 0x03, 0x00, 0x00, 0x00,
  0x00, 0x40, 0x00, 0xa0, 0x0c, 0x06, 0x11, 0xc3, 0x80, 0x66, 0x18, 0x1c, 0x02, 0x00, 0x04, 0x00,
  0x00, 0x00, 0x00, 0x54, 0x18, 0x04, 0x00, 0xc3, 0x00, 0xfe, 0x30, 0x0c, 0x06, 0x00, 0x03, 0x00,
  0x00, 0x80, 0x00, 0x00, 0x0c, 0x06, 0x00, 0xc1, 0x00, 0x70, 0x31, 0x07, 0x06, 0x00, 0x00, 0x00,
  0x00, 0x00, 0x00, 0x10, 0x18, 0x06, 0x00, 0x03, 0x00, 0xc0, 0x30, 0x03, 0x06, 0x00, 0x00, 0x00,
  0x00, 0x00, 0x00, 0x00, 0x08, 0x06, 0x00, 0x01, 0x80, 0x62, 0x64, 0x01, 0x8c, 0x00, 0x00, 0x00,
  0x00, 0x40, 0x00, 0x00, 0x18, 0x04, 0x00, 0x01, 0x00, 0xc0, 0xa0, 0x01, 0x8a, 0x00, 0x05, 0x20,
  0x00, 0x00, 0x00, 0x00, 0x18, 0x02, 0x00, 0x00, 0x00, 0x09, 0x08, 0x60, 0xcc, 0x00, 0x12, 0x40,
  0x00, 0x00, 0x00, 0x00, 0x15, 0x00, 0x00, 0x00, 0x00, 0x00, 0x02, 0xe0, 0xec, 0x00, 0x05, 0x00,
  0x00, 0x00, 0x00, 0x00, 0x88, 0x68, 0x68, 0xfc, 0x30, 0x6a, 0x55, 0xe0, 0x78, 0x00, 0x11, 0x20,
  0x00, 0x00, 0x00, 0x07, 0xe0, 0x40, 0xf9, 0xf6, 0x70, 0xc1, 0x21, 0xe0, 0x38, 0x00, 0x05, 0x00,
  0x00, 0x00, 0x00, 0x0e, 0xe0, 0x21, 0x9c, 0x10, 0x30, 0x68, 0x93, 0x70, 0x18, 0x00, 0x01, 0x00,
  0x00, 0x00, 0x00, 0x04, 0x60, 0x84, 0xc8, 0x30, 0x31, 0x60, 0x0f, 0xf8, 0x30, 0x00, 0x00, 0x00,
  0x00, 0x00, 0x00, 0x0c, 0x64, 0x21, 0xbc, 0x30, 0x77, 0xc3, 0x4f, 0xb0, 0x30, 0x00, 0x01, 0x00,
  0x00, 0x01, 0x00, 0x06, 0xf0, 0xb0, 0xf0, 0x30, 0x3d, 0x67, 0xa2, 0x38, 0x30, 0x00, 0x00, 0x00,
  0x01, 0xa0, 0x00, 0x0f, 0xfe, 0x61, 0xe0, 0x30, 0x60, 0xc6, 0xc7, 0x19, 0x30, 0xa0, 0x01, 0x00,
  0x04, 0x00, 0x00, 0x0f, 0x9c, 0x71, 0xbc, 0x10, 0x60, 0x64, 0xf0, 0x1c, 0x64, 0x00, 0x00, 0x00,
  0x00, 0xa4, 0x00, 0x06, 0x06, 0x51, 0x9c, 0x30, 0x60, 0x4e, 0x30, 0x88, 0x61, 0x14, 0x00, 0x00,
  0x02, 0x01, 0x00, 0x0e, 0x06, 0x61, 0x07, 0x38, 0x60, 0xcc, 0x74, 0x22, 0x60, 0x80, 0x00, 0x00,
  0x00, 0xa0, 0x00, 0x04, 0x0e, 0x60, 0x00, 0x10, 0x40, 0x04, 0x32, 0x80, 0xca, 0x20, 0x00, 0x00,
  0x04, 0x04, 0x00, 0x0e, 0x0c, 0x30, 0x00, 0x38, 0x20, 0x0e, 0x70, 0x14, 0xc0, 0x00, 0x00, 0x00,
  0x20, 0x40, 0x80, 0x06, 0x1c, 0x60, 0x00, 0x30, 0x00, 0x0c, 0xe4, 0x20, 0x80, 0x00, 0x00, 0x00,
  0x02, 0x0a, 0x00, 0x06, 0x38, 0x20, 0x00, 0x10, 0x00, 0x07, 0xd0, 0x00, 0xc0, 0x00, 0x00, 0x00,
  0x10, 0x80, 0x00, 0x16, 0x70, 0x00, 0x00, 0x00, 0x00, 0x0f, 0xa0, 0x40, 0x00, 0x00, 0x10, 0x08,
  0x22, 0x00, 0x00, 0x06, 0xc0, 0x00, 0x00, 0x00, 0x00, 0x05, 0x00, 0x00, 0x00, 0x00, 0x02, 0x00,
  0x00, 0x40, 0x00, 0x97, 0xc0, 0x00, 0x00, 0x00, 0x00, 0x00, 0x01, 0x40, 0x04, 0x0a, 0x10, 0x80,
  0x25, 0x00, 0x12, 0x0f, 0x00, 0x00, 0x00, 0x00, 0x00, 0x00, 0x08, 0x00, 0xa8, 0x00, 0x04, 0x40,
  0x10, 0x40, 0x00, 0x22, 0x00, 0x00, 0x60, 0x10, 0x00, 0x00, 0x00, 0x80, 0x02, 0x20, 0x01, 0x08,
  0x40, 0x10, 0x04, 0x08, 0x00, 0x00, 0x40, 0x10, 0x00, 0x00, 0x00, 0x01, 0x51, 0x00, 0x0a, 0x01,
  0x05, 0x20, 0x10, 0x42, 0x00, 0x00, 0x00, 0x00, 0x00, 0x00, 0x00, 0x00, 0x20, 0x02, 0x00, 0xa4,
  0x00, 0x00, 0x08, 0x00, 0x00, 0x06, 0x00, 0x06, 0x00, 0x00, 0x00, 0x00, 0x84, 0x08, 0x20, 0x00,
  0x05, 0x10, 0x21, 0x20, 0x00, 0x03, 0x80, 0x0e, 0x00, 0x00, 0x00, 0x00, 0x20, 0x00, 0x82, 0x88,
  0x00, 0x40, 0x00, 0x00, 0x00, 0x01, 0xc0, 0x5c, 0x00, 0x00, 0x00, 0x00, 0x05, 0x08, 0x08, 0x10,
  0x02, 0x00, 0x00, 0x10, 0x00, 0x00, 0xff, 0xf0, 0x00, 0x00, 0x00, 0x00, 0x00, 0x01, 0x21, 0x00,
  0x00, 0x00, 0x01, 0x00, 0x00, 0x00, 0x1f, 0xa0, 0x00, 0x00, 0x00, 0x00, 0x00, 0x10, 0x40, 0x00,
  0x00, 0x00, 0x00, 0x00, 0x00, 0x00, 0x00, 0x00, 0x00, 0x00, 0x00, 0x00, 0x00, 0x04, 0x05, 0x00
};

const uint8_t PROGMEM frame63[1024] = {
  0x00, 0x00, 0x00, 0x00, 0x00, 0x00, 0x00, 0x00, 0x00, 0x00, 0x00, 0x00, 0x00, 0x00, 0x00, 0x00,
  0x00, 0x00, 0x00, 0x00, 0x0a, 0x40, 0x00, 0x00, 0x00, 0x18, 0x00, 0x00, 0x00, 0x00, 0x08, 0x00,
  0x04, 0x00, 0x00, 0x00, 0x20, 0x80, 0x00, 0x00, 0x00, 0x18, 0x00, 0x00, 0x00, 0x12, 0x02, 0x00,
  0x01, 0x41, 0x00, 0x00, 0x1a, 0x50, 0x00, 0x00, 0x10, 0x38, 0x00, 0x00, 0x00, 0x80, 0x10, 0x00,
  0x08, 0x00, 0x00, 0x00, 0x09, 0x08, 0x00, 0x00, 0x18, 0x30, 0x00, 0x00, 0x04, 0x00, 0x80, 0x04,
  0x40, 0x00, 0x00, 0x00, 0x40, 0x40, 0x00, 0x00, 0x0c, 0x00, 0x00, 0x00, 0x00, 0xaa, 0x00, 0x00,
  0x00, 0x00, 0x00, 0x00, 0x15, 0x00, 0x00, 0x00, 0x00, 0x00, 0x00, 0x00, 0x51, 0x04, 0x00, 0xa9,
  0x02, 0x24, 0x00, 0x00, 0x00, 0x40, 0x00, 0x00, 0x01, 0xe0, 0x10, 0x00, 0x02, 0x40, 0x88, 0x00,
  0x00, 0x10, 0x00, 0x00, 0x54, 0x10, 0x00, 0x00, 0x03, 0xf9, 0xf0, 0x00, 0x20, 0x08, 0x00, 0x00,
  0x05, 0x00, 0x00, 0x01, 0x00, 0x00, 0x00, 0x00, 0x07, 0xf1, 0xf0, 0x00, 0x08, 0x02, 0x48, 0x00,
  0x00, 0x14, 0x00, 0x00, 0x10, 0x00, 0x00, 0x00, 0x07, 0xf8, 0x00, 0x00, 0x21, 0x28, 0x04, 0xa4,
  0x09, 0x40, 0x00, 0x80, 0x82, 0x20, 0x00, 0x01, 0xe7, 0xf8, 0x00, 0x00, 0x00, 0x00, 0x80, 0x00,
  0x00, 0x00, 0x00, 0x20, 0x00, 0x01, 0x00, 0x01, 0xc3, 0xf0, 0x00, 0x00, 0x04, 0x00, 0x08, 0x00,
  0x01, 0x50, 0x04, 0x04, 0x00, 0x04, 0x00, 0x00, 0x01, 0xa2, 0x00, 0x00, 0x00, 0x04, 0x02, 0x80,
  0x00, 0x00, 0x00, 0x80, 0x90, 0x20, 0x00, 0x00, 0x00, 0x03, 0x00, 0x00, 0x00, 0x10, 0x90, 0x04,
  0x00, 0x00, 0x02, 0x08, 0x01, 0x00, 0x00, 0x00, 0x04, 0x03, 0xc0, 0x00, 0x00, 0x00, 0x00, 0x00,
  0x00, 0x00, 0x10, 0x22, 0x00, 0x00, 0x00, 0x00, 0x07, 0x00, 0xc0, 0x00, 0x00, 0x00, 0x00, 0x00,
  0x00, 0x00, 0x02, 0x00, 0x08, 0x04, 0x80, 0x00, 0x07, 0x00, 0x07, 0x00, 0x00, 0x00, 0x88, 0x80,
  0x00, 0x00, 0x01, 0x08, 0x24, 0x06, 0x00, 0x00, 0x0c, 0x03, 0x03, 0x40, 0x42, 0x00, 0x02, 0x20,
  0x01, 0x00, 0x08, 0x20, 0x1c, 0x97, 0x40, 0x00, 0x00, 0x01, 0xae, 0x21, 0x20, 0x40, 0x08, 0x00,
  0x00, 0x80, 0x00, 0x04, 0x0c, 0x02, 0x10, 0x00, 0xc0, 0x01, 0xd7, 0x00, 0x09, 0x04, 0x00, 0x28,
  0x00, 0x00, 0x01, 0x20, 0x0c, 0x06, 0x00, 0x03, 0xf0, 0x00, 0x6a, 0xaa, 0x40, 0x00, 0x14, 0x80,
  0x00, 0x00, 0x00, 0x02, 0x0c, 0x96, 0x0e, 0x06, 0x38, 0x00, 0x7e, 0x84, 0x20, 0x00, 0x01, 0x00,
  0x00, 0x00, 0x00, 0x00, 0x0c, 0x06, 0x0f, 0x04, 0x18, 0x00, 0x3a, 0x91, 0x08, 0x4a, 0x04, 0x40,
  0x02, 0x50, 0x00, 0x00, 0x0c, 0x1e, 0x0e, 0x06, 0x18, 0x38, 0x1c, 0x40, 0x42, 0x00, 0x00, 0x00,
  0x00, 0x80, 0x00, 0x00, 0x0d, 0x7e, 0x1b, 0x02, 0x18, 0x7e, 0x0d, 0x00, 0x11, 0x00, 0x00, 0x00,
  0x02, 0x48, 0x00, 0x00, 0x0f, 0xe6, 0x1b, 0x87, 0x70, 0xc6, 0x18, 0x01, 0x00, 0x08, 0x00, 0x00,
  0x00, 0x90, 0x00, 0x20, 0x0f, 0x06, 0xff, 0x03, 0xe0, 0x63, 0x18, 0x18, 0x13, 0x80, 0x00, 0x00,
  0x02, 0x40, 0x00, 0x94, 0x0c, 0x06, 0x3f, 0x87, 0x40, 0xc7, 0x30, 0x0c, 0x03, 0x00, 0x00, 0x00,
  0x00, 0x80, 0x00, 0x28, 0x0c, 0x02, 0x31, 0x83, 0x00, 0x6e, 0x18, 0x1a, 0x02, 0x00, 0x02, 0x00,
  0x00, 0x40, 0x01, 0x10, 0x0c, 0x06, 0x00, 0xc3, 0x00, 0x7c, 0x30, 0x06, 0x07, 0x00, 0x02, 0x00,
  0x00, 0x00, 0x00, 0x4a, 0x0c, 0x06, 0x01, 0xc3, 0x00, 0x70, 0x71, 0x07, 0x04, 0x00, 0x00, 0x00,
  0x00, 0x00, 0x00, 0x10, 0x0c, 0x03, 0x00, 0x02, 0x00, 0x60, 0x60, 0x01, 0x06, 0x00, 0x00, 0x00,
  0x00, 0x80, 0x00, 0x00, 0x08, 0x06, 0x00, 0x03, 0x00, 0xc0, 0x40, 0x01, 0xc6, 0x00, 0x00, 0x00,
  0x00, 0x00, 0x00, 0x00, 0x1c, 0x02, 0x00, 0x00, 0x00, 0x45, 0x20, 0x01, 0x8c, 0x00, 0x09, 0x40,
  0x00, 0x00, 0x00, 0x00, 0x08, 0x00, 0x00, 0x00, 0x00, 0x00, 0x08, 0xe0, 0xec, 0x00, 0x12, 0x20,
  0x00, 0x00, 0x00, 0x00, 0x08, 0x20, 0x00, 0x14, 0x60, 0x01, 0x04, 0xe0, 0x78, 0x00, 0x01, 0x00,
  0x00, 0x00, 0x00, 0x00, 0x00, 0xa8, 0x69, 0xfe, 0x20, 0xd4, 0x52, 0xf0, 0x3c, 0x00, 0x05, 0x20,
  0x00, 0x00, 0x00, 0x07, 0x82, 0x00, 0xb8, 0x78, 0x70, 0xca, 0x81, 0xf0, 0x18, 0x00, 0x20, 0x80,
  0x00, 0x00, 0x00, 0x0e, 0xe0, 0x20, 0xdc, 0x10, 0x60, 0xd0, 0x2b, 0xb0, 0x18, 0x00, 0x02, 0x00,
  0x00, 0x00, 0x00, 0x18, 0xe0, 0x02, 0xcc, 0x38, 0x6b, 0xc0, 0x87, 0xf8, 0x30, 0x00, 0x01, 0x00,
  0x00, 0x02, 0x00, 0x0c, 0xc2, 0x70, 0xdc, 0x10, 0x7e, 0xc7, 0x57, 0x58, 0x30, 0x00, 0x00, 0x00,
  0x00, 0x00, 0x00, 0x1d, 0xe8, 0x28, 0xf8, 0x38, 0x68, 0xc7, 0x83, 0x18, 0x30, 0x00, 0x00, 0x00,
  0x01, 0xa0, 0x40, 0x0f, 0xf0, 0x71, 0xf0, 0x10, 0x60, 0xcc, 0xf5, 0x1c, 0x50, 0x80, 0x01, 0x00,
  0x04, 0x00, 0x00, 0x0e, 0x9d, 0x20, 0xb8, 0x38, 0x60, 0xc6, 0xe8, 0x0d, 0x68, 0x10, 0x00, 0x00,
  0x00, 0xa5, 0x00, 0x0c, 0x1c, 0x31, 0x8e, 0x10, 0x60, 0x8c, 0x30, 0x24, 0x61, 0x08, 0x00, 0x00,
  0x01, 0x00, 0x00, 0x0c, 0x0c, 0x30, 0xc7, 0x38, 0x60, 0xcc, 0x74, 0x80, 0x48, 0x80, 0x00, 0x00,
  0x04, 0x40, 0x00, 0x0c, 0x0c, 0xb0, 0x00, 0x10, 0x80, 0x06, 0x60, 0x24, 0x62, 0x20, 0x00, 0x00,
  0x00, 0x09, 0x00, 0x0c, 0x1c, 0x30, 0x00, 0x38, 0x00, 0x0c, 0xea, 0x80, 0xc1, 0x00, 0x00, 0x00,
  0x02, 0xa0, 0x00, 0x0c, 0x18, 0x60, 0x00, 0x10, 0x00, 0x0a, 0xc0, 0x00, 0xc4, 0x00, 0x00, 0x00,
  0x08, 0x42, 0x00, 0x0c, 0x38, 0x00, 0x00, 0x00, 0x00, 0x07, 0xa8, 0x20, 0x80, 0x00, 0x00, 0x00,
  0x11, 0x00, 0x00, 0x2c, 0x70, 0x00, 0x00, 0x00, 0x00, 0x0f, 0x41, 0x00, 0x00, 0x00, 0x00, 0x08,
  0x20, 0x02, 0x00, 0x0e, 0xe0, 0x00, 0x00, 0x00, 0x00, 0x00, 0x20, 0x20, 0x00, 0x00, 0x12, 0x00,
  0x01, 0x40, 0x00, 0x8f, 0x80, 0x00, 0x00, 0x00, 0x00, 0x01, 0x00, 0x80, 0x00, 0x00, 0x01, 0x00,
  0x21, 0x00, 0x02, 0x0f, 0x00, 0x00, 0x00, 0x00, 0x00, 0x00, 0x00, 0x81, 0x28, 0x14, 0x08, 0x84,
  0x04, 0x40, 0x20, 0x04, 0x00, 0x00, 0x60, 0x10, 0x00, 0x02, 0x11, 0x00, 0x02, 0x00, 0x02, 0x08,
  0x42, 0x10, 0x08, 0x4a, 0x80, 0x00, 0x40, 0x10, 0x00, 0x00, 0x00, 0x01, 0x48, 0x80, 0x04, 0x80,
  0x10, 0x40, 0x12, 0x10, 0x00, 0x00, 0x00, 0x00, 0x00, 0x00, 0x00, 0x00, 0x00, 0x02, 0x21, 0x20,
  0x05, 0x08, 0x08, 0x22, 0x80, 0x07, 0x00, 0x06, 0x00, 0x00, 0x02, 0x00, 0x20, 0x00, 0x08, 0x0a,
  0x00, 0x10, 0x20, 0x00, 0x00, 0x03, 0x00, 0x0e, 0x00, 0x00, 0x00, 0x00, 0x84, 0x04, 0x01, 0x40,
  0x0a, 0x40, 0x09, 0x10, 0x00, 0x01, 0xc0, 0x7c, 0x00, 0x00, 0x00, 0x00, 0x12, 0x10, 0x88, 0x00,
  0x01, 0x00, 0x20, 0x00, 0x00, 0x00, 0xff, 0xe8, 0x00, 0x00, 0x00, 0x00, 0x00, 0x00, 0x22, 0x10,
  0x00, 0x00, 0x00, 0x08, 0x00, 0x00, 0x3f, 0xa0, 0x00, 0x00, 0x00, 0x00, 0x00, 0x11, 0x04, 0x80,
  0x00, 0x00, 0x01, 0x00, 0x00, 0x00, 0x00, 0x00, 0x00, 0x00, 0x00, 0x00, 0x00, 0x00, 0x02, 0x00
};

const uint8_t PROGMEM frame64[1024] = {
  0x00, 0x00, 0x00, 0x00, 0x00, 0x00, 0x00, 0x00, 0x00, 0x00, 0x00, 0x00, 0x00, 0x00, 0x00, 0x00,
  0x00, 0x00, 0x00, 0x00, 0x0a, 0x40, 0x00, 0x00, 0x00, 0x18, 0x00, 0x00, 0x00, 0x00, 0x08, 0x00,
  0x04, 0x00, 0x00, 0x00, 0x20, 0x80, 0x00, 0x00, 0x00, 0x18, 0x00, 0x00, 0x00, 0x12, 0x02, 0x00,
  0x01, 0x41, 0x00, 0x00, 0x1a, 0x50, 0x00, 0x00, 0x10, 0x38, 0x00, 0x00, 0x00, 0x80, 0x10, 0x00,
  0x08, 0x00, 0x00, 0x00, 0x09, 0x08, 0x00, 0x00, 0x18, 0x30, 0x00, 0x00, 0x04, 0x00, 0x80, 0x04,
  0x40, 0x00, 0x00, 0x00, 0x40, 0x40, 0x00, 0x00, 0x0c, 0x00, 0x00, 0x00, 0x00, 0xaa, 0x00, 0x00,
  0x00, 0x00, 0x00, 0x00, 0x15, 0x00, 0x00, 0x00, 0x00, 0x00, 0x00, 0x00, 0x51, 0x04, 0x00, 0xa9,
  0x02, 0x24, 0x00, 0x00, 0x00, 0x40, 0x00, 0x00, 0x01, 0xe0, 0x10, 0x00, 0x02, 0x40, 0x88, 0x00,
  0x00, 0x10, 0x00, 0x00, 0x54, 0x10, 0x00, 0x00, 0x03, 0xf9, 0xf0, 0x00, 0x20, 0x08, 0x00, 0x00,
  0x05, 0x00, 0x00, 0x01, 0x00, 0x00, 0x00, 0x00, 0x07, 0xf1, 0xf0, 0x00, 0x08, 0x02, 0x48, 0x00,
  0x00, 0x14, 0x00, 0x00, 0x10, 0x00, 0x00, 0x00, 0x07, 0xf8, 0x00, 0x00, 0x21, 0x28, 0x04, 0xa4,
  0x09, 0x40, 0x00, 0x80, 0x82, 0x20, 0x00, 0x01, 0xe7, 0xf8, 0x00, 0x00, 0x00, 0x00, 0x80, 0x00,
  0x00, 0x00, 0x00, 0x20, 0x00, 0x01, 0x00, 0x01, 0xc3, 0xf0, 0x00, 0x00, 0x04, 0x00, 0x08, 0x00,
  0x01, 0x50, 0x04, 0x04, 0x00, 0x04, 0x00, 0x00, 0x01, 0xa2, 0x00, 0x00, 0x00, 0x04, 0x02, 0x80,
  0x00, 0x00, 0x00, 0x80, 0x90, 0x20, 0x00, 0x00, 0x00, 0x03, 0x00, 0x00, 0x00, 0x10, 0x90, 0x04,
  0x00, 0x00, 0x02, 0x08, 0x01, 0x00, 0x00, 0x00, 0x04, 0x03, 0xc0, 0x00, 0x00, 0x00, 0x00, 0x00,
  0x00, 0x00, 0x10, 0x22, 0x00, 0x00, 0x00, 0x00, 0x07, 0x00, 0xc0, 0x00, 0x00, 0x00, 0x00, 0x00,
  0x00, 0x00, 0x02, 0x00, 0x08, 0x04, 0x80, 0x00, 0x07, 0x00, 0x07, 0x00, 0x00, 0x00, 0x88, 0x80,
  0x00, 0x00, 0x01, 0x08, 0x24, 0x06, 0x00, 0x00, 0x0c, 0x03, 0x03, 0x40, 0x42, 0x00, 0x02, 0x20,
  0x01, 0x00, 0x08, 0x20, 0x1c, 0x97, 0x40, 0x00, 0x00, 0x01, 0xae, 0x21, 0x20, 0x40, 0x08, 0x00,
  0x00, 0x80, 0x00, 0x04, 0x0c, 0x02, 0x10, 0x00, 0xc0, 0x01, 0xd7, 0x00, 0x09, 0x04, 0x00, 0x28,
  0x00, 0x00, 0x01, 0x20, 0x0c, 0x06, 0x00, 0x03, 0xf0, 0x00, 0x6a, 0xaa, 0x40, 0x00, 0x14, 0x80,
  0x00, 0x00, 0x00, 0x02, 0x0c, 0x96, 0x0e, 0x06, 0x38, 0x00, 0x7e, 0x84, 0x20, 0x00, 0x01, 0x00,
  0x00, 0x00, 0x00, 0x00, 0x0c, 0x06, 0x0f, 0x04, 0x18, 0x00, 0x3a, 0x91, 0x08, 0x4a, 0x04, 0x40,
  0x02, 0x50, 0x00, 0x00, 0x0c, 0x1e, 0x0e, 0x06, 0x18, 0x38, 0x1c, 0x40, 0x42, 0x00, 0x00, 0x00,
  0x00, 0x80, 0x00, 0x00, 0x0d, 0x7e, 0x1b, 0x02, 0x18, 0x7e, 0x0d, 0x00, 0x11, 0x00, 0x00, 0x00,
  0x02, 0x48, 0x00, 0x00, 0x0f, 0xe6, 0x1b, 0x87, 0x70, 0xc6, 0x18, 0x01, 0x00, 0x08, 0x00, 0x00,
  0x00, 0x90, 0x00, 0x20, 0x0f, 0x06, 0xff, 0x03, 0xe0, 0x63, 0x18, 0x18, 0x13, 0x80, 0x00, 0x00,
  0x02, 0x40, 0x00, 0x94, 0x0c, 0x06, 0x3f, 0x87, 0x40, 0xc7, 0x30, 0x0c, 0x03, 0x00, 0x00, 0x00,
  0x00, 0x80, 0x00, 0x28, 0x0c, 0x02, 0x31, 0x83, 0x00, 0x6e, 0x18, 0x1a, 0x02, 0x00, 0x02, 0x00,
  0x00, 0x40, 0x01, 0x10, 0x0c, 0x06, 0x00, 0xc3, 0x00, 0x7c, 0x30, 0x06, 0x07, 0x00, 0x02, 0x00,
  0x00, 0x00, 0x00, 0x4a, 0x0c, 0x06, 0x01, 0xc3, 0x00, 0x70, 0x71, 0x07, 0x04, 0x00, 0x00, 0x00,
  0x00, 0x00, 0x00, 0x10, 0x0c, 0x03, 0x00, 0x02, 0x00, 0x60, 0x60, 0x01, 0x06, 0x00, 0x00, 0x00,
  0x00, 0x80, 0x00, 0x00, 0x08, 0x06, 0x00, 0x03, 0x00, 0xc0, 0x40, 0x01, 0xc6, 0x00, 0x00, 0x00,
  0x00, 0x00, 0x00, 0x00, 0x1c, 0x02, 0x00, 0x00, 0x00, 0x45, 0x20, 0x01, 0x8c, 0x00, 0x09, 0x40,
  0x00, 0x00, 0x00, 0x00, 0x08, 0x00, 0x00, 0x00, 0x00, 0x00, 0x08, 0xe0, 0xec, 0x00, 0x12, 0x20,
  0x00, 0x00, 0x00, 0x00, 0x08, 0x20, 0x00, 0x14, 0x60, 0x01, 0x04, 0xe0, 0x78, 0x00, 0x01, 0x00,
  0x00, 0x00, 0x00, 0x00, 0x00, 0xa8, 0x69, 0xfe, 0x20, 0xd4, 0x52, 0xf0, 0x3c, 0x00, 0x05, 0x20,
  0x00, 0x00, 0x00, 0x07, 0x82, 0x00, 0xb8, 0x78, 0x70, 0xca, 0x81, 0xf0, 0x18, 0x00, 0x20, 0x80,
  0x00, 0x00, 0x00, 0x0e, 0xe0, 0x20, 0xdc, 0x10, 0x60, 0xd0, 0x2b, 0xb0, 0x18, 0x00, 0x02, 0x00,
  0x00, 0x00, 0x00, 0x18, 0xe0, 0x02, 0xcc, 0x38, 0x6b, 0xc0, 0x87, 0xf8, 0x30, 0x00, 0x01, 0x00,
  0x00, 0x02, 0x00, 0x0c, 0xc2, 0x70, 0xdc, 0x10, 0x7e, 0xc7, 0x57, 0x58, 0x30, 0x00, 0x00, 0x00,
  0x00, 0x00, 0x00, 0x1d, 0xe8, 0x28, 0xf8, 0x38, 0x68, 0xc7, 0x83, 0x18, 0x30, 0x00, 0x00, 0x00,
  0x01, 0xa0, 0x40, 0x0f, 0xf0, 0x71, 0xf0, 0x10, 0x60, 0xcc, 0xf5, 0x1c, 0x50, 0x80, 0x01, 0x00,
  0x04, 0x00, 0x00, 0x0e, 0x9d, 0x20, 0xb8, 0x38, 0x60, 0xc6, 0xe8, 0x0d, 0x68, 0x10, 0x00, 0x00,
  0x00, 0xa5, 0x00, 0x0c, 0x1c, 0x31, 0x8e, 0x10, 0x60, 0x8c, 0x30, 0x24, 0x61, 0x08, 0x00, 0x00,
  0x01, 0x00, 0x00, 0x0c, 0x0c, 0x30, 0xc7, 0x38, 0x60, 0xcc, 0x74, 0x80, 0x48, 0x80, 0x00, 0x00,
  0x04, 0x40, 0x00, 0x0c, 0x0c, 0xb0, 0x00, 0x10, 0x80, 0x06, 0x60, 0x24, 0x62, 0x20, 0x00, 0x00,
  0x00, 0x09, 0x00, 0x0c, 0x1c, 0x30, 0x00, 0x38, 0x00, 0x0c, 0xea, 0x80, 0xc1, 0x00, 0x00, 0x00,
  0x02, 0xa0, 0x00, 0x0c, 0x18, 0x60, 0x00, 0x10, 0x00, 0x0a, 0xc0, 0x00, 0xc4, 0x00, 0x00, 0x00,
  0x08, 0x42, 0x00, 0x0c, 0x38, 0x00, 0x00, 0x00, 0x00, 0x07, 0xa8, 0x20, 0x80, 0x00, 0x00, 0x00,
  0x11, 0x00, 0x00, 0x2c, 0x70, 0x00, 0x00, 0x00, 0x00, 0x0f, 0x41, 0x00, 0x00, 0x00, 0x00, 0x08,
  0x20, 0x02, 0x00, 0x0e, 0xe0, 0x00, 0x00, 0x00, 0x00, 0x00, 0x20, 0x20, 0x00, 0x00, 0x12, 0x00,
  0x01, 0x40, 0x00, 0x8f, 0x80, 0x00, 0x00, 0x00, 0x00, 0x01, 0x00, 0x80, 0x00, 0x00, 0x01, 0x00,
  0x21, 0x00, 0x02, 0x0f, 0x00, 0x00, 0x00, 0x00, 0x00, 0x00, 0x00, 0x81, 0x28, 0x14, 0x08, 0x84,
  0x04, 0x40, 0x20, 0x04, 0x00, 0x00, 0x60, 0x10, 0x00, 0x02, 0x11, 0x00, 0x02, 0x00, 0x02, 0x08,
  0x42, 0x10, 0x08, 0x4a, 0x80, 0x00, 0x40, 0x10, 0x00, 0x00, 0x00, 0x01, 0x48, 0x80, 0x04, 0x80,
  0x10, 0x40, 0x12, 0x10, 0x00, 0x00, 0x00, 0x00, 0x00, 0x00, 0x00, 0x00, 0x00, 0x02, 0x21, 0x20,
  0x05, 0x08, 0x08, 0x22, 0x80, 0x07, 0x00, 0x06, 0x00, 0x00, 0x02, 0x00, 0x20, 0x00, 0x08, 0x0a,
  0x00, 0x10, 0x20, 0x00, 0x00, 0x03, 0x00, 0x0e, 0x00, 0x00, 0x00, 0x00, 0x84, 0x04, 0x01, 0x40,
  0x0a, 0x40, 0x09, 0x10, 0x00, 0x01, 0xc0, 0x7c, 0x00, 0x00, 0x00, 0x00, 0x12, 0x10, 0x88, 0x00,
  0x01, 0x00, 0x20, 0x00, 0x00, 0x00, 0xff, 0xe8, 0x00, 0x00, 0x00, 0x00, 0x00, 0x00, 0x22, 0x10,
  0x00, 0x00, 0x00, 0x08, 0x00, 0x00, 0x3f, 0xa0, 0x00, 0x00, 0x00, 0x00, 0x00, 0x11, 0x04, 0x80,
  0x00, 0x00, 0x01, 0x00, 0x00, 0x00, 0x00, 0x00, 0x00, 0x00, 0x00, 0x00, 0x00, 0x00, 0x02, 0x00
};

const uint8_t PROGMEM frame65[1024] = {
  0x00, 0x00, 0x00, 0x00, 0x00, 0x00, 0x00, 0x00, 0x00, 0x00, 0x00, 0x00, 0x00, 0x00, 0x00, 0x00,
  0x00, 0x00, 0x00, 0x00, 0x0a, 0x40, 0x00, 0x00, 0x00, 0x18, 0x00, 0x00, 0x00, 0x00, 0x08, 0x00,
  0x04, 0x00, 0x00, 0x00, 0x20, 0x80, 0x00, 0x00, 0x00, 0x18, 0x00, 0x00, 0x00, 0x12, 0x02, 0x00,
  0x01, 0x41, 0x00, 0x00, 0x1a, 0x50, 0x00, 0x00, 0x10, 0x38, 0x00, 0x00, 0x00, 0x80, 0x10, 0x00,
  0x08, 0x00, 0x00, 0x00, 0x09, 0x08, 0x00, 0x00, 0x18, 0x30, 0x00, 0x00, 0x04, 0x00, 0x80, 0x04,
  0x40, 0x00, 0x00, 0x00, 0x40, 0x40, 0x00, 0x00, 0x0c, 0x00, 0x00, 0x00, 0x00, 0xaa, 0x00, 0x00,
  0x00, 0x00, 0x00, 0x00, 0x15, 0x00, 0x00, 0x00, 0x00, 0x00, 0x00, 0x00, 0x51, 0x04, 0x00, 0xa9,
  0x02, 0x24, 0x00, 0x00, 0x00, 0x40, 0x00, 0x00, 0x01, 0xe0, 0x10, 0x00, 0x02, 0x40, 0x88, 0x00,
  0x00, 0x10, 0x00, 0x00, 0x54, 0x10, 0x00, 0x00, 0x03, 0xf9, 0xf0, 0x00, 0x20, 0x08, 0x00, 0x00,
  0x05, 0x00, 0x00, 0x01, 0x00, 0x00, 0x00, 0x00, 0x07, 0xf1, 0xf0, 0x00, 0x08, 0x02, 0x48, 0x00,
  0x00, 0x14, 0x00, 0x00, 0x10, 0x00, 0x00, 0x00, 0x07, 0xf8, 0x00, 0x00, 0x21, 0x28, 0x04, 0xa4,
  0x09, 0x40, 0x00, 0x80, 0x82, 0x20, 0x00, 0x01, 0xe7, 0xf8, 0x00, 0x00, 0x00, 0x00, 0x80, 0x00,
  0x00, 0x00, 0x00, 0x20, 0x00, 0x01, 0x00, 0x01, 0xc3, 0xf0, 0x00, 0x00, 0x04, 0x00, 0x08, 0x00,
  0x01, 0x50, 0x04, 0x04, 0x00, 0x04, 0x00, 0x00, 0x01, 0xa2, 0x00, 0x00, 0x00, 0x04, 0x02, 0x80,
  0x00, 0x00, 0x00, 0x80, 0x90, 0x20, 0x00, 0x00, 0x00, 0x03, 0x00, 0x00, 0x00, 0x10, 0x90, 0x04,
  0x00, 0x00, 0x02, 0x08, 0x01, 0x00, 0x00, 0x00, 0x04, 0x03, 0xc0, 0x00, 0x00, 0x00, 0x00, 0x00,
  0x00, 0x00, 0x10, 0x22, 0x00, 0x00, 0x00, 0x00, 0x07, 0x00, 0xc0, 0x00, 0x00, 0x00, 0x00, 0x00,
  0x00, 0x00, 0x02, 0x00, 0x08, 0x04, 0x80, 0x00, 0x07, 0x00, 0x07, 0x00, 0x00, 0x00, 0x88, 0x80,
  0x00, 0x00, 0x01, 0x08, 0x24, 0x06, 0x00, 0x00, 0x0c, 0x03, 0x03, 0x40, 0x42, 0x00, 0x02, 0x20,
  0x01, 0x00, 0x08, 0x20, 0x1c, 0x97, 0x40, 0x00, 0x00, 0x01, 0xae, 0x21, 0x20, 0x40, 0x08, 0x00,
  0x00, 0x80, 0x00, 0x04, 0x0c, 0x02, 0x10, 0x00, 0xc0, 0x01, 0xd7, 0x00, 0x09, 0x04, 0x00, 0x28,
  0x00, 0x00, 0x01, 0x20, 0x0c, 0x06, 0x00, 0x03, 0xf0, 0x00, 0x6a, 0xaa, 0x40, 0x00, 0x14, 0x80,
  0x00, 0x00, 0x00, 0x02, 0x0c, 0x96, 0x0e, 0x06, 0x38, 0x00, 0x7e, 0x84, 0x20, 0x00, 0x01, 0x00,
  0x00, 0x00, 0x00, 0x00, 0x0c, 0x06, 0x0f, 0x04, 0x18, 0x00, 0x3a, 0x91, 0x08, 0x4a, 0x04, 0x40,
  0x02, 0x50, 0x00, 0x00, 0x0c, 0x1e, 0x0e, 0x06, 0x18, 0x38, 0x1c, 0x40, 0x42, 0x00, 0x00, 0x00,
  0x00, 0x80, 0x00, 0x00, 0x0d, 0x7e, 0x1b, 0x02, 0x18, 0x7e, 0x0d, 0x00, 0x11, 0x00, 0x00, 0x00,
  0x02, 0x48, 0x00, 0x00, 0x0f, 0xe6, 0x1b, 0x87, 0x70, 0xc6, 0x18, 0x01, 0x00, 0x08, 0x00, 0x00,
  0x00, 0x90, 0x00, 0x20, 0x0f, 0x06, 0xff, 0x03, 0xe0, 0x63, 0x18, 0x18, 0x13, 0x80, 0x00, 0x00,
  0x02, 0x40, 0x00, 0x94, 0x0c, 0x06, 0x3f, 0x87, 0x40, 0xc7, 0x30, 0x0c, 0x03, 0x00, 0x00, 0x00,
  0x00, 0x80, 0x00, 0x28, 0x0c, 0x02, 0x31, 0x83, 0x00, 0x6e, 0x18, 0x1a, 0x02, 0x00, 0x02, 0x00,
  0x00, 0x40, 0x01, 0x10, 0x0c, 0x06, 0x00, 0xc3, 0x00, 0x7c, 0x30, 0x06, 0x07, 0x00, 0x02, 0x00,
  0x00, 0x00, 0x00, 0x4a, 0x0c, 0x06, 0x01, 0xc3, 0x00, 0x70, 0x71, 0x07, 0x04, 0x00, 0x00, 0x00,
  0x00, 0x00, 0x00, 0x10, 0x0c, 0x03, 0x00, 0x02, 0x00, 0x60, 0x60, 0x01, 0x06, 0x00, 0x00, 0x00,
  0x00, 0x80, 0x00, 0x00, 0x08, 0x06, 0x00, 0x03, 0x00, 0xc0, 0x40, 0x01, 0xc6, 0x00, 0x00, 0x00,
  0x00, 0x00, 0x00, 0x00, 0x1c, 0x02, 0x00, 0x00, 0x00, 0x45, 0x20, 0x01, 0x8c, 0x00, 0x09, 0x40,
  0x00, 0x00, 0x00, 0x00, 0x08, 0x00, 0x00, 0x00, 0x00, 0x00, 0x08, 0xe0, 0xec, 0x00, 0x12, 0x20,
  0x00, 0x00, 0x00, 0x00, 0x08, 0x20, 0x00, 0x14, 0x60, 0x01, 0x04, 0xe0, 0x78, 0x00, 0x01, 0x00,
  0x00, 0x00, 0x00, 0x00, 0x00, 0xa8, 0x69, 0xfe, 0x20, 0xd4, 0x52, 0xf0, 0x3c, 0x00, 0x05, 0x20,
  0x00, 0x00, 0x00, 0x07, 0x82, 0x00, 0xb8, 0x78, 0x70, 0xca, 0x81, 0xf0, 0x18, 0x00, 0x20, 0x80,
  0x00, 0x00, 0x00, 0x0e, 0xe0, 0x20, 0xdc, 0x10, 0x60, 0xd0, 0x2b, 0xb0, 0x18, 0x00, 0x02, 0x00,
  0x00, 0x00, 0x00, 0x18, 0xe0, 0x02, 0xcc, 0x38, 0x6b, 0xc0, 0x87, 0xf8, 0x30, 0x00, 0x01, 0x00,
  0x00, 0x02, 0x00, 0x0c, 0xc2, 0x70, 0xdc, 0x10, 0x7e, 0xc7, 0x57, 0x58, 0x30, 0x00, 0x00, 0x00,
  0x00, 0x00, 0x00, 0x1d, 0xe8, 0x28, 0xf8, 0x38, 0x68, 0xc7, 0x83, 0x18, 0x30, 0x00, 0x00, 0x00,
  0x01, 0xa0, 0x40, 0x0f, 0xf0, 0x71, 0xf0, 0x10, 0x60, 0xcc, 0xf5, 0x1c, 0x50, 0x80, 0x01, 0x00,
  0x04, 0x00, 0x00, 0x0e, 0x9d, 0x20, 0xb8, 0x38, 0x60, 0xc6, 0xe8, 0x0d, 0x68, 0x10, 0x00, 0x00,
  0x00, 0xa5, 0x00, 0x0c, 0x1c, 0x31, 0x8e, 0x10, 0x60, 0x8c, 0x30, 0x24, 0x61, 0x08, 0x00, 0x00,
  0x01, 0x00, 0x00, 0x0c, 0x0c, 0x30, 0xc7, 0x38, 0x60, 0xcc, 0x74, 0x80, 0x48, 0x80, 0x00, 0x00,
  0x04, 0x40, 0x00, 0x0c, 0x0c, 0xb0, 0x00, 0x10, 0x80, 0x06, 0x60, 0x24, 0x62, 0x20, 0x00, 0x00,
  0x00, 0x09, 0x00, 0x0c, 0x1c, 0x30, 0x00, 0x38, 0x00, 0x0c, 0xea, 0x80, 0xc1, 0x00, 0x00, 0x00,
  0x02, 0xa0, 0x00, 0x0c, 0x18, 0x60, 0x00, 0x10, 0x00, 0x0a, 0xc0, 0x00, 0xc4, 0x00, 0x00, 0x00,
  0x08, 0x42, 0x00, 0x0c, 0x38, 0x00, 0x00, 0x00, 0x00, 0x07, 0xa8, 0x20, 0x80, 0x00, 0x00, 0x00,
  0x11, 0x00, 0x00, 0x2c, 0x70, 0x00, 0x00, 0x00, 0x00, 0x0f, 0x41, 0x00, 0x00, 0x00, 0x00, 0x08,
  0x20, 0x02, 0x00, 0x0e, 0xe0, 0x00, 0x00, 0x00, 0x00, 0x00, 0x20, 0x20, 0x00, 0x00, 0x12, 0x00,
  0x01, 0x40, 0x00, 0x8f, 0x80, 0x00, 0x00, 0x00, 0x00, 0x01, 0x00, 0x80, 0x00, 0x00, 0x01, 0x00,
  0x21, 0x00, 0x02, 0x0f, 0x00, 0x00, 0x00, 0x00, 0x00, 0x00, 0x00, 0x81, 0x28, 0x14, 0x08, 0x84,
  0x04, 0x40, 0x20, 0x04, 0x00, 0x00, 0x60, 0x10, 0x00, 0x02, 0x11, 0x00, 0x02, 0x00, 0x02, 0x08,
  0x42, 0x10, 0x08, 0x4a, 0x80, 0x00, 0x40, 0x10, 0x00, 0x00, 0x00, 0x01, 0x48, 0x80, 0x04, 0x80,
  0x10, 0x40, 0x12, 0x10, 0x00, 0x00, 0x00, 0x00, 0x00, 0x00, 0x00, 0x00, 0x00, 0x02, 0x21, 0x20,
  0x05, 0x08, 0x08, 0x22, 0x80, 0x07, 0x00, 0x06, 0x00, 0x00, 0x02, 0x00, 0x20, 0x00, 0x08, 0x0a,
  0x00, 0x10, 0x20, 0x00, 0x00, 0x03, 0x00, 0x0e, 0x00, 0x00, 0x00, 0x00, 0x84, 0x04, 0x01, 0x40,
  0x0a, 0x40, 0x09, 0x10, 0x00, 0x01, 0xc0, 0x7c, 0x00, 0x00, 0x00, 0x00, 0x12, 0x10, 0x88, 0x00,
  0x01, 0x00, 0x20, 0x00, 0x00, 0x00, 0xff, 0xe8, 0x00, 0x00, 0x00, 0x00, 0x00, 0x00, 0x22, 0x10,
  0x00, 0x00, 0x00, 0x08, 0x00, 0x00, 0x3f, 0xa0, 0x00, 0x00, 0x00, 0x00, 0x00, 0x11, 0x04, 0x80,
  0x00, 0x00, 0x01, 0x00, 0x00, 0x00, 0x00, 0x00, 0x00, 0x00, 0x00, 0x00, 0x00, 0x00, 0x02, 0x00
};

const uint8_t PROGMEM frame66[1024] = {
  0x00, 0x00, 0x00, 0x00, 0x00, 0x00, 0x00, 0x00, 0x00, 0x00, 0x00, 0x00, 0x00, 0x00, 0x00, 0x00,
  0x01, 0x00, 0x00, 0x00, 0x08, 0x40, 0x00, 0x00, 0x00, 0x18, 0x00, 0x00, 0x00, 0x00, 0x08, 0x00,
  0x04, 0x00, 0x00, 0x00, 0x21, 0x20, 0x00, 0x00, 0x00, 0x18, 0x00, 0x00, 0x00, 0x11, 0x00, 0x00,
  0x00, 0x40, 0x00, 0x00, 0x14, 0x88, 0x00, 0x00, 0x10, 0x38, 0x00, 0x00, 0x00, 0x80, 0x00, 0x42,
  0x08, 0x01, 0x00, 0x00, 0x08, 0x24, 0x00, 0x00, 0x18, 0x30, 0x00, 0x00, 0x04, 0x20, 0x90, 0x84,
  0x20, 0x00, 0x00, 0x00, 0x22, 0x80, 0x00, 0x00, 0x0c, 0x00, 0x00, 0x00, 0x11, 0x04, 0x04, 0x00,
  0x00, 0x20, 0x00, 0x00, 0x08, 0x20, 0x00, 0x00, 0x00, 0x00, 0x00, 0x00, 0x40, 0x4a, 0x00, 0x40,
  0x00, 0x08, 0x00, 0x00, 0x01, 0x00, 0x00, 0x00, 0x01, 0xe0, 0x10, 0x00, 0x21, 0x00, 0x00, 0x08,
  0x02, 0x80, 0x00, 0x00, 0x54, 0x10, 0x00, 0x00, 0x03, 0xf9, 0xf0, 0x00, 0x04, 0x00, 0x88, 0x00,
  0x04, 0x08, 0x00, 0x01, 0x00, 0x00, 0x00, 0x00, 0x07, 0xf1, 0xf0, 0x00, 0x40, 0x08, 0x20, 0x00,
  0x01, 0x00, 0x00, 0x80, 0x24, 0x00, 0x00, 0x00, 0x07, 0xf8, 0x00, 0x00, 0x08, 0x01, 0x00, 0xa0,
  0x02, 0x00, 0x00, 0x00, 0x10, 0x04, 0x00, 0x01, 0xe7, 0xf8, 0x00, 0x00, 0x01, 0x08, 0x0a, 0x00,
  0x00, 0x50, 0x04, 0x10, 0x00, 0x40, 0x00, 0x01, 0xc3, 0xf0, 0x00, 0x00, 0x10, 0x11, 0x00, 0x00,
  0x02, 0x00, 0x00, 0x00, 0x00, 0x08, 0x00, 0x00, 0x01, 0xa2, 0x00, 0x00, 0x00, 0x02, 0x09, 0x04,
  0x00, 0x40, 0x01, 0x04, 0x22, 0x20, 0x00, 0x00, 0x00, 0x03, 0x00, 0x00, 0x00, 0x20, 0x10, 0x00,
  0x00, 0x00, 0x44, 0x21, 0x08, 0x00, 0x00, 0x00, 0x04, 0x03, 0xc0, 0x00, 0x00, 0x00, 0x00, 0x00,
  0x00, 0x00, 0x00, 0x82, 0x00, 0x00, 0x00, 0x00, 0x07, 0x00, 0xc0, 0x00, 0x00, 0x00, 0x40, 0x00,
  0x00, 0x00, 0x04, 0x08, 0x00, 0x05, 0x40, 0x00, 0x07, 0x00, 0x0b, 0x00, 0x40, 0x00, 0x00, 0x50,
  0x00, 0x00, 0x02, 0x00, 0x2c, 0x06, 0x80, 0x00, 0x0c, 0x03, 0x07, 0x20, 0x02, 0x00, 0x84, 0x00,
  0x01, 0x00, 0x00, 0x48, 0x0c, 0x86, 0x40, 0x00, 0x00, 0x01, 0xd3, 0x01, 0x08, 0x22, 0x08, 0x00,
  0x00, 0x80, 0x00, 0x04, 0x2c, 0x06, 0x10, 0x00, 0xc0, 0x01, 0xd6, 0x50, 0x40, 0x00, 0x00, 0x28,
  0x00, 0x00, 0x02, 0x20, 0x0c, 0x06, 0x04, 0x03, 0xf0, 0x00, 0x6f, 0x44, 0x80, 0x80, 0x04, 0x80,
  0x00, 0x00, 0x00, 0x02, 0x0c, 0x12, 0x06, 0x06, 0x38, 0x00, 0x75, 0x10, 0x00, 0x04, 0x12, 0x00,
  0x00, 0x00, 0x01, 0x00, 0x0c, 0x8e, 0x0f, 0x06, 0x18, 0x00, 0x3e, 0xc2, 0x14, 0x00, 0x00, 0x80,
  0x02, 0x48, 0x00, 0x00, 0x0c, 0x0e, 0x1f, 0x04, 0x18, 0x38, 0x1c, 0x08, 0x90, 0x00, 0x00, 0x00,
  0x00, 0x80, 0x00, 0x00, 0x0e, 0xff, 0x0e, 0x06, 0x18, 0x7e, 0x1c, 0x40, 0x40, 0x82, 0x00, 0x00,
  0x08, 0x48, 0x00, 0x00, 0x0f, 0xea, 0x1b, 0x83, 0x70, 0xc7, 0x19, 0x00, 0x02, 0x00, 0x00, 0x00,
  0x01, 0x22, 0x00, 0x00, 0x0e, 0x07, 0x7f, 0x07, 0xe0, 0x62, 0x18, 0x09, 0x09, 0x40, 0x00, 0x00,
  0x08, 0x40, 0x00, 0x28, 0x0c, 0x06, 0x7b, 0x83, 0x40, 0xc7, 0x30, 0x1c, 0x03, 0x00, 0x00, 0x00,
  0x01, 0x00, 0x00, 0x85, 0x0c, 0x02, 0x21, 0x83, 0x00, 0x6e, 0x18, 0x0c, 0x07, 0x00, 0x02, 0x00,
  0x00, 0xa0, 0x00, 0x20, 0x0c, 0x06, 0x11, 0x83, 0x00, 0x7c, 0x30, 0x06, 0x02, 0x00, 0x02, 0x00,
  0x00, 0x00, 0x00, 0x94, 0x0c, 0x06, 0x00, 0xc3, 0x00, 0x70, 0x70, 0x07, 0x06, 0x00, 0x00, 0x00,
  0x00, 0x00, 0x00, 0x40, 0x0c, 0x02, 0x00, 0x83, 0x00, 0x60, 0x60, 0x03, 0x06, 0x00, 0x00, 0x00,
  0x00, 0x80, 0x00, 0x08, 0x08, 0x06, 0x00, 0x01, 0x00, 0xc2, 0x40, 0x01, 0x8c, 0x00, 0x08, 0x00,
  0x00, 0x00, 0x00, 0x00, 0x1c, 0x02, 0x00, 0x00, 0x00, 0x48, 0x20, 0x40, 0xc4, 0x00, 0x01, 0x40,
  0x00, 0x00, 0x00, 0x00, 0x08, 0x00, 0x00, 0x00, 0x00, 0x00, 0x88, 0xe0, 0xec, 0x00, 0x22, 0x10,
  0x00, 0x00, 0x00, 0x00, 0x09, 0x20, 0x00, 0x14, 0x60, 0x00, 0x01, 0x60, 0x7c, 0x00, 0x01, 0x00,
  0x00, 0x00, 0x00, 0x00, 0x00, 0x68, 0x71, 0xff, 0x20, 0xd2, 0x54, 0xf0, 0x38, 0x00, 0x49, 0x28,
  0x00, 0x00, 0x00, 0x07, 0xc0, 0x00, 0xfc, 0x78, 0x70, 0xc9, 0x03, 0xe0, 0x18, 0x00, 0x10, 0x80,
  0x00, 0x00, 0x00, 0x0f, 0xc2, 0x00, 0xcc, 0x10, 0x60, 0xe2, 0x51, 0xb8, 0x18, 0x00, 0x02, 0x00,
  0x00, 0x00, 0x00, 0x18, 0x60, 0x4a, 0xcc, 0x38, 0x36, 0xc0, 0x8f, 0xf8, 0x30, 0x00, 0x01, 0x00,
  0x00, 0x00, 0x00, 0x0c, 0xc0, 0x30, 0xdc, 0x10, 0x7f, 0xc6, 0xa7, 0x58, 0x18, 0x00, 0x01, 0x00,
  0x00, 0x00, 0x00, 0x19, 0xe4, 0x60, 0xf8, 0x38, 0x60, 0xcb, 0xc3, 0x18, 0x30, 0x00, 0x00, 0x00,
  0x00, 0xa1, 0x40, 0x0f, 0xf8, 0x31, 0xf0, 0x10, 0x60, 0xc6, 0xe2, 0x1c, 0x61, 0x20, 0x00, 0x00,
  0x02, 0x00, 0x00, 0x0f, 0x2d, 0x31, 0xb8, 0x38, 0x60, 0x8e, 0x68, 0x0c, 0x34, 0x00, 0x00, 0x00,
  0x00, 0x80, 0x00, 0x0e, 0x1c, 0x30, 0x8e, 0x10, 0x60, 0xcc, 0xb0, 0x44, 0x60, 0x08, 0x01, 0x00,
  0x05, 0x22, 0x00, 0x0c, 0x0c, 0x69, 0x87, 0x38, 0x60, 0x8c, 0x71, 0x00, 0x61, 0x20, 0x00, 0x00,
  0x00, 0x88, 0x40, 0x0c, 0x2c, 0x30, 0x00, 0x10, 0xa0, 0x06, 0x68, 0x20, 0xc4, 0x42, 0x00, 0x00,
  0x0a, 0x04, 0x00, 0x0c, 0x0c, 0x70, 0x00, 0x38, 0x00, 0x0c, 0x62, 0x44, 0xc2, 0x00, 0x00, 0x00,
  0x00, 0x40, 0x80, 0x0c, 0x18, 0x20, 0x00, 0x10, 0x00, 0x0d, 0xe4, 0x00, 0x90, 0x40, 0x00, 0x00,
  0x00, 0x88, 0x00, 0x0c, 0x38, 0x00, 0x00, 0x00, 0x00, 0x07, 0x90, 0x20, 0x80, 0x00, 0x00, 0x00,
  0x12, 0x02, 0x00, 0x2c, 0x70, 0x00, 0x00, 0x00, 0x00, 0x0f, 0x40, 0x80, 0x00, 0x00, 0x00, 0x00,
  0x01, 0x00, 0x00, 0x0d, 0xe0, 0x00, 0x00, 0x00, 0x00, 0x00, 0x40, 0x00, 0x04, 0x00, 0x11, 0x00,
  0x21, 0x42, 0x00, 0x0f, 0x80, 0x00, 0x00, 0x00, 0x00, 0x02, 0x04, 0x00, 0x00, 0x04, 0x00, 0x00,
  0x10, 0x00, 0x02, 0x0f, 0x00, 0x00, 0x00, 0x00, 0x00, 0x00, 0x08, 0x82, 0x52, 0x10, 0x09, 0x00,
  0x42, 0xa0, 0x00, 0x4a, 0x00, 0x00, 0x60, 0x10, 0x00, 0x00, 0x10, 0x00, 0x00, 0x00, 0x02, 0x88,
  0x04, 0x00, 0x14, 0x01, 0x00, 0x00, 0x40, 0x10, 0x00, 0x00, 0x01, 0x02, 0x09, 0x40, 0x12, 0x04,
  0x21, 0x50, 0x08, 0x28, 0x40, 0x00, 0x00, 0x00, 0x00, 0x00, 0x00, 0x00, 0x80, 0x02, 0x00, 0x50,
  0x04, 0x00, 0x09, 0x05, 0x00, 0x07, 0x00, 0x06, 0x00, 0x00, 0x00, 0x00, 0x20, 0x00, 0x11, 0x02,
  0x02, 0x50, 0x20, 0x20, 0x00, 0x03, 0x00, 0x0e, 0x00, 0x00, 0x00, 0x01, 0x12, 0x04, 0x00, 0x10,
  0x28, 0x04, 0x08, 0x00, 0x80, 0x01, 0xc0, 0x7c, 0x00, 0x00, 0x00, 0x00, 0x41, 0x10, 0xa5, 0x40,
  0x02, 0x00, 0x00, 0x10, 0x00, 0x00, 0xff, 0xe8, 0x00, 0x00, 0x00, 0x00, 0x08, 0x08, 0x00, 0x08,
  0x01, 0x00, 0x21, 0x00, 0x00, 0x00, 0x3f, 0xa0, 0x00, 0x00, 0x00, 0x00, 0x00, 0x01, 0x0a, 0x00,
  0x00, 0x00, 0x00, 0x08, 0x00, 0x00, 0x00, 0x00, 0x00, 0x00, 0x00, 0x00, 0x00, 0x10, 0x42, 0x00
};

const uint8_t PROGMEM frame67[1024] = {
  0x00, 0x00, 0x00, 0x00, 0x00, 0x00, 0x00, 0x00, 0x00, 0x00, 0x00, 0x00, 0x00, 0x00, 0x00, 0x00,
  0x01, 0x00, 0x00, 0x00, 0x08, 0x40, 0x00, 0x00, 0x00, 0x18, 0x00, 0x00, 0x00, 0x00, 0x08, 0x00,
  0x04, 0x00, 0x00, 0x00, 0x21, 0x20, 0x00, 0x00, 0x00, 0x18, 0x00, 0x00, 0x00, 0x11, 0x00, 0x00,
  0x00, 0x40, 0x00, 0x00, 0x14, 0x88, 0x00, 0x00, 0x10, 0x38, 0x00, 0x00, 0x00, 0x80, 0x00, 0x42,
  0x08, 0x01, 0x00, 0x00, 0x08, 0x24, 0x00, 0x00, 0x18, 0x30, 0x00, 0x00, 0x04, 0x20, 0x90, 0x84,
  0x20, 0x00, 0x00, 0x00, 0x22, 0x80, 0x00, 0x00, 0x0c, 0x00, 0x00, 0x00, 0x11, 0x04, 0x04, 0x00,
  0x00, 0x20, 0x00, 0x00, 0x08, 0x20, 0x00, 0x00, 0x00, 0x00, 0x00, 0x00, 0x40, 0x4a, 0x00, 0x40,
  0x00, 0x08, 0x00, 0x00, 0x01, 0x00, 0x00, 0x00, 0x01, 0xe0, 0x10, 0x00, 0x21, 0x00, 0x00, 0x08,
  0x02, 0x80, 0x00, 0x00, 0x54, 0x10, 0x00, 0x00, 0x03, 0xf9, 0xf0, 0x00, 0x04, 0x00, 0x88, 0x00,
  0x04, 0x08, 0x00, 0x01, 0x00, 0x00, 0x00, 0x00, 0x07, 0xf1, 0xf0, 0x00, 0x40, 0x08, 0x20, 0x00,
  0x01, 0x00, 0x00, 0x80, 0x24, 0x00, 0x00, 0x00, 0x07, 0xf8, 0x00, 0x00, 0x08, 0x01, 0x00, 0xa0,
  0x02, 0x00, 0x00, 0x00, 0x10, 0x04, 0x00, 0x01, 0xe7, 0xf8, 0x00, 0x00, 0x01, 0x08, 0x0a, 0x00,
  0x00, 0x50, 0x04, 0x10, 0x00, 0x40, 0x00, 0x01, 0xc3, 0xf0, 0x00, 0x00, 0x10, 0x11, 0x00, 0x00,
  0x02, 0x00, 0x00, 0x00, 0x00, 0x08, 0x00, 0x00, 0x01, 0xa2, 0x00, 0x00, 0x00, 0x02, 0x09, 0x04,
  0x00, 0x40, 0x01, 0x04, 0x22, 0x20, 0x00, 0x00, 0x00, 0x03, 0x00, 0x00, 0x00, 0x20, 0x10, 0x00,
  0x00, 0x00, 0x44, 0x21, 0x08, 0x00, 0x00, 0x00, 0x04, 0x03, 0xc0, 0x00, 0x00, 0x00, 0x00, 0x00,
  0x00, 0x00, 0x00, 0x82, 0x00, 0x00, 0x00, 0x00, 0x07, 0x00, 0xc0, 0x00, 0x00, 0x00, 0x40, 0x00,
  0x00, 0x00, 0x04, 0x08, 0x00, 0x05, 0x40, 0x00, 0x07, 0x00, 0x0b, 0x00, 0x40, 0x00, 0x00, 0x50,
  0x00, 0x00, 0x02, 0x00, 0x2c, 0x06, 0x80, 0x00, 0x0c, 0x03, 0x07, 0x20, 0x02, 0x00, 0x84, 0x00,
  0x01, 0x00, 0x00, 0x48, 0x0c, 0x86, 0x40, 0x00, 0x00, 0x01, 0xd3, 0x01, 0x08, 0x22, 0x08, 0x00,
  0x00, 0x80, 0x00, 0x04, 0x2c, 0x06, 0x10, 0x00, 0xc0, 0x01, 0xd6, 0x50, 0x40, 0x00, 0x00, 0x28,
  0x00, 0x00, 0x02, 0x20, 0x0c, 0x06, 0x04, 0x03, 0xf0, 0x00, 0x6f, 0x44, 0x80, 0x80, 0x04, 0x80,
  0x00, 0x00, 0x00, 0x02, 0x0c, 0x12, 0x06, 0x06, 0x38, 0x00, 0x75, 0x10, 0x00, 0x04, 0x12, 0x00,
  0x00, 0x00, 0x01, 0x00, 0x0c, 0x8e, 0x0f, 0x06, 0x18, 0x00, 0x3e, 0xc2, 0x14, 0x00, 0x00, 0x80,
  0x02, 0x48, 0x00, 0x00, 0x0c, 0x0e, 0x1f, 0x04, 0x18, 0x38, 0x1c, 0x08, 0x90, 0x00, 0x00, 0x00,
  0x00, 0x80, 0x00, 0x00, 0x0e, 0xff, 0x0e, 0x06, 0x18, 0x7e, 0x1c, 0x40, 0x40, 0x82, 0x00, 0x00,
  0x08, 0x48, 0x00, 0x00, 0x0f, 0xea, 0x1b, 0x83, 0x70, 0xc7, 0x19, 0x00, 0x02, 0x00, 0x00, 0x00,
  0x01, 0x22, 0x00, 0x00, 0x0e, 0x07, 0x7f, 0x07, 0xe0, 0x62, 0x18, 0x09, 0x09, 0x40, 0x00, 0x00,
  0x08, 0x40, 0x00, 0x28, 0x0c, 0x06, 0x7b, 0x83, 0x40, 0xc7, 0x30, 0x1c, 0x03, 0x00, 0x00, 0x00,
  0x01, 0x00, 0x00, 0x85, 0x0c, 0x02, 0x21, 0x83, 0x00, 0x6e, 0x18, 0x0c, 0x07, 0x00, 0x02, 0x00,
  0x00, 0xa0, 0x00, 0x20, 0x0c, 0x06, 0x11, 0x83, 0x00, 0x7c, 0x30, 0x06, 0x02, 0x00, 0x02, 0x00,
  0x00, 0x00, 0x00, 0x94, 0x0c, 0x06, 0x00, 0xc3, 0x00, 0x70, 0x70, 0x07, 0x06, 0x00, 0x00, 0x00,
  0x00, 0x00, 0x00, 0x40, 0x0c, 0x02, 0x00, 0x83, 0x00, 0x60, 0x60, 0x03, 0x06, 0x00, 0x00, 0x00,
  0x00, 0x80, 0x00, 0x08, 0x08, 0x06, 0x00, 0x01, 0x00, 0xc2, 0x40, 0x01, 0x8c, 0x00, 0x08, 0x00,
  0x00, 0x00, 0x00, 0x00, 0x1c, 0x02, 0x00, 0x00, 0x00, 0x48, 0x20, 0x40, 0xc4, 0x00, 0x01, 0x40,
  0x00, 0x00, 0x00, 0x00, 0x08, 0x00, 0x00, 0x00, 0x00, 0x00, 0x88, 0xe0, 0xec, 0x00, 0x22, 0x10,
  0x00, 0x00, 0x00, 0x00, 0x09, 0x20, 0x00, 0x14, 0x60, 0x00, 0x01, 0x60, 0x7c, 0x00, 0x01, 0x00,
  0x00, 0x00, 0x00, 0x00, 0x00, 0x68, 0x71, 0xff, 0x20, 0xd2, 0x54, 0xf0, 0x38, 0x00, 0x49, 0x28,
  0x00, 0x00, 0x00, 0x07, 0xc0, 0x00, 0xfc, 0x78, 0x70, 0xc9, 0x03, 0xe0, 0x18, 0x00, 0x10, 0x80,
  0x00, 0x00, 0x00, 0x0f, 0xc2, 0x00, 0xcc, 0x10, 0x60, 0xe2, 0x51, 0xb8, 0x18, 0x00, 0x02, 0x00,
  0x00, 0x00, 0x00, 0x18, 0x60, 0x4a, 0xcc, 0x38, 0x36, 0xc0, 0x8f, 0xf8, 0x30, 0x00, 0x01, 0x00,
  0x00, 0x00, 0x00, 0x0c, 0xc0, 0x30, 0xdc, 0x10, 0x7f, 0xc6, 0xa7, 0x58, 0x18, 0x00, 0x01, 0x00,
  0x00, 0x00, 0x00, 0x19, 0xe4, 0x60, 0xf8, 0x38, 0x60, 0xcb, 0xc3, 0x18, 0x30, 0x00, 0x00, 0x00,
  0x00, 0xa1, 0x40, 0x0f, 0xf8, 0x31, 0xf0, 0x10, 0x60, 0xc6, 0xe2, 0x1c, 0x61, 0x20, 0x00, 0x00,
  0x02, 0x00, 0x00, 0x0f, 0x2d, 0x31, 0xb8, 0x38, 0x60, 0x8e, 0x68, 0x0c, 0x34, 0x00, 0x00, 0x00,
  0x00, 0x80, 0x00, 0x0e, 0x1c, 0x30, 0x8e, 0x10, 0x60, 0xcc, 0xb0, 0x44, 0x60, 0x08, 0x01, 0x00,
  0x05, 0x22, 0x00, 0x0c, 0x0c, 0x69, 0x87, 0x38, 0x60, 0x8c, 0x71, 0x00, 0x61, 0x20, 0x00, 0x00,
  0x00, 0x88, 0x40, 0x0c, 0x2c, 0x30, 0x00, 0x10, 0xa0, 0x06, 0x68, 0x20, 0xc4, 0x42, 0x00, 0x00,
  0x0a, 0x04, 0x00, 0x0c, 0x0c, 0x70, 0x00, 0x38, 0x00, 0x0c, 0x62, 0x44, 0xc2, 0x00, 0x00, 0x00,
  0x00, 0x40, 0x80, 0x0c, 0x18, 0x20, 0x00, 0x10, 0x00, 0x0d, 0xe4, 0x00, 0x90, 0x40, 0x00, 0x00,
  0x00, 0x88, 0x00, 0x0c, 0x38, 0x00, 0x00, 0x00, 0x00, 0x07, 0x90, 0x20, 0x80, 0x00, 0x00, 0x00,
  0x12, 0x02, 0x00, 0x2c, 0x70, 0x00, 0x00, 0x00, 0x00, 0x0f, 0x40, 0x80, 0x00, 0x00, 0x00, 0x00,
  0x01, 0x00, 0x00, 0x0d, 0xe0, 0x00, 0x00, 0x00, 0x00, 0x00, 0x40, 0x00, 0x04, 0x00, 0x11, 0x00,
  0x21, 0x42, 0x00, 0x0f, 0x80, 0x00, 0x00, 0x00, 0x00, 0x02, 0x04, 0x00, 0x00, 0x04, 0x00, 0x00,
  0x10, 0x00, 0x02, 0x0f, 0x00, 0x00, 0x00, 0x00, 0x00, 0x00, 0x08, 0x82, 0x52, 0x10, 0x09, 0x00,
  0x42, 0xa0, 0x00, 0x4a, 0x00, 0x00, 0x60, 0x10, 0x00, 0x00, 0x10, 0x00, 0x00, 0x00, 0x02, 0x88,
  0x04, 0x00, 0x14, 0x01, 0x00, 0x00, 0x40, 0x10, 0x00, 0x00, 0x01, 0x02, 0x09, 0x40, 0x12, 0x04,
  0x21, 0x50, 0x08, 0x28, 0x40, 0x00, 0x00, 0x00, 0x00, 0x00, 0x00, 0x00, 0x80, 0x02, 0x00, 0x50,
  0x04, 0x00, 0x09, 0x05, 0x00, 0x07, 0x00, 0x06, 0x00, 0x00, 0x00, 0x00, 0x20, 0x00, 0x11, 0x02,
  0x02, 0x50, 0x20, 0x20, 0x00, 0x03, 0x00, 0x0e, 0x00, 0x00, 0x00, 0x01, 0x12, 0x04, 0x00, 0x10,
  0x28, 0x04, 0x08, 0x00, 0x80, 0x01, 0xc0, 0x7c, 0x00, 0x00, 0x00, 0x00, 0x41, 0x10, 0xa5, 0x40,
  0x02, 0x00, 0x00, 0x10, 0x00, 0x00, 0xff, 0xe8, 0x00, 0x00, 0x00, 0x00, 0x08, 0x08, 0x00, 0x08,
  0x01, 0x00, 0x21, 0x00, 0x00, 0x00, 0x3f, 0xa0, 0x00, 0x00, 0x00, 0x00, 0x00, 0x01, 0x0a, 0x00,
  0x00, 0x00, 0x00, 0x08, 0x00, 0x00, 0x00, 0x00, 0x00, 0x00, 0x00, 0x00, 0x00, 0x10, 0x42, 0x00
};

const uint8_t PROGMEM frame68[1024] = {
  0x00, 0x00, 0x00, 0x00, 0x00, 0x00, 0x00, 0x00, 0x00, 0x00, 0x00, 0x00, 0x00, 0x00, 0x00, 0x00,
  0x01, 0x00, 0x00, 0x00, 0x08, 0x40, 0x00, 0x00, 0x00, 0x18, 0x00, 0x00, 0x00, 0x00, 0x08, 0x00,
  0x04, 0x00, 0x00, 0x00, 0x21, 0x20, 0x00, 0x00, 0x00, 0x18, 0x00, 0x00, 0x00, 0x11, 0x00, 0x00,
  0x00, 0x40, 0x00, 0x00, 0x14, 0x88, 0x00, 0x00, 0x10, 0x38, 0x00, 0x00, 0x00, 0x80, 0x00, 0x42,
  0x08, 0x01, 0x00, 0x00, 0x08, 0x24, 0x00, 0x00, 0x18, 0x30, 0x00, 0x00, 0x04, 0x20, 0x90, 0x84,
  0x20, 0x00, 0x00, 0x00, 0x22, 0x80, 0x00, 0x00, 0x0c, 0x00, 0x00, 0x00, 0x11, 0x04, 0x04, 0x00,
  0x00, 0x20, 0x00, 0x00, 0x08, 0x20, 0x00, 0x00, 0x00, 0x00, 0x00, 0x00, 0x40, 0x4a, 0x00, 0x40,
  0x00, 0x08, 0x00, 0x00, 0x01, 0x00, 0x00, 0x00, 0x01, 0xe0, 0x10, 0x00, 0x21, 0x00, 0x00, 0x08,
  0x02, 0x80, 0x00, 0x00, 0x54, 0x10, 0x00, 0x00, 0x03, 0xf9, 0xf0, 0x00, 0x04, 0x00, 0x88, 0x00,
  0x04, 0x08, 0x00, 0x01, 0x00, 0x00, 0x00, 0x00, 0x07, 0xf1, 0xf0, 0x00, 0x40, 0x08, 0x20, 0x00,
  0x01, 0x00, 0x00, 0x80, 0x24, 0x00, 0x00, 0x00, 0x07, 0xf8, 0x00, 0x00, 0x08, 0x01, 0x00, 0xa0,
  0x02, 0x00, 0x00, 0x00, 0x10, 0x04, 0x00, 0x01, 0xe7, 0xf8, 0x00, 0x00, 0x01, 0x08, 0x0a, 0x00,
  0x00, 0x50, 0x04, 0x10, 0x00, 0x40, 0x00, 0x01, 0xc3, 0xf0, 0x00, 0x00, 0x10, 0x11, 0x00, 0x00,
  0x02, 0x00, 0x00, 0x00, 0x00, 0x08, 0x00, 0x00, 0x01, 0xa2, 0x00, 0x00, 0x00, 0x02, 0x09, 0x04,
  0x00, 0x40, 0x01, 0x04, 0x22, 0x20, 0x00, 0x00, 0x00, 0x03, 0x00, 0x00, 0x00, 0x20, 0x10, 0x00,
  0x00, 0x00, 0x44, 0x21, 0x08, 0x00, 0x00, 0x00, 0x04, 0x03, 0xc0, 0x00, 0x00, 0x00, 0x00, 0x00,
  0x00, 0x00, 0x00, 0x82, 0x00, 0x00, 0x00, 0x00, 0x07, 0x00, 0xc0, 0x00, 0x00, 0x00, 0x40, 0x00,
  0x00, 0x00, 0x04, 0x08, 0x00, 0x06, 0x80, 0x00, 0x07, 0x00, 0x09, 0x00, 0x40, 0x00, 0x00, 0x50,
  0x00, 0x00, 0x02, 0x00, 0x2c, 0x06, 0x40, 0x00, 0x0c, 0x01, 0x05, 0x80, 0x02, 0x00, 0x84, 0x00,
  0x01, 0x00, 0x00, 0x48, 0x1a, 0x12, 0x80, 0x00, 0x00, 0x01, 0xa3, 0x21, 0x08, 0x22, 0x08, 0x00,
  0x00, 0x80, 0x00, 0x04, 0x0c, 0x46, 0x20, 0x00, 0x00, 0x01, 0xdb, 0x10, 0x40, 0x00, 0x00, 0x28,
  0x00, 0x00, 0x02, 0x20, 0x48, 0x06, 0x04, 0x03, 0xe0, 0x00, 0x67, 0xa4, 0x80, 0x80, 0x04, 0x80,
  0x00, 0x00, 0x00, 0x02, 0x0c, 0x0c, 0x06, 0x07, 0x70, 0x00, 0x7a, 0x82, 0x00, 0x04, 0x12, 0x00,
  0x00, 0x00, 0x01, 0x00, 0x08, 0x0e, 0x0e, 0x04, 0x38, 0x10, 0x3f, 0x48, 0x14, 0x00, 0x00, 0x80,
  0x02, 0x48, 0x00, 0x00, 0x0c, 0xb6, 0x0f, 0x0e, 0x18, 0x7c, 0x5c, 0x00, 0x80, 0x00, 0x00, 0x00,
  0x00, 0x80, 0x00, 0x00, 0x0d, 0xfe, 0x0f, 0x04, 0x18, 0xf6, 0x0e, 0x50, 0x52, 0x02, 0x00, 0x00,
  0x08, 0x48, 0x00, 0x00, 0x0f, 0xa6, 0x1b, 0x06, 0x70, 0xc6, 0x0c, 0x19, 0x03, 0x40, 0x00, 0x00,
  0x01, 0x22, 0x00, 0x00, 0x0c, 0x06, 0x5d, 0x86, 0xe0, 0xc6, 0x1c, 0x18, 0x06, 0x00, 0x00, 0x00,
  0x08, 0x40, 0x00, 0x28, 0x0c, 0x06, 0x7f, 0x83, 0xa0, 0xc6, 0x18, 0x0e, 0x06, 0x80, 0x00, 0x00,
  0x01, 0x00, 0x00, 0x84, 0x18, 0x06, 0x35, 0x87, 0x00, 0x7c, 0x18, 0x0c, 0x06, 0x00, 0x02, 0x00,
  0x00, 0xa0, 0x00, 0x22, 0x0c, 0x04, 0x21, 0x82, 0x00, 0xf8, 0x18, 0x07, 0x0c, 0x00, 0x02, 0x00,
  0x00, 0x00, 0x00, 0x90, 0x18, 0x06, 0x00, 0xc7, 0x00, 0x60, 0x30, 0x03, 0x06, 0x00, 0x00, 0x00,
  0x00, 0x00, 0x00, 0x48, 0x0c, 0x06, 0x01, 0xc3, 0x00, 0xc0, 0x70, 0x01, 0x8c, 0x00, 0x00, 0x00,
  0x00, 0x80, 0x00, 0x00, 0x18, 0x06, 0x00, 0x03, 0x00, 0xc2, 0x30, 0x01, 0xcc, 0x00, 0x08, 0x00,
  0x00, 0x00, 0x00, 0x00, 0x18, 0x04, 0x00, 0x00, 0x00, 0x28, 0xa0, 0x60, 0xe8, 0x00, 0x21, 0x40,
  0x00, 0x00, 0x00, 0x00, 0x10, 0x00, 0x00, 0x02, 0x00, 0x00, 0x00, 0xe0, 0x7c, 0x00, 0x02, 0x10,
  0x00, 0x00, 0x00, 0x00, 0x05, 0x40, 0x01, 0xfe, 0x00, 0x00, 0x8a, 0xf0, 0x38, 0x00, 0x21, 0x00,
  0x00, 0x00, 0x00, 0x01, 0xc0, 0x68, 0x08, 0xd8, 0x60, 0x08, 0x21, 0xf0, 0x30, 0x00, 0x02, 0x50,
  0x00, 0x00, 0x00, 0x07, 0xe0, 0x00, 0x78, 0x30, 0x40, 0xe5, 0x4a, 0xb0, 0x10, 0x00, 0x24, 0x80,
  0x00, 0x00, 0x00, 0x0e, 0x72, 0x00, 0x6e, 0x30, 0x60, 0xc0, 0x87, 0xf8, 0x30, 0x00, 0x01, 0x00,
  0x00, 0x00, 0x00, 0x04, 0x30, 0x44, 0xe6, 0x30, 0x60, 0xc4, 0x57, 0xd8, 0x30, 0x00, 0x01, 0x00,
  0x00, 0x00, 0x00, 0x06, 0xe0, 0x30, 0x4c, 0x10, 0x77, 0xc3, 0x8b, 0x1c, 0x60, 0x00, 0x00, 0x00,
  0x00, 0x00, 0x00, 0x06, 0xfc, 0x60, 0xfc, 0x30, 0x7e, 0xc7, 0xe2, 0x18, 0x21, 0x00, 0x00, 0x00,
  0x00, 0xa1, 0x40, 0x07, 0xfe, 0x64, 0xf8, 0x30, 0x60, 0xc6, 0xe1, 0x0c, 0x60, 0x20, 0x02, 0x00,
  0x02, 0x00, 0x00, 0x0f, 0x06, 0x60, 0x7a, 0x30, 0xe0, 0x8e, 0x74, 0x0d, 0x68, 0x00, 0x00, 0x00,
  0x00, 0x80, 0x00, 0x06, 0x16, 0x70, 0xce, 0x30, 0x40, 0xc6, 0x30, 0x00, 0xc1, 0x08, 0x00, 0x00,
  0x05, 0x22, 0x00, 0x06, 0x06, 0xc0, 0xc7, 0xb0, 0xe0, 0xcc, 0x70, 0x80, 0xc8, 0x20, 0x00, 0x00,
  0x00, 0x88, 0x40, 0x06, 0x2e, 0x64, 0x00, 0x30, 0x40, 0x86, 0x75, 0x20, 0xa2, 0x82, 0x00, 0x00,
  0x0a, 0x04, 0x00, 0x06, 0x0a, 0x60, 0x00, 0x30, 0xc0, 0x0d, 0x60, 0x05, 0x81, 0x00, 0x00, 0x00,
  0x00, 0x40, 0x80, 0x06, 0x1c, 0x60, 0x00, 0x00, 0x00, 0x06, 0xd2, 0x20, 0x04, 0x00, 0x00, 0x00,
  0x00, 0x88, 0x00, 0x06, 0x30, 0x00, 0x00, 0x00, 0x00, 0x0f, 0xc0, 0x00, 0x00, 0x00, 0x00, 0x00,
  0x12, 0x02, 0x00, 0x16, 0x70, 0x00, 0x00, 0x00, 0x00, 0x06, 0xa0, 0x40, 0x00, 0x00, 0x00, 0x08,
  0x01, 0x00, 0x00, 0x07, 0xd0, 0x00, 0x00, 0x00, 0x00, 0x00, 0x42, 0x00, 0x00, 0x00, 0x11, 0x00,
  0x21, 0x42, 0x00, 0x0b, 0xc0, 0x00, 0x00, 0x00, 0x00, 0x00, 0x00, 0x20, 0x12, 0x0a, 0x00, 0x80,
  0x10, 0x00, 0x02, 0x17, 0x00, 0x00, 0x00, 0x00, 0x00, 0x01, 0x08, 0x82, 0x80, 0x00, 0x04, 0x00,
  0x42, 0xa0, 0x00, 0x44, 0x00, 0x00, 0x60, 0x10, 0x00, 0x00, 0x01, 0x00, 0x12, 0x28, 0x02, 0x84,
  0x04, 0x00, 0x14, 0x11, 0x00, 0x00, 0x40, 0x10, 0x00, 0x00, 0x00, 0x01, 0x00, 0x80, 0x14, 0x00,
  0x21, 0x50, 0x08, 0x20, 0x40, 0x00, 0x00, 0x00, 0x00, 0x00, 0x00, 0x00, 0x10, 0x00, 0x01, 0x24,
  0x04, 0x00, 0x09, 0x0a, 0x00, 0x06, 0x00, 0x06, 0x00, 0x00, 0x01, 0x01, 0x21, 0x00, 0x08, 0x10,
  0x02, 0x50, 0x20, 0x01, 0x00, 0x03, 0x80, 0x0e, 0x00, 0x00, 0x00, 0x00, 0x04, 0x04, 0x20, 0x80,
  0x28, 0x04, 0x08, 0x10, 0x00, 0x01, 0xc0, 0x78, 0x00, 0x00, 0x00, 0x00, 0x90, 0x00, 0x82, 0x11,
  0x02, 0x00, 0x00, 0x00, 0x00, 0x00, 0xff, 0xd4, 0x00, 0x00, 0x00, 0x00, 0x02, 0x14, 0x24, 0x84,
  0x01, 0x00, 0x21, 0x10, 0x00, 0x00, 0x1f, 0xa0, 0x00, 0x00, 0x00, 0x00, 0x00, 0x08, 0x00, 0x00,
  0x00, 0x00, 0x00, 0x00, 0x00, 0x00, 0x00, 0x00, 0x00, 0x00, 0x00, 0x00, 0x00, 0x10, 0x85, 0x08
};

const uint8_t PROGMEM frame69[1024] = {
  0x00, 0x00, 0x00, 0x00, 0x00, 0x00, 0x00, 0x00, 0x00, 0x00, 0x00, 0x00, 0x00, 0x00, 0x00, 0x00,
  0x00, 0x00, 0x00, 0x00, 0x00, 0x50, 0x00, 0x00, 0x00, 0x18, 0x00, 0x00, 0x00, 0x00, 0x08, 0x00,
  0x04, 0x88, 0x00, 0x00, 0x28, 0x84, 0x00, 0x00, 0x00, 0x18, 0x00, 0x00, 0x00, 0x14, 0x00, 0x00,
  0x00, 0x00, 0x00, 0x00, 0x00, 0x10, 0x00, 0x00, 0x10, 0x38, 0x00, 0x00, 0x00, 0x80, 0x80, 0x04,
  0x04, 0x00, 0x00, 0x00, 0x14, 0x84, 0x00, 0x00, 0x18, 0x30, 0x00, 0x00, 0x04, 0x20, 0x20, 0x82,
  0x10, 0x01, 0x00, 0x00, 0x02, 0x52, 0x00, 0x00, 0x0c, 0x00, 0x00, 0x00, 0x01, 0x45, 0x04, 0x00,
  0x00, 0x40, 0x00, 0x00, 0x50, 0x80, 0x00, 0x00, 0x00, 0x00, 0x00, 0x00, 0x40, 0x08, 0x00, 0x48,
  0x00, 0x14, 0x00, 0x00, 0x02, 0x00, 0x00, 0x00, 0x01, 0xe0, 0x10, 0x00, 0x29, 0x20, 0x80, 0x00,
  0x02, 0x00, 0x00, 0x00, 0x50, 0x20, 0x00, 0x00, 0x03, 0xf9, 0xf0, 0x00, 0x00, 0x00, 0x00, 0x01,
  0x08, 0x80, 0x00, 0x00, 0x08, 0x08, 0x00, 0x00, 0x07, 0xf1, 0xf0, 0x00, 0x88, 0x44, 0x88, 0x40,
  0x02, 0x08, 0x00, 0x80, 0x20, 0x00, 0x00, 0x00, 0x07, 0xf8, 0x00, 0x00, 0x20, 0x00, 0x02, 0x08,
  0x00, 0x00, 0x00, 0x21, 0x08, 0x20, 0x00, 0x01, 0xe7, 0xf8, 0x00, 0x00, 0x00, 0x01, 0x44, 0x80,
  0x02, 0x20, 0x04, 0x00, 0x02, 0x02, 0x00, 0x01, 0xc3, 0xf0, 0x00, 0x00, 0x00, 0x14, 0x08, 0x00,
  0x01, 0x08, 0x00, 0x00, 0x00, 0x44, 0x00, 0x00, 0x01, 0xa2, 0x00, 0x00, 0x00, 0x00, 0x00, 0x04,
  0x00, 0x20, 0x01, 0x04, 0x10, 0x08, 0x00, 0x00, 0x00, 0x03, 0x00, 0x00, 0x00, 0x48, 0x00, 0x00,
  0x00, 0x00, 0x42, 0x22, 0x42, 0x00, 0x00, 0x00, 0x04, 0x03, 0xc0, 0x00, 0x00, 0x01, 0x00, 0x00,
  0x00, 0x00, 0x08, 0x08, 0x00, 0x00, 0x00, 0x00, 0x07, 0x00, 0xc4, 0x00, 0x04, 0x00, 0x20, 0x82,
  0x00, 0x00, 0x02, 0x40, 0x08, 0x02, 0x00, 0x00, 0x07, 0x00, 0x11, 0x00, 0x40, 0x00, 0x04, 0x28,
  0x00, 0x00, 0x00, 0x00, 0x4c, 0x06, 0x80, 0x00, 0x0c, 0x01, 0x05, 0x42, 0x02, 0x00, 0x80, 0x00,
  0x01, 0x00, 0x09, 0x2a, 0x0a, 0x16, 0x50, 0x00, 0x00, 0x01, 0xd3, 0x10, 0x20, 0x20, 0x08, 0x00,
  0x00, 0x80, 0x00, 0x00, 0x1c, 0x44, 0x00, 0x00, 0x00, 0x01, 0xcb, 0x40, 0x84, 0x04, 0x04, 0x20,
  0x00, 0x00, 0x02, 0x04, 0x08, 0x06, 0x08, 0x03, 0xe0, 0x00, 0x67, 0x52, 0x00, 0x00, 0x00, 0x00,
  0x00, 0x00, 0x00, 0x00, 0x2c, 0x06, 0x06, 0x07, 0x70, 0x00, 0xba, 0x88, 0x40, 0x40, 0x04, 0x80,
  0x00, 0x00, 0x01, 0x12, 0x08, 0x4e, 0x0e, 0x04, 0x38, 0x10, 0x7f, 0x21, 0x00, 0x04, 0x84, 0x50,
  0x01, 0x50, 0x00, 0x00, 0x0c, 0x3c, 0x0f, 0x0e, 0x18, 0x7c, 0x1c, 0x80, 0x14, 0x00, 0x00, 0x00,
  0x04, 0x00, 0x00, 0x00, 0x0d, 0xfe, 0x0f, 0x04, 0x18, 0xf6, 0x16, 0x21, 0x41, 0x00, 0x00, 0x80,
  0x08, 0x48, 0x00, 0x00, 0x0f, 0xc6, 0x1b, 0x06, 0x30, 0xc6, 0x4c, 0x18, 0x06, 0x40, 0x00, 0x00,
  0x00, 0x82, 0x00, 0x10, 0x0c, 0x06, 0xbd, 0x86, 0xf0, 0xc6, 0x1c, 0x1c, 0x06, 0x00, 0x00, 0x00,
  0x00, 0x20, 0x00, 0x20, 0x0c, 0x06, 0x7f, 0x87, 0xc0, 0xc6, 0x0a, 0x0c, 0x06, 0x80, 0x00, 0x00,
  0x02, 0x80, 0x00, 0x0a, 0x18, 0x06, 0x35, 0x83, 0x00, 0x7c, 0x18, 0x06, 0x0c, 0x00, 0x02, 0x00,
  0x00, 0x20, 0x00, 0x80, 0x0c, 0x04, 0x21, 0x86, 0x00, 0xf8, 0x38, 0x07, 0x06, 0x40, 0x01, 0x00,
  0x00, 0x80, 0x01, 0x2a, 0x18, 0x06, 0x00, 0xc3, 0x00, 0x60, 0x10, 0x03, 0x8c, 0x00, 0x00, 0x00,
  0x00, 0x00, 0x00, 0x08, 0x0c, 0x06, 0x00, 0xc6, 0x00, 0xc0, 0x70, 0x01, 0x8c, 0x00, 0x00, 0x00,
  0x00, 0x00, 0x00, 0x20, 0x18, 0x06, 0x00, 0x03, 0x00, 0x60, 0x70, 0x01, 0xcc, 0x00, 0x08, 0x00,
  0x00, 0x00, 0x00, 0x00, 0x18, 0x00, 0x00, 0x00, 0x00, 0x8a, 0x20, 0x60, 0x68, 0x00, 0x00, 0x80,
  0x00, 0x00, 0x00, 0x00, 0x10, 0x00, 0x00, 0x02, 0x00, 0x00, 0x84, 0xe0, 0x78, 0x00, 0x22, 0x10,
  0x00, 0x00, 0x00, 0x00, 0x02, 0x40, 0x01, 0xfe, 0x00, 0x01, 0x00, 0xf0, 0x38, 0x00, 0x08, 0x80,
  0x00, 0x00, 0x00, 0x02, 0xc0, 0x6a, 0x11, 0x78, 0x60, 0x14, 0x25, 0xf0, 0x30, 0x00, 0x41, 0x10,
  0x00, 0x00, 0x00, 0x07, 0xe0, 0x00, 0x7c, 0x30, 0x60, 0xd1, 0x11, 0x98, 0x18, 0x00, 0x00, 0x00,
  0x00, 0x00, 0x00, 0x0d, 0x72, 0x10, 0x6c, 0x30, 0x40, 0xc4, 0xa7, 0xf8, 0x30, 0x00, 0x05, 0x80,
  0x00, 0x00, 0x00, 0x06, 0x30, 0x40, 0xc6, 0x30, 0x61, 0xc0, 0x8f, 0xf8, 0x30, 0x00, 0x00, 0x00,
  0x00, 0x02, 0x00, 0x04, 0x60, 0x62, 0x6e, 0x10, 0x7e, 0xc7, 0xa3, 0x18, 0x60, 0x00, 0x02, 0x00,
  0x00, 0x40, 0x00, 0x07, 0xfc, 0x68, 0xfc, 0x30, 0x77, 0xc7, 0xd2, 0x0c, 0x20, 0x00, 0x00, 0x00,
  0x00, 0x00, 0x40, 0x0f, 0xfe, 0x60, 0x78, 0x30, 0x60, 0xc6, 0x60, 0x0c, 0x60, 0x20, 0x00, 0x00,
  0x02, 0x40, 0x00, 0x07, 0x06, 0x61, 0x78, 0x30, 0xe0, 0x4d, 0x74, 0x4d, 0x6a, 0x00, 0x01, 0x00,
  0x00, 0x02, 0x00, 0x06, 0x16, 0x60, 0xce, 0x30, 0x60, 0xc6, 0x71, 0x00, 0xc0, 0x88, 0x00, 0x00,
  0x02, 0xa0, 0x80, 0x06, 0x06, 0xa8, 0xc7, 0xb0, 0xc0, 0xc6, 0x34, 0x00, 0xd0, 0x20, 0x00, 0x00,
  0x00, 0x09, 0x00, 0x06, 0x2e, 0x60, 0x01, 0x30, 0x60, 0x8e, 0x70, 0x40, 0x85, 0x02, 0x00, 0x00,
  0x0a, 0x80, 0x00, 0x06, 0x0c, 0x60, 0x00, 0x10, 0x80, 0x04, 0xe2, 0x24, 0xc0, 0x80, 0x00, 0x00,
  0x00, 0x22, 0x00, 0x06, 0x1c, 0x60, 0x00, 0x10, 0x00, 0x0e, 0xd0, 0x01, 0x0a, 0x00, 0x00, 0x00,
  0x00, 0x80, 0x00, 0x06, 0x38, 0x00, 0x00, 0x00, 0x00, 0x0f, 0xc8, 0x80, 0x00, 0x10, 0x00, 0x00,
  0x0a, 0x49, 0x00, 0x26, 0x70, 0x00, 0x00, 0x00, 0x00, 0x06, 0xa0, 0x22, 0x00, 0x00, 0x00, 0x04,
  0x00, 0x00, 0x00, 0x07, 0xe0, 0x00, 0x00, 0x00, 0x00, 0x00, 0x40, 0x80, 0x04, 0x00, 0x01, 0x00,
  0x21, 0x02, 0x00, 0x07, 0x80, 0x00, 0x00, 0x00, 0x00, 0x00, 0x00, 0x00, 0x00, 0x04, 0x02, 0x00,
  0x10, 0x80, 0x02, 0x0b, 0x40, 0x00, 0x00, 0x00, 0x00, 0x01, 0x00, 0x00, 0x11, 0x00, 0x08, 0x40,
  0x01, 0x00, 0x00, 0x50, 0x00, 0x00, 0x60, 0x10, 0x00, 0x00, 0x01, 0x04, 0x00, 0x28, 0x01, 0x04,
  0x54, 0x50, 0x04, 0x0b, 0x00, 0x00, 0x40, 0x10, 0x00, 0x04, 0x10, 0x81, 0x09, 0x00, 0x08, 0x00,
  0x02, 0x00, 0x14, 0x20, 0x80, 0x00, 0x00, 0x00, 0x00, 0x00, 0x01, 0x00, 0x40, 0x00, 0x05, 0x24,
  0x04, 0xa8, 0x08, 0x04, 0x40, 0x07, 0x00, 0x06, 0x00, 0x00, 0x00, 0x00, 0x81, 0x04, 0x10, 0x00,
  0x41, 0x00, 0x00, 0x21, 0x00, 0x03, 0x00, 0x0e, 0x00, 0x00, 0x00, 0x02, 0x24, 0x10, 0x00, 0x90,
  0x08, 0x12, 0x29, 0x12, 0x00, 0x01, 0xe0, 0x78, 0x00, 0x00, 0x00, 0x00, 0x01, 0x00, 0x24, 0x04,
  0x0a, 0x00, 0x00, 0x00, 0x00, 0x00, 0xff, 0xd0, 0x00, 0x00, 0x00, 0x00, 0x14, 0x08, 0x82, 0x90,
  0x00, 0x04, 0x20, 0x10, 0x00, 0x00, 0x1f, 0xa0, 0x00, 0x00, 0x00, 0x01, 0x00, 0x01, 0x04, 0x00,
  0x02, 0x00, 0x01, 0x00, 0x00, 0x00, 0x00, 0x00, 0x00, 0x00, 0x00, 0x00, 0x00, 0x10, 0x20, 0x00
};

const uint8_t PROGMEM frame70[1024] = {
  0x00, 0x00, 0x00, 0x00, 0x00, 0x00, 0x00, 0x00, 0x00, 0x00, 0x00, 0x00, 0x00, 0x00, 0x00, 0x00,
  0x00, 0x00, 0x00, 0x00, 0x00, 0x50, 0x00, 0x00, 0x00, 0x18, 0x00, 0x00, 0x00, 0x00, 0x08, 0x00,
  0x04, 0x88, 0x00, 0x00, 0x28, 0x84, 0x00, 0x00, 0x00, 0x18, 0x00, 0x00, 0x00, 0x14, 0x00, 0x00,
  0x00, 0x00, 0x00, 0x00, 0x00, 0x10, 0x00, 0x00, 0x10, 0x38, 0x00, 0x00, 0x00, 0x80, 0x80, 0x04,
  0x04, 0x00, 0x00, 0x00, 0x14, 0x84, 0x00, 0x00, 0x18, 0x30, 0x00, 0x00, 0x04, 0x20, 0x20, 0x82,
  0x10, 0x01, 0x00, 0x00, 0x02, 0x52, 0x00, 0x00, 0x0c, 0x00, 0x00, 0x00, 0x01, 0x45, 0x04, 0x00,
  0x00, 0x40, 0x00, 0x00, 0x50, 0x80, 0x00, 0x00, 0x00, 0x00, 0x00, 0x00, 0x40, 0x08, 0x00, 0x48,
  0x00, 0x14, 0x00, 0x00, 0x02, 0x00, 0x00, 0x00, 0x01, 0xe0, 0x10, 0x00, 0x29, 0x20, 0x80, 0x00,
  0x02, 0x00, 0x00, 0x00, 0x50, 0x20, 0x00, 0x00, 0x03, 0xf9, 0xf0, 0x00, 0x00, 0x00, 0x00, 0x01,
  0x08, 0x80, 0x00, 0x00, 0x08, 0x08, 0x00, 0x00, 0x07, 0xf1, 0xf0, 0x00, 0x88, 0x44, 0x88, 0x40,
  0x02, 0x08, 0x00, 0x80, 0x20, 0x00, 0x00, 0x00, 0x07, 0xf8, 0x00, 0x00, 0x20, 0x00, 0x02, 0x08,
  0x00, 0x00, 0x00, 0x21, 0x08, 0x20, 0x00, 0x01, 0xe7, 0xf8, 0x00, 0x00, 0x00, 0x01, 0x44, 0x80,
  0x02, 0x20, 0x04, 0x00, 0x02, 0x02, 0x00, 0x01, 0xc3, 0xf0, 0x00, 0x00, 0x00, 0x14, 0x08, 0x00,
  0x01, 0x08, 0x00, 0x00, 0x00, 0x44, 0x00, 0x00, 0x01, 0xa2, 0x00, 0x00, 0x00, 0x00, 0x00, 0x04,
  0x00, 0x20, 0x01, 0x04, 0x10, 0x08, 0x00, 0x00, 0x00, 0x03, 0x00, 0x00, 0x00, 0x48, 0x00, 0x00,
  0x00, 0x00, 0x42, 0x22, 0x42, 0x00, 0x00, 0x00, 0x04, 0x03, 0xc0, 0x00, 0x00, 0x01, 0x00, 0x00,
  0x00, 0x00, 0x08, 0x08, 0x00, 0x00, 0x00, 0x00, 0x07, 0x00, 0xc4, 0x00, 0x04, 0x00, 0x20, 0x82,
  0x00, 0x00, 0x02, 0x40, 0x08, 0x02, 0x00, 0x00, 0x07, 0x00, 0x11, 0x00, 0x40, 0x00, 0x04, 0x28,
  0x00, 0x00, 0x00, 0x00, 0x4c, 0x06, 0x80, 0x00, 0x0c, 0x01, 0x05, 0x42, 0x02, 0x00, 0x80, 0x00,
  0x01, 0x00, 0x09, 0x2a, 0x0a, 0x16, 0x50, 0x00, 0x00, 0x01, 0xd3, 0x10, 0x20, 0x20, 0x08, 0x00,
  0x00, 0x80, 0x00, 0x00, 0x1c, 0x44, 0x00, 0x00, 0x00, 0x01, 0xcb, 0x40, 0x84, 0x04, 0x04, 0x20,
  0x00, 0x00, 0x02, 0x04, 0x08, 0x06, 0x08, 0x03, 0xe0, 0x00, 0x67, 0x52, 0x00, 0x00, 0x00, 0x00,
  0x00, 0x00, 0x00, 0x00, 0x2c, 0x06, 0x06, 0x07, 0x70, 0x00, 0xba, 0x88, 0x40, 0x40, 0x04, 0x80,
  0x00, 0x00, 0x01, 0x12, 0x08, 0x4e, 0x0e, 0x04, 0x38, 0x10, 0x7f, 0x21, 0x00, 0x04, 0x84, 0x50,
  0x01, 0x50, 0x00, 0x00, 0x0c, 0x3c, 0x0f, 0x0e, 0x18, 0x7c, 0x1c, 0x80, 0x14, 0x00, 0x00, 0x00,
  0x04, 0x00, 0x00, 0x00, 0x0d, 0xfe, 0x0f, 0x04, 0x18, 0xf6, 0x16, 0x21, 0x41, 0x00, 0x00, 0x80,
  0x08, 0x48, 0x00, 0x00, 0x0f, 0xc6, 0x1b, 0x06, 0x30, 0xc6, 0x4c, 0x18, 0x06, 0x40, 0x00, 0x00,
  0x00, 0x82, 0x00, 0x10, 0x0c, 0x06, 0xbd, 0x86, 0xf0, 0xc6, 0x1c, 0x1c, 0x06, 0x00, 0x00, 0x00,
  0x00, 0x20, 0x00, 0x20, 0x0c, 0x06, 0x7f, 0x87, 0xc0, 0xc6, 0x0a, 0x0c, 0x06, 0x80, 0x00, 0x00,
  0x02, 0x80, 0x00, 0x0a, 0x18, 0x06, 0x35, 0x83, 0x00, 0x7c, 0x18, 0x06, 0x0c, 0x00, 0x02, 0x00,
  0x00, 0x20, 0x00, 0x80, 0x0c, 0x04, 0x21, 0x86, 0x00, 0xf8, 0x38, 0x07, 0x06, 0x40, 0x01, 0x00,
  0x00, 0x80, 0x01, 0x2a, 0x18, 0x06, 0x00, 0xc3, 0x00, 0x60, 0x10, 0x03, 0x8c, 0x00, 0x00, 0x00,
  0x00, 0x00, 0x00, 0x08, 0x0c, 0x06, 0x00, 0xc6, 0x00, 0xc0, 0x70, 0x01, 0x8c, 0x00, 0x00, 0x00,
  0x00, 0x00, 0x00, 0x20, 0x18, 0x06, 0x00, 0x03, 0x00, 0x60, 0x70, 0x01, 0xcc, 0x00, 0x08, 0x00,
  0x00, 0x00, 0x00, 0x00, 0x18, 0x00, 0x00, 0x00, 0x00, 0x8a, 0x20, 0x60, 0x68, 0x00, 0x00, 0x80,
  0x00, 0x00, 0x00, 0x00, 0x10, 0x00, 0x00, 0x02, 0x00, 0x00, 0x84, 0xe0, 0x78, 0x00, 0x22, 0x10,
  0x00, 0x00, 0x00, 0x00, 0x02, 0x40, 0x01, 0xfe, 0x00, 0x01, 0x00, 0xf0, 0x38, 0x00, 0x08, 0x80,
  0x00, 0x00, 0x00, 0x02, 0xc0, 0x6a, 0x11, 0x78, 0x60, 0x14, 0x25, 0xf0, 0x30, 0x00, 0x41, 0x10,
  0x00, 0x00, 0x00, 0x07, 0xe0, 0x00, 0x7c, 0x30, 0x60, 0xd1, 0x11, 0x98, 0x18, 0x00, 0x00, 0x00,
  0x00, 0x00, 0x00, 0x0d, 0x72, 0x10, 0x6c, 0x30, 0x40, 0xc4, 0xa7, 0xf8, 0x30, 0x00, 0x05, 0x80,
  0x00, 0x00, 0x00, 0x06, 0x30, 0x40, 0xc6, 0x30, 0x61, 0xc0, 0x8f, 0xf8, 0x30, 0x00, 0x00, 0x00,
  0x00, 0x02, 0x00, 0x04, 0x60, 0x62, 0x6e, 0x10, 0x7e, 0xc7, 0xa3, 0x18, 0x60, 0x00, 0x02, 0x00,
  0x00, 0x40, 0x00, 0x07, 0xfc, 0x68, 0xfc, 0x30, 0x77, 0xc7, 0xd2, 0x0c, 0x20, 0x00, 0x00, 0x00,
  0x00, 0x00, 0x40, 0x0f, 0xfe, 0x60, 0x78, 0x30, 0x60, 0xc6, 0x60, 0x0c, 0x60, 0x20, 0x00, 0x00,
  0x02, 0x40, 0x00, 0x07, 0x06, 0x61, 0x78, 0x30, 0xe0, 0x4d, 0x74, 0x4d, 0x6a, 0x00, 0x01, 0x00,
  0x00, 0x02, 0x00, 0x06, 0x16, 0x60, 0xce, 0x30, 0x60, 0xc6, 0x71, 0x00, 0xc0, 0x88, 0x00, 0x00,
  0x02, 0xa0, 0x80, 0x06, 0x06, 0xa8, 0xc7, 0xb0, 0xc0, 0xc6, 0x34, 0x00, 0xd0, 0x20, 0x00, 0x00,
  0x00, 0x09, 0x00, 0x06, 0x2e, 0x60, 0x01, 0x30, 0x60, 0x8e, 0x70, 0x40, 0x85, 0x02, 0x00, 0x00,
  0x0a, 0x80, 0x00, 0x06, 0x0c, 0x60, 0x00, 0x10, 0x80, 0x04, 0xe2, 0x24, 0xc0, 0x80, 0x00, 0x00,
  0x00, 0x22, 0x00, 0x06, 0x1c, 0x60, 0x00, 0x10, 0x00, 0x0e, 0xd0, 0x01, 0x0a, 0x00, 0x00, 0x00,
  0x00, 0x80, 0x00, 0x06, 0x38, 0x00, 0x00, 0x00, 0x00, 0x0f, 0xc8, 0x80, 0x00, 0x10, 0x00, 0x00,
  0x0a, 0x49, 0x00, 0x26, 0x70, 0x00, 0x00, 0x00, 0x00, 0x06, 0xa0, 0x22, 0x00, 0x00, 0x00, 0x04,
  0x00, 0x00, 0x00, 0x07, 0xe0, 0x00, 0x00, 0x00, 0x00, 0x00, 0x40, 0x80, 0x04, 0x00, 0x01, 0x00,
  0x21, 0x02, 0x00, 0x07, 0x80, 0x00, 0x00, 0x00, 0x00, 0x00, 0x00, 0x00, 0x00, 0x04, 0x02, 0x00,
  0x10, 0x80, 0x02, 0x0b, 0x40, 0x00, 0x00, 0x00, 0x00, 0x01, 0x00, 0x00, 0x11, 0x00, 0x08, 0x40,
  0x01, 0x00, 0x00, 0x50, 0x00, 0x00, 0x60, 0x10, 0x00, 0x00, 0x01, 0x04, 0x00, 0x28, 0x01, 0x04,
  0x54, 0x50, 0x04, 0x0b, 0x00, 0x00, 0x40, 0x10, 0x00, 0x04, 0x10, 0x81, 0x09, 0x00, 0x08, 0x00,
  0x02, 0x00, 0x14, 0x20, 0x80, 0x00, 0x00, 0x00, 0x00, 0x00, 0x01, 0x00, 0x40, 0x00, 0x05, 0x24,
  0x04, 0xa8, 0x08, 0x04, 0x40, 0x07, 0x00, 0x06, 0x00, 0x00, 0x00, 0x00, 0x81, 0x04, 0x10, 0x00,
  0x41, 0x00, 0x00, 0x21, 0x00, 0x03, 0x00, 0x0e, 0x00, 0x00, 0x00, 0x02, 0x24, 0x10, 0x00, 0x90,
  0x08, 0x12, 0x29, 0x12, 0x00, 0x01, 0xe0, 0x78, 0x00, 0x00, 0x00, 0x00, 0x01, 0x00, 0x24, 0x04,
  0x0a, 0x00, 0x00, 0x00, 0x00, 0x00, 0xff, 0xd0, 0x00, 0x00, 0x00, 0x00, 0x14, 0x08, 0x82, 0x90,
  0x00, 0x04, 0x20, 0x10, 0x00, 0x00, 0x1f, 0xa0, 0x00, 0x00, 0x00, 0x01, 0x00, 0x01, 0x04, 0x00,
  0x02, 0x00, 0x01, 0x00, 0x00, 0x00, 0x00, 0x00, 0x00, 0x00, 0x00, 0x00, 0x00, 0x10, 0x20, 0x00
};

const uint8_t PROGMEM frame71[1024] = {
  0x00, 0x00, 0x00, 0x00, 0x00, 0x00, 0x00, 0x00, 0x00, 0x00, 0x00, 0x00, 0x00, 0x00, 0x00, 0x00,
  0x00, 0x00, 0x00, 0x00, 0x00, 0x50, 0x00, 0x00, 0x00, 0x18, 0x00, 0x00, 0x00, 0x00, 0x08, 0x00,
  0x04, 0x88, 0x00, 0x00, 0x28, 0x84, 0x00, 0x00, 0x00, 0x18, 0x00, 0x00, 0x00, 0x14, 0x00, 0x00,
  0x00, 0x00, 0x00, 0x00, 0x00, 0x10, 0x00, 0x00, 0x10, 0x38, 0x00, 0x00, 0x00, 0x80, 0x80, 0x04,
  0x04, 0x00, 0x00, 0x00, 0x14, 0x84, 0x00, 0x00, 0x18, 0x30, 0x00, 0x00, 0x04, 0x20, 0x20, 0x82,
  0x10, 0x01, 0x00, 0x00, 0x02, 0x52, 0x00, 0x00, 0x0c, 0x00, 0x00, 0x00, 0x01, 0x45, 0x04, 0x00,
  0x00, 0x40, 0x00, 0x00, 0x50, 0x80, 0x00, 0x00, 0x00, 0x00, 0x00, 0x00, 0x40, 0x08, 0x00, 0x48,
  0x00, 0x14, 0x00, 0x00, 0x02, 0x00, 0x00, 0x00, 0x01, 0xe0, 0x10, 0x00, 0x29, 0x20, 0x80, 0x00,
  0x02, 0x00, 0x00, 0x00, 0x50, 0x20, 0x00, 0x00, 0x03, 0xf9, 0xf0, 0x00, 0x00, 0x00, 0x00, 0x01,
  0x08, 0x80, 0x00, 0x00, 0x08, 0x08, 0x00, 0x00, 0x07, 0xf1, 0xf0, 0x00, 0x88, 0x44, 0x88, 0x40,
  0x02, 0x08, 0x00, 0x80, 0x20, 0x00, 0x00, 0x00, 0x07, 0xf8, 0x00, 0x00, 0x20, 0x00, 0x02, 0x08,
  0x00, 0x00, 0x00, 0x21, 0x08, 0x20, 0x00, 0x01, 0xe7, 0xf8, 0x00, 0x00, 0x00, 0x01, 0x44, 0x80,
  0x02, 0x20, 0x04, 0x00, 0x02, 0x02, 0x00, 0x01, 0xc3, 0xf0, 0x00, 0x00, 0x00, 0x14, 0x08, 0x00,
  0x01, 0x08, 0x00, 0x00, 0x00, 0x44, 0x00, 0x00, 0x01, 0xa2, 0x00, 0x00, 0x00, 0x00, 0x00, 0x04,
  0x00, 0x20, 0x01, 0x04, 0x10, 0x08, 0x00, 0x00, 0x00, 0x03, 0x00, 0x00, 0x00, 0x48, 0x00, 0x00,
  0x00, 0x00, 0x42, 0x22, 0x42, 0x00, 0x00, 0x00, 0x04, 0x03, 0xc0, 0x00, 0x00, 0x01, 0x00, 0x00,
  0x00, 0x00, 0x08, 0x08, 0x00, 0x00, 0x00, 0x00, 0x07, 0x00, 0xc4, 0x00, 0x04, 0x00, 0x20, 0x82,
  0x00, 0x00, 0x02, 0x40, 0x08, 0x02, 0x00, 0x00, 0x07, 0x00, 0x11, 0x00, 0x40, 0x00, 0x04, 0x28,
  0x00, 0x00, 0x00, 0x00, 0x4c, 0x06, 0x80, 0x00, 0x0c, 0x01, 0x05, 0x42, 0x02, 0x00, 0x80, 0x00,
  0x01, 0x00, 0x09, 0x2a, 0x0a, 0x16, 0x50, 0x00, 0x00, 0x01, 0xd3, 0x10, 0x20, 0x20, 0x08, 0x00,
  0x00, 0x80, 0x00, 0x00, 0x1c, 0x44, 0x00, 0x00, 0x00, 0x01, 0xcb, 0x40, 0x84, 0x04, 0x04, 0x20,
  0x00, 0x00, 0x02, 0x04, 0x08, 0x06, 0x08, 0x03, 0xe0, 0x00, 0x67, 0x52, 0x00, 0x00, 0x00, 0x00,
  0x00, 0x00, 0x00, 0x00, 0x2c, 0x06, 0x06, 0x07, 0x70, 0x00, 0xba, 0x88, 0x40, 0x40, 0x04, 0x80,
  0x00, 0x00, 0x01, 0x12, 0x08, 0x4e, 0x0e, 0x04, 0x38, 0x10, 0x7f, 0x21, 0x00, 0x04, 0x84, 0x50,
  0x01, 0x50, 0x00, 0x00, 0x0c, 0x3c, 0x0f, 0x0e, 0x18, 0x7c, 0x1c, 0x80, 0x14, 0x00, 0x00, 0x00,
  0x04, 0x00, 0x00, 0x00, 0x0d, 0xfe, 0x0f, 0x04, 0x18, 0xf6, 0x16, 0x21, 0x41, 0x00, 0x00, 0x80,
  0x08, 0x48, 0x00, 0x00, 0x0f, 0xc6, 0x1b, 0x06, 0x30, 0xc6, 0x4c, 0x18, 0x06, 0x40, 0x00, 0x00,
  0x00, 0x82, 0x00, 0x10, 0x0c, 0x06, 0xbd, 0x86, 0xf0, 0xc6, 0x1c, 0x1c, 0x06, 0x00, 0x00, 0x00,
  0x00, 0x20, 0x00, 0x20, 0x0c, 0x06, 0x7f, 0x87, 0xc0, 0xc6, 0x0a, 0x0c, 0x06, 0x80, 0x00, 0x00,
  0x02, 0x80, 0x00, 0x0a, 0x18, 0x06, 0x35, 0x83, 0x00, 0x7c, 0x18, 0x06, 0x0c, 0x00, 0x02, 0x00,
  0x00, 0x20, 0x00, 0x80, 0x0c, 0x04, 0x21, 0x86, 0x00, 0xf8, 0x38, 0x07, 0x06, 0x40, 0x01, 0x00,
  0x00, 0x80, 0x01, 0x2a, 0x18, 0x06, 0x00, 0xc3, 0x00, 0x60, 0x10, 0x03, 0x8c, 0x00, 0x00, 0x00,
  0x00, 0x00, 0x00, 0x08, 0x0c, 0x06, 0x00, 0xc6, 0x00, 0xc0, 0x70, 0x01, 0x8c, 0x00, 0x00, 0x00,
  0x00, 0x00, 0x00, 0x20, 0x18, 0x06, 0x00, 0x03, 0x00, 0x60, 0x70, 0x01, 0xcc, 0x00, 0x08, 0x00,
  0x00, 0x00, 0x00, 0x00, 0x18, 0x00, 0x00, 0x00, 0x00, 0x8a, 0x20, 0x60, 0x68, 0x00, 0x00, 0x80,
  0x00, 0x00, 0x00, 0x00, 0x10, 0x00, 0x00, 0x02, 0x00, 0x00, 0x84, 0xe0, 0x78, 0x00, 0x22, 0x10,
  0x00, 0x00, 0x00, 0x00, 0x02, 0x40, 0x01, 0xfe, 0x00, 0x01, 0x00, 0xf0, 0x38, 0x00, 0x08, 0x80,
  0x00, 0x00, 0x00, 0x02, 0xc0, 0x6a, 0x11, 0x78, 0x60, 0x14, 0x25, 0xf0, 0x30, 0x00, 0x41, 0x10,
  0x00, 0x00, 0x00, 0x07, 0xe0, 0x00, 0x7c, 0x30, 0x60, 0xd1, 0x11, 0x98, 0x18, 0x00, 0x00, 0x00,
  0x00, 0x00, 0x00, 0x0d, 0x72, 0x10, 0x6c, 0x30, 0x40, 0xc4, 0xa7, 0xf8, 0x30, 0x00, 0x05, 0x80,
  0x00, 0x00, 0x00, 0x06, 0x30, 0x40, 0xc6, 0x30, 0x61, 0xc0, 0x8f, 0xf8, 0x30, 0x00, 0x00, 0x00,
  0x00, 0x02, 0x00, 0x04, 0x60, 0x62, 0x6e, 0x10, 0x7e, 0xc7, 0xa3, 0x18, 0x60, 0x00, 0x02, 0x00,
  0x00, 0x40, 0x00, 0x07, 0xfc, 0x68, 0xfc, 0x30, 0x77, 0xc7, 0xd2, 0x0c, 0x20, 0x00, 0x00, 0x00,
  0x00, 0x00, 0x40, 0x0f, 0xfe, 0x60, 0x78, 0x30, 0x60, 0xc6, 0x60, 0x0c, 0x60, 0x20, 0x00, 0x00,
  0x02, 0x40, 0x00, 0x07, 0x06, 0x61, 0x78, 0x30, 0xe0, 0x4d, 0x74, 0x4d, 0x6a, 0x00, 0x01, 0x00,
  0x00, 0x02, 0x00, 0x06, 0x16, 0x60, 0xce, 0x30, 0x60, 0xc6, 0x71, 0x00, 0xc0, 0x88, 0x00, 0x00,
  0x02, 0xa0, 0x80, 0x06, 0x06, 0xa8, 0xc7, 0xb0, 0xc0, 0xc6, 0x34, 0x00, 0xd0, 0x20, 0x00, 0x00,
  0x00, 0x09, 0x00, 0x06, 0x2e, 0x60, 0x01, 0x30, 0x60, 0x8e, 0x70, 0x40, 0x85, 0x02, 0x00, 0x00,
  0x0a, 0x80, 0x00, 0x06, 0x0c, 0x60, 0x00, 0x10, 0x80, 0x04, 0xe2, 0x24, 0xc0, 0x80, 0x00, 0x00,
  0x00, 0x22, 0x00, 0x06, 0x1c, 0x60, 0x00, 0x10, 0x00, 0x0e, 0xd0, 0x01, 0x0a, 0x00, 0x00, 0x00,
  0x00, 0x80, 0x00, 0x06, 0x38, 0x00, 0x00, 0x00, 0x00, 0x0f, 0xc8, 0x80, 0x00, 0x10, 0x00, 0x00,
  0x0a, 0x49, 0x00, 0x26, 0x70, 0x00, 0x00, 0x00, 0x00, 0x06, 0xa0, 0x22, 0x00, 0x00, 0x00, 0x04,
  0x00, 0x00, 0x00, 0x07, 0xe0, 0x00, 0x00, 0x00, 0x00, 0x00, 0x40, 0x80, 0x04, 0x00, 0x01, 0x00,
  0x21, 0x02, 0x00, 0x07, 0x80, 0x00, 0x00, 0x00, 0x00, 0x00, 0x00, 0x00, 0x00, 0x04, 0x02, 0x00,
  0x10, 0x80, 0x02, 0x0b, 0x40, 0x00, 0x00, 0x00, 0x00, 0x01, 0x00, 0x00, 0x11, 0x00, 0x08, 0x40,
  0x01, 0x00, 0x00, 0x50, 0x00, 0x00, 0x60, 0x10, 0x00, 0x00, 0x01, 0x04, 0x00, 0x28, 0x01, 0x04,
  0x54, 0x50, 0x04, 0x0b, 0x00, 0x00, 0x40, 0x10, 0x00, 0x04, 0x10, 0x81, 0x09, 0x00, 0x08, 0x00,
  0x02, 0x00, 0x14, 0x20, 0x80, 0x00, 0x00, 0x00, 0x00, 0x00, 0x01, 0x00, 0x40, 0x00, 0x05, 0x24,
  0x04, 0xa8, 0x08, 0x04, 0x40, 0x07, 0x00, 0x06, 0x00, 0x00, 0x00, 0x00, 0x81, 0x04, 0x10, 0x00,
  0x41, 0x00, 0x00, 0x21, 0x00, 0x03, 0x00, 0x0e, 0x00, 0x00, 0x00, 0x02, 0x24, 0x10, 0x00, 0x90,
  0x08, 0x12, 0x29, 0x12, 0x00, 0x01, 0xe0, 0x78, 0x00, 0x00, 0x00, 0x00, 0x01, 0x00, 0x24, 0x04,
  0x0a, 0x00, 0x00, 0x00, 0x00, 0x00, 0xff, 0xd0, 0x00, 0x00, 0x00, 0x00, 0x14, 0x08, 0x82, 0x90,
  0x00, 0x04, 0x20, 0x10, 0x00, 0x00, 0x1f, 0xa0, 0x00, 0x00, 0x00, 0x01, 0x00, 0x01, 0x04, 0x00,
  0x02, 0x00, 0x01, 0x00, 0x00, 0x00, 0x00, 0x00, 0x00, 0x00, 0x00, 0x00, 0x00, 0x10, 0x20, 0x00
};

const uint8_t PROGMEM frame72[1024] = {
  0x00, 0x00, 0x00, 0x00, 0x00, 0x00, 0x00, 0x00, 0x00, 0x00, 0x00, 0x00, 0x00, 0x00, 0x00, 0x00,
  0x21, 0x20, 0x00, 0x00, 0x02, 0x28, 0x00, 0x00, 0x00, 0x18, 0x00, 0x00, 0x00, 0x02, 0x04, 0x00,
  0x00, 0x00, 0x00, 0x00, 0x20, 0x24, 0x00, 0x00, 0x00, 0x18, 0x00, 0x00, 0x00, 0x10, 0x00, 0x00,
  0x04, 0x00, 0x00, 0x00, 0x08, 0x00, 0x00, 0x00, 0x10, 0x38, 0x00, 0x00, 0x02, 0x40, 0x90, 0x04,
  0x00, 0x01, 0x00, 0x00, 0x10, 0x92, 0x00, 0x00, 0x18, 0x30, 0x00, 0x00, 0x00, 0x02, 0x40, 0x82,
  0x04, 0x00, 0x00, 0x00, 0x00, 0x41, 0x00, 0x00, 0x0c, 0x00, 0x00, 0x00, 0x02, 0xa8, 0x04, 0x04,
  0x00, 0x50, 0x00, 0x00, 0x41, 0x00, 0x00, 0x00, 0x00, 0x00, 0x00, 0x00, 0xa0, 0x45, 0x00, 0x50,
  0x10, 0x04, 0x00, 0x00, 0x12, 0x50, 0x00, 0x00, 0x01, 0xe0, 0x10, 0x00, 0xa2, 0x00, 0x00, 0x00,
  0x01, 0x00, 0x00, 0x00, 0x48, 0x00, 0x00, 0x00, 0x03, 0xf9, 0xf0, 0x00, 0x01, 0x20, 0x04, 0x00,
  0x04, 0x08, 0x00, 0x00, 0x01, 0x08, 0x00, 0x00, 0x07, 0xf1, 0xf0, 0x00, 0x40, 0x08, 0x80, 0x00,
  0x00, 0x00, 0x00, 0x80, 0x14, 0x00, 0x00, 0x00, 0x07, 0xf8, 0x00, 0x00, 0x00, 0x01, 0x09, 0x48,
  0x09, 0x00, 0x00, 0x10, 0x80, 0x04, 0x80, 0x01, 0xe7, 0xf8, 0x00, 0x00, 0x09, 0x00, 0x44, 0x00,
  0x00, 0x10, 0x04, 0x00, 0x08, 0x00, 0x00, 0x01, 0xc3, 0xf0, 0x00, 0x00, 0x10, 0x29, 0x00, 0x00,
  0x02, 0x40, 0x00, 0x20, 0x00, 0x52, 0x00, 0x00, 0x01, 0xa2, 0x00, 0x00, 0x00, 0x00, 0x08, 0x80,
  0x00, 0x08, 0x00, 0x02, 0x00, 0x00, 0x00, 0x00, 0x00, 0x03, 0x00, 0x00, 0x00, 0x14, 0x00, 0x02,
  0x00, 0x20, 0xa2, 0x00, 0x82, 0x00, 0x00, 0x00, 0x04, 0x03, 0xc0, 0x00, 0x00, 0x40, 0x08, 0x00,
  0x00, 0x00, 0x00, 0x49, 0x08, 0x40, 0x00, 0x00, 0x07, 0x00, 0xc4, 0x00, 0x40, 0x00, 0x00, 0x40,
  0x00, 0x00, 0x04, 0x80, 0x00, 0x00, 0x00, 0x00, 0x07, 0x00, 0x11, 0x40, 0x04, 0x00, 0x40, 0x14,
  0x00, 0x00, 0x02, 0x00, 0x08, 0x06, 0x90, 0x00, 0x0c, 0x01, 0x45, 0x02, 0x40, 0x00, 0x04, 0x00,
  0x01, 0x00, 0x00, 0x0a, 0x2c, 0x06, 0x40, 0x00, 0x00, 0x03, 0x83, 0x90, 0x11, 0x01, 0x10, 0x10,
  0x00, 0x80, 0x02, 0x20, 0x0c, 0x46, 0x10, 0x00, 0x00, 0x00, 0xeb, 0x00, 0x84, 0x04, 0x04, 0x00,
  0x00, 0x00, 0x00, 0x04, 0x18, 0x04, 0x06, 0x01, 0xf0, 0x00, 0xe7, 0x64, 0x20, 0x00, 0x00, 0x40,
  0x00, 0x00, 0x02, 0x02, 0x0c, 0x06, 0x07, 0x07, 0xb8, 0x00, 0x76, 0x09, 0x00, 0x00, 0x04, 0x00,
  0x00, 0x00, 0x00, 0x10, 0x08, 0x0e, 0x0f, 0x02, 0x18, 0x00, 0x3e, 0x40, 0x00, 0x01, 0x00, 0x90,
  0x00, 0x20, 0x00, 0x00, 0x0c, 0x4c, 0x0f, 0x06, 0x0c, 0x01, 0x1d, 0x12, 0x50, 0x04, 0x08, 0x00,
  0x01, 0x00, 0x00, 0x01, 0x0c, 0xbe, 0x0d, 0x82, 0x18, 0xfc, 0x2c, 0x00, 0x82, 0x00, 0x00, 0x80,
  0x08, 0x08, 0x00, 0x00, 0x0f, 0xf6, 0x3b, 0x03, 0x38, 0xfe, 0x0d, 0x20, 0x20, 0x40, 0x00, 0x00,
  0x00, 0x82, 0x00, 0x44, 0x0f, 0x06, 0xbf, 0x83, 0xd0, 0xc6, 0x1c, 0x0a, 0x06, 0x80, 0x00, 0x00,
  0x00, 0x40, 0x00, 0x10, 0x0c, 0x26, 0x35, 0x83, 0xe0, 0xc2, 0x18, 0x18, 0x03, 0x00, 0x00, 0x00,
  0x09, 0x40, 0x00, 0x05, 0x08, 0x06, 0x10, 0xc3, 0x00, 0xce, 0x34, 0x0c, 0x0a, 0x40, 0x02, 0x00,
  0x00, 0x00, 0x00, 0x90, 0x1c, 0x06, 0x01, 0xc3, 0x00, 0x7c, 0x18, 0x0c, 0x06, 0x00, 0x00, 0x00,
  0x00, 0xc0, 0x00, 0x02, 0x08, 0x04, 0x00, 0xc1, 0x80, 0xf0, 0x30, 0x07, 0x06, 0x00, 0x01, 0x00,
  0x00, 0x00, 0x01, 0x28, 0x1c, 0x06, 0x00, 0x03, 0x00, 0x60, 0xb0, 0x03, 0x0c, 0x00, 0x00, 0x00,
  0x00, 0x00, 0x00, 0x40, 0x08, 0x06, 0x00, 0x01, 0x00, 0xc4, 0x60, 0x03, 0x86, 0x00, 0x08, 0x00,
  0x00, 0x00, 0x00, 0x08, 0x18, 0x06, 0x00, 0x01, 0x00, 0xe2, 0x20, 0x01, 0x4c, 0x00, 0x00, 0x40,
  0x00, 0x00, 0x00, 0x00, 0x18, 0x00, 0x00, 0x00, 0x00, 0x00, 0x88, 0xc0, 0xcc, 0x00, 0x20, 0x00,
  0x00, 0x00, 0x00, 0x00, 0x12, 0x40, 0x00, 0x00, 0x20, 0x01, 0x02, 0xe0, 0xe8, 0x00, 0x00, 0x10,
  0x00, 0x00, 0x00, 0x01, 0x00, 0x68, 0xb0, 0xfe, 0x30, 0x48, 0x41, 0xe0, 0x78, 0x00, 0x0a, 0x80,
  0x00, 0x00, 0x00, 0x07, 0xe0, 0x20, 0xf9, 0xf4, 0x30, 0xea, 0x85, 0xb0, 0x38, 0x00, 0x20, 0x08,
  0x00, 0x00, 0x00, 0x0d, 0xe1, 0x01, 0x9c, 0x12, 0x60, 0xe0, 0x21, 0xb0, 0x18, 0x00, 0x01, 0x80,
  0x00, 0x00, 0x00, 0x04, 0x60, 0x44, 0xcc, 0x30, 0x32, 0xa2, 0x97, 0xf8, 0x30, 0x00, 0x04, 0x00,
  0x00, 0x02, 0x00, 0x0c, 0x60, 0x21, 0xd8, 0x30, 0x3f, 0xe1, 0x4f, 0xf0, 0x10, 0x00, 0x01, 0x00,
  0x00, 0x00, 0x00, 0x0e, 0xf4, 0x71, 0xf8, 0x30, 0x7a, 0xc7, 0xa3, 0x18, 0x31, 0x00, 0x00, 0x00,
  0x01, 0x20, 0x40, 0x07, 0xfa, 0x69, 0xe0, 0x30, 0x20, 0x67, 0xe6, 0x18, 0x70, 0x10, 0x00, 0x00,
  0x00, 0x40, 0x00, 0x0f, 0x9c, 0x31, 0x3c, 0x10, 0x60, 0x4c, 0xe0, 0x1c, 0x50, 0x00, 0x01, 0x00,
  0x02, 0x00, 0x00, 0x0e, 0x06, 0xa1, 0x9c, 0x30, 0x60, 0xe6, 0x38, 0x49, 0x64, 0x10, 0x00, 0x00,
  0x00, 0xa2, 0x00, 0x04, 0x16, 0x71, 0x86, 0x38, 0x60, 0x4d, 0x71, 0x00, 0x60, 0x84, 0x00, 0x00,
  0x02, 0x00, 0x80, 0x0e, 0x0c, 0x60, 0x00, 0x30, 0x50, 0x06, 0x72, 0x20, 0xc5, 0x20, 0x00, 0x00,
  0x04, 0x08, 0x00, 0x06, 0x2e, 0x30, 0x00, 0x30, 0x00, 0x0c, 0x60, 0x00, 0xc0, 0x00, 0x00, 0x00,
  0x00, 0x42, 0x00, 0x06, 0x18, 0x62, 0x00, 0x38, 0x00, 0x0d, 0x68, 0x42, 0x8a, 0x80, 0x00, 0x00,
  0x02, 0x08, 0x40, 0x0c, 0x38, 0x20, 0x00, 0x10, 0x00, 0x07, 0xe0, 0x00, 0xc0, 0x00, 0x00, 0x00,
  0x08, 0x41, 0x00, 0x26, 0x70, 0x00, 0x00, 0x00, 0x00, 0x1f, 0x80, 0x82, 0x00, 0x40, 0x00, 0x04,
  0x01, 0x04, 0x00, 0x06, 0xe0, 0x00, 0x00, 0x00, 0x00, 0x02, 0x40, 0x40, 0x04, 0x00, 0x01, 0x00,
  0x00, 0x00, 0x00, 0x87, 0xc0, 0x00, 0x00, 0x00, 0x00, 0x00, 0x81, 0x00, 0x00, 0x00, 0x12, 0x00,
  0x21, 0x20, 0x12, 0x0f, 0x00, 0x00, 0x00, 0x00, 0x00, 0x02, 0x08, 0x21, 0x11, 0x08, 0x00, 0x80,
  0x10, 0x80, 0x00, 0x02, 0x80, 0x00, 0x60, 0x10, 0x00, 0x00, 0x00, 0x04, 0x00, 0x10, 0x09, 0x00,
  0x45, 0x10, 0x40, 0x28, 0x00, 0x00, 0x40, 0x10, 0x00, 0x04, 0x01, 0x00, 0x09, 0x40, 0x00, 0x04,
  0x12, 0x40, 0x04, 0x05, 0x40, 0x00, 0x00, 0x00, 0x00, 0x00, 0x00, 0x00, 0x80, 0x00, 0x09, 0x20,
  0x40, 0x14, 0x08, 0x20, 0x00, 0x07, 0x00, 0x06, 0x00, 0x00, 0x01, 0x00, 0x21, 0x00, 0x10, 0x02,
  0x05, 0x40, 0x11, 0x05, 0x20, 0x03, 0x00, 0x0e, 0x00, 0x00, 0x00, 0x02, 0x10, 0x02, 0x00, 0x90,
  0x08, 0x10, 0x08, 0x22, 0x00, 0x01, 0xc0, 0x78, 0x00, 0x00, 0x00, 0x00, 0x82, 0x04, 0x24, 0x04,
  0x22, 0x02, 0x21, 0x10, 0x80, 0x00, 0xff, 0xd4, 0x00, 0x00, 0x00, 0x00, 0x08, 0x48, 0x00, 0x90,
  0x09, 0x20, 0x10, 0x08, 0x00, 0x00, 0x3f, 0xa0, 0x00, 0x00, 0x00, 0x01, 0x00, 0x00, 0x24, 0x08,
  0x00, 0x00, 0x00, 0x00, 0x00, 0x00, 0x00, 0x00, 0x00, 0x00, 0x00, 0x00, 0x10, 0x10, 0x00, 0x80
};

const uint8_t PROGMEM frame73[1024] = {
  0x00, 0x00, 0x00, 0x00, 0x00, 0x00, 0x00, 0x00, 0x00, 0x00, 0x00, 0x00, 0x00, 0x00, 0x00, 0x00,
  0x21, 0x20, 0x00, 0x00, 0x02, 0x28, 0x00, 0x00, 0x00, 0x18, 0x00, 0x00, 0x00, 0x02, 0x04, 0x00,
  0x00, 0x00, 0x00, 0x00, 0x20, 0x24, 0x00, 0x00, 0x00, 0x18, 0x00, 0x00, 0x00, 0x10, 0x00, 0x00,
  0x04, 0x00, 0x00, 0x00, 0x08, 0x00, 0x00, 0x00, 0x10, 0x38, 0x00, 0x00, 0x02, 0x40, 0x90, 0x04,
  0x00, 0x01, 0x00, 0x00, 0x10, 0x92, 0x00, 0x00, 0x18, 0x30, 0x00, 0x00, 0x00, 0x02, 0x40, 0x82,
  0x04, 0x00, 0x00, 0x00, 0x00, 0x41, 0x00, 0x00, 0x0c, 0x00, 0x00, 0x00, 0x02, 0xa8, 0x04, 0x04,
  0x00, 0x50, 0x00, 0x00, 0x41, 0x00, 0x00, 0x00, 0x00, 0x00, 0x00, 0x00, 0xa0, 0x45, 0x00, 0x50,
  0x10, 0x04, 0x00, 0x00, 0x12, 0x50, 0x00, 0x00, 0x01, 0xe0, 0x10, 0x00, 0xa2, 0x00, 0x00, 0x00,
  0x01, 0x00, 0x00, 0x00, 0x48, 0x00, 0x00, 0x00, 0x03, 0xf9, 0xf0, 0x00, 0x01, 0x20, 0x04, 0x00,
  0x04, 0x08, 0x00, 0x00, 0x01, 0x08, 0x00, 0x00, 0x07, 0xf1, 0xf0, 0x00, 0x40, 0x08, 0x80, 0x00,
  0x00, 0x00, 0x00, 0x80, 0x14, 0x00, 0x00, 0x00, 0x07, 0xf8, 0x00, 0x00, 0x00, 0x01, 0x09, 0x48,
  0x09, 0x00, 0x00, 0x10, 0x80, 0x04, 0x80, 0x01, 0xe7, 0xf8, 0x00, 0x00, 0x09, 0x00, 0x44, 0x00,
  0x00, 0x10, 0x04, 0x00, 0x08, 0x00, 0x00, 0x01, 0xc3, 0xf0, 0x00, 0x00, 0x10, 0x29, 0x00, 0x00,
  0x02, 0x40, 0x00, 0x20, 0x00, 0x52, 0x00, 0x00, 0x01, 0xa2, 0x00, 0x00, 0x00, 0x00, 0x08, 0x80,
  0x00, 0x08, 0x00, 0x02, 0x00, 0x00, 0x00, 0x00, 0x00, 0x03, 0x00, 0x00, 0x00, 0x14, 0x00, 0x02,
  0x00, 0x20, 0xa2, 0x00, 0x82, 0x00, 0x00, 0x00, 0x04, 0x03, 0xc0, 0x00, 0x00, 0x40, 0x08, 0x00,
  0x00, 0x00, 0x00, 0x49, 0x08, 0x40, 0x00, 0x00, 0x07, 0x00, 0xc4, 0x00, 0x40, 0x00, 0x00, 0x40,
  0x00, 0x00, 0x04, 0x80, 0x00, 0x00, 0x00, 0x00, 0x07, 0x00, 0x11, 0x40, 0x04, 0x00, 0x40, 0x14,
  0x00, 0x00, 0x02, 0x00, 0x08, 0x06, 0x90, 0x00, 0x0c, 0x01, 0x45, 0x02, 0x40, 0x00, 0x04, 0x00,
  0x01, 0x00, 0x00, 0x0a, 0x2c, 0x06, 0x40, 0x00, 0x00, 0x03, 0x83, 0x90, 0x11, 0x01, 0x10, 0x10,
  0x00, 0x80, 0x02, 0x20, 0x0c, 0x46, 0x10, 0x00, 0x00, 0x00, 0xeb, 0x00, 0x84, 0x04, 0x04, 0x00,
  0x00, 0x00, 0x00, 0x04, 0x18, 0x04, 0x06, 0x01, 0xf0, 0x00, 0xe7, 0x64, 0x20, 0x00, 0x00, 0x40,
  0x00, 0x00, 0x02, 0x02, 0x0c, 0x06, 0x07, 0x07, 0xb8, 0x00, 0x76, 0x09, 0x00, 0x00, 0x04, 0x00,
  0x00, 0x00, 0x00, 0x10, 0x08, 0x0e, 0x0f, 0x02, 0x18, 0x00, 0x3e, 0x40, 0x00, 0x01, 0x00, 0x90,
  0x00, 0x20, 0x00, 0x00, 0x0c, 0x4c, 0x0f, 0x06, 0x0c, 0x01, 0x1d, 0x12, 0x50, 0x04, 0x08, 0x00,
  0x01, 0x00, 0x00, 0x01, 0x0c, 0xbe, 0x0d, 0x82, 0x18, 0xfc, 0x2c, 0x00, 0x82, 0x00, 0x00, 0x80,
  0x08, 0x08, 0x00, 0x00, 0x0f, 0xf6, 0x3b, 0x03, 0x38, 0xfe, 0x0d, 0x20, 0x20, 0x40, 0x00, 0x00,
  0x00, 0x82, 0x00, 0x44, 0x0f, 0x06, 0xbf, 0x83, 0xd0, 0xc6, 0x1c, 0x0a, 0x06, 0x80, 0x00, 0x00,
  0x00, 0x40, 0x00, 0x10, 0x0c, 0x26, 0x35, 0x83, 0xe0, 0xc2, 0x18, 0x18, 0x03, 0x00, 0x00, 0x00,
  0x09, 0x40, 0x00, 0x05, 0x08, 0x06, 0x10, 0xc3, 0x00, 0xce, 0x34, 0x0c, 0x0a, 0x40, 0x02, 0x00,
  0x00, 0x00, 0x00, 0x90, 0x1c, 0x06, 0x01, 0xc3, 0x00, 0x7c, 0x18, 0x0c, 0x06, 0x00, 0x00, 0x00,
  0x00, 0xc0, 0x00, 0x02, 0x08, 0x04, 0x00, 0xc1, 0x80, 0xf0, 0x30, 0x07, 0x06, 0x00, 0x01, 0x00,
  0x00, 0x00, 0x01, 0x28, 0x1c, 0x06, 0x00, 0x03, 0x00, 0x60, 0xb0, 0x03, 0x0c, 0x00, 0x00, 0x00,
  0x00, 0x00, 0x00, 0x40, 0x08, 0x06, 0x00, 0x01, 0x00, 0xc4, 0x60, 0x03, 0x86, 0x00, 0x08, 0x00,
  0x00, 0x00, 0x00, 0x08, 0x18, 0x06, 0x00, 0x01, 0x00, 0xe2, 0x20, 0x01, 0x4c, 0x00, 0x00, 0x40,
  0x00, 0x00, 0x00, 0x00, 0x18, 0x00, 0x00, 0x00, 0x00, 0x00, 0x88, 0xc0, 0xcc, 0x00, 0x20, 0x00,
  0x00, 0x00, 0x00, 0x00, 0x12, 0x40, 0x00, 0x00, 0x20, 0x01, 0x02, 0xe0, 0xe8, 0x00, 0x00, 0x10,
  0x00, 0x00, 0x00, 0x01, 0x00, 0x68, 0xb0, 0xfe, 0x30, 0x48, 0x41, 0xe0, 0x78, 0x00, 0x0a, 0x80,
  0x00, 0x00, 0x00, 0x07, 0xe0, 0x20, 0xf9, 0xf4, 0x30, 0xea, 0x85, 0xb0, 0x38, 0x00, 0x20, 0x08,
  0x00, 0x00, 0x00, 0x0d, 0xe1, 0x01, 0x9c, 0x12, 0x60, 0xe0, 0x21, 0xb0, 0x18, 0x00, 0x01, 0x80,
  0x00, 0x00, 0x00, 0x04, 0x60, 0x44, 0xcc, 0x30, 0x32, 0xa2, 0x97, 0xf8, 0x30, 0x00, 0x04, 0x00,
  0x00, 0x02, 0x00, 0x0c, 0x60, 0x21, 0xd8, 0x30, 0x3f, 0xe1, 0x4f, 0xf0, 0x10, 0x00, 0x01, 0x00,
  0x00, 0x00, 0x00, 0x0e, 0xf4, 0x71, 0xf8, 0x30, 0x7a, 0xc7, 0xa3, 0x18, 0x31, 0x00, 0x00, 0x00,
  0x01, 0x20, 0x40, 0x07, 0xfa, 0x69, 0xe0, 0x30, 0x20, 0x67, 0xe6, 0x18, 0x70, 0x10, 0x00, 0x00,
  0x00, 0x40, 0x00, 0x0f, 0x9c, 0x31, 0x3c, 0x10, 0x60, 0x4c, 0xe0, 0x1c, 0x50, 0x00, 0x01, 0x00,
  0x02, 0x00, 0x00, 0x0e, 0x06, 0xa1, 0x9c, 0x30, 0x60, 0xe6, 0x38, 0x49, 0x64, 0x10, 0x00, 0x00,
  0x00, 0xa2, 0x00, 0x04, 0x16, 0x71, 0x86, 0x38, 0x60, 0x4d, 0x71, 0x00, 0x60, 0x84, 0x00, 0x00,
  0x02, 0x00, 0x80, 0x0e, 0x0c, 0x60, 0x00, 0x30, 0x50, 0x06, 0x72, 0x20, 0xc5, 0x20, 0x00, 0x00,
  0x04, 0x08, 0x00, 0x06, 0x2e, 0x30, 0x00, 0x30, 0x00, 0x0c, 0x60, 0x00, 0xc0, 0x00, 0x00, 0x00,
  0x00, 0x42, 0x00, 0x06, 0x18, 0x62, 0x00, 0x38, 0x00, 0x0d, 0x68, 0x42, 0x8a, 0x80, 0x00, 0x00,
  0x02, 0x08, 0x40, 0x0c, 0x38, 0x20, 0x00, 0x10, 0x00, 0x07, 0xe0, 0x00, 0xc0, 0x00, 0x00, 0x00,
  0x08, 0x41, 0x00, 0x26, 0x70, 0x00, 0x00, 0x00, 0x00, 0x1f, 0x80, 0x82, 0x00, 0x40, 0x00, 0x04,
  0x01, 0x04, 0x00, 0x06, 0xe0, 0x00, 0x00, 0x00, 0x00, 0x02, 0x40, 0x40, 0x04, 0x00, 0x01, 0x00,
  0x00, 0x00, 0x00, 0x87, 0xc0, 0x00, 0x00, 0x00, 0x00, 0x00, 0x81, 0x00, 0x00, 0x00, 0x12, 0x00,
  0x21, 0x20, 0x12, 0x0f, 0x00, 0x00, 0x00, 0x00, 0x00, 0x02, 0x08, 0x21, 0x11, 0x08, 0x00, 0x80,
  0x10, 0x80, 0x00, 0x02, 0x80, 0x00, 0x60, 0x10, 0x00, 0x00, 0x00, 0x04, 0x00, 0x10, 0x09, 0x00,
  0x45, 0x10, 0x40, 0x28, 0x00, 0x00, 0x40, 0x10, 0x00, 0x04, 0x01, 0x00, 0x09, 0x40, 0x00, 0x04,
  0x12, 0x40, 0x04, 0x05, 0x40, 0x00, 0x00, 0x00, 0x00, 0x00, 0x00, 0x00, 0x80, 0x00, 0x09, 0x20,
  0x40, 0x14, 0x08, 0x20, 0x00, 0x07, 0x00, 0x06, 0x00, 0x00, 0x01, 0x00, 0x21, 0x00, 0x10, 0x02,
  0x05, 0x40, 0x11, 0x05, 0x20, 0x03, 0x00, 0x0e, 0x00, 0x00, 0x00, 0x02, 0x10, 0x02, 0x00, 0x90,
  0x08, 0x10, 0x08, 0x22, 0x00, 0x01, 0xc0, 0x78, 0x00, 0x00, 0x00, 0x00, 0x82, 0x04, 0x24, 0x04,
  0x22, 0x02, 0x21, 0x10, 0x80, 0x00, 0xff, 0xd4, 0x00, 0x00, 0x00, 0x00, 0x08, 0x48, 0x00, 0x90,
  0x09, 0x20, 0x10, 0x08, 0x00, 0x00, 0x3f, 0xa0, 0x00, 0x00, 0x00, 0x01, 0x00, 0x00, 0x24, 0x08,
  0x00, 0x00, 0x00, 0x00, 0x00, 0x00, 0x00, 0x00, 0x00, 0x00, 0x00, 0x00, 0x10, 0x10, 0x00, 0x80
};

const uint8_t PROGMEM frame74[1024] = {
  0x00, 0x00, 0x00, 0x00, 0x00, 0x00, 0x00, 0x00, 0x00, 0x00, 0x00, 0x00, 0x00, 0x00, 0x00, 0x00,
  0x21, 0x20, 0x00, 0x00, 0x02, 0x28, 0x00, 0x00, 0x00, 0x18, 0x00, 0x00, 0x00, 0x02, 0x04, 0x00,
  0x00, 0x00, 0x00, 0x00, 0x20, 0x24, 0x00, 0x00, 0x00, 0x18, 0x00, 0x00, 0x00, 0x10, 0x00, 0x00,
  0x04, 0x00, 0x00, 0x00, 0x08, 0x00, 0x00, 0x00, 0x10, 0x38, 0x00, 0x00, 0x02, 0x40, 0x90, 0x04,
  0x00, 0x01, 0x00, 0x00, 0x10, 0x92, 0x00, 0x00, 0x18, 0x30, 0x00, 0x00, 0x00, 0x02, 0x40, 0x82,
  0x04, 0x00, 0x00, 0x00, 0x00, 0x41, 0x00, 0x00, 0x0c, 0x00, 0x00, 0x00, 0x02, 0xa8, 0x04, 0x04,
  0x00, 0x50, 0x00, 0x00, 0x41, 0x00, 0x00, 0x00, 0x00, 0x00, 0x00, 0x00, 0xa0, 0x45, 0x00, 0x50,
  0x10, 0x04, 0x00, 0x00, 0x12, 0x50, 0x00, 0x00, 0x01, 0xe0, 0x10, 0x00, 0xa2, 0x00, 0x00, 0x00,
  0x01, 0x00, 0x00, 0x00, 0x48, 0x00, 0x00, 0x00, 0x03, 0xf9, 0xf0, 0x00, 0x01, 0x20, 0x04, 0x00,
  0x04, 0x08, 0x00, 0x00, 0x01, 0x08, 0x00, 0x00, 0x07, 0xf1, 0xf0, 0x00, 0x40, 0x08, 0x80, 0x00,
  0x00, 0x00, 0x00, 0x80, 0x14, 0x00, 0x00, 0x00, 0x07, 0xf8, 0x00, 0x00, 0x00, 0x01, 0x09, 0x48,
  0x09, 0x00, 0x00, 0x10, 0x80, 0x04, 0x80, 0x01, 0xe7, 0xf8, 0x00, 0x00, 0x09, 0x00, 0x44, 0x00,
  0x00, 0x10, 0x04, 0x00, 0x08, 0x00, 0x00, 0x01, 0xc3, 0xf0, 0x00, 0x00, 0x10, 0x29, 0x00, 0x00,
  0x02, 0x40, 0x00, 0x20, 0x00, 0x52, 0x00, 0x00, 0x01, 0xa2, 0x00, 0x00, 0x00, 0x00, 0x08, 0x80,
  0x00, 0x08, 0x00, 0x02, 0x00, 0x00, 0x00, 0x00, 0x00, 0x03, 0x00, 0x00, 0x00, 0x14, 0x00, 0x02,
  0x00, 0x20, 0xa2, 0x00, 0x82, 0x00, 0x00, 0x00, 0x04, 0x03, 0xc0, 0x00, 0x00, 0x40, 0x08, 0x00,
  0x00, 0x00, 0x00, 0x49, 0x08, 0x40, 0x00, 0x00, 0x07, 0x00, 0xc4, 0x00, 0x40, 0x00, 0x00, 0x40,
  0x00, 0x00, 0x04, 0x80, 0x00, 0x00, 0x00, 0x00, 0x07, 0x00, 0x11, 0x40, 0x04, 0x00, 0x40, 0x14,
  0x00, 0x00, 0x02, 0x00, 0x08, 0x06, 0x90, 0x00, 0x0c, 0x01, 0x45, 0x02, 0x40, 0x00, 0x04, 0x00,
  0x01, 0x00, 0x00, 0x0a, 0x2c, 0x06, 0x40, 0x00, 0x00, 0x03, 0x83, 0x90, 0x11, 0x01, 0x10, 0x10,
  0x00, 0x80, 0x02, 0x20, 0x0c, 0x46, 0x10, 0x00, 0x00, 0x00, 0xeb, 0x00, 0x84, 0x04, 0x04, 0x00,
  0x00, 0x00, 0x00, 0x04, 0x18, 0x04, 0x06, 0x01, 0xf0, 0x00, 0xe7, 0x64, 0x20, 0x00, 0x00, 0x40,
  0x00, 0x00, 0x02, 0x02, 0x0c, 0x06, 0x07, 0x07, 0xb8, 0x00, 0x76, 0x09, 0x00, 0x00, 0x04, 0x00,
  0x00, 0x00, 0x00, 0x10, 0x08, 0x0e, 0x0f, 0x02, 0x18, 0x00, 0x3e, 0x40, 0x00, 0x01, 0x00, 0x90,
  0x00, 0x20, 0x00, 0x00, 0x0c, 0x4c, 0x0f, 0x06, 0x0c, 0x01, 0x1d, 0x12, 0x50, 0x04, 0x08, 0x00,
  0x01, 0x00, 0x00, 0x01, 0x0c, 0xbe, 0x0d, 0x82, 0x18, 0xfc, 0x2c, 0x00, 0x82, 0x00, 0x00, 0x80,
  0x08, 0x08, 0x00, 0x00, 0x0f, 0xf6, 0x3b, 0x03, 0x38, 0xfe, 0x0d, 0x20, 0x20, 0x40, 0x00, 0x00,
  0x00, 0x82, 0x00, 0x44, 0x0f, 0x06, 0xbf, 0x83, 0xd0, 0xc6, 0x1c, 0x0a, 0x06, 0x80, 0x00, 0x00,
  0x00, 0x40, 0x00, 0x10, 0x0c, 0x26, 0x35, 0x83, 0xe0, 0xc2, 0x18, 0x18, 0x03, 0x00, 0x00, 0x00,
  0x09, 0x40, 0x00, 0x05, 0x08, 0x06, 0x10, 0xc3, 0x00, 0xce, 0x34, 0x0c, 0x0a, 0x40, 0x02, 0x00,
  0x00, 0x00, 0x00, 0x90, 0x1c, 0x06, 0x01, 0xc3, 0x00, 0x7c, 0x18, 0x0c, 0x06, 0x00, 0x00, 0x00,
  0x00, 0xc0, 0x00, 0x02, 0x08, 0x04, 0x00, 0xc1, 0x80, 0xf0, 0x30, 0x07, 0x06, 0x00, 0x01, 0x00,
  0x00, 0x00, 0x01, 0x28, 0x1c, 0x06, 0x00, 0x03, 0x00, 0x60, 0xb0, 0x03, 0x0c, 0x00, 0x00, 0x00,
  0x00, 0x00, 0x00, 0x40, 0x08, 0x06, 0x00, 0x01, 0x00, 0xc4, 0x60, 0x03, 0x86, 0x00, 0x08, 0x00,
  0x00, 0x00, 0x00, 0x08, 0x18, 0x06, 0x00, 0x01, 0x00, 0xe2, 0x20, 0x01, 0x4c, 0x00, 0x00, 0x40,
  0x00, 0x00, 0x00, 0x00, 0x18, 0x00, 0x00, 0x00, 0x00, 0x00, 0x88, 0xc0, 0xcc, 0x00, 0x20, 0x00,
  0x00, 0x00, 0x00, 0x00, 0x12, 0x40, 0x00, 0x00, 0x20, 0x01, 0x02, 0xe0, 0xe8, 0x00, 0x00, 0x10,
  0x00, 0x00, 0x00, 0x01, 0x00, 0x68, 0xb0, 0xfe, 0x30, 0x48, 0x41, 0xe0, 0x78, 0x00, 0x0a, 0x80,
  0x00, 0x00, 0x00, 0x07, 0xe0, 0x20, 0xf9, 0xf4, 0x30, 0xea, 0x85, 0xb0, 0x38, 0x00, 0x20, 0x08,
  0x00, 0x00, 0x00, 0x0d, 0xe1, 0x01, 0x9c, 0x12, 0x60, 0xe0, 0x21, 0xb0, 0x18, 0x00, 0x01, 0x80,
  0x00, 0x00, 0x00, 0x04, 0x60, 0x44, 0xcc, 0x30, 0x32, 0xa2, 0x97, 0xf8, 0x30, 0x00, 0x04, 0x00,
  0x00, 0x02, 0x00, 0x0c, 0x60, 0x21, 0xd8, 0x30, 0x3f, 0xe1, 0x4f, 0xf0, 0x10, 0x00, 0x01, 0x00,
  0x00, 0x00, 0x00, 0x0e, 0xf4, 0x71, 0xf8, 0x30, 0x7a, 0xc7, 0xa3, 0x18, 0x31, 0x00, 0x00, 0x00,
  0x01, 0x20, 0x40, 0x07, 0xfa, 0x69, 0xe0, 0x30, 0x20, 0x67, 0xe6, 0x18, 0x70, 0x10, 0x00, 0x00,
  0x00, 0x40, 0x00, 0x0f, 0x9c, 0x31, 0x3c, 0x10, 0x60, 0x4c, 0xe0, 0x1c, 0x50, 0x00, 0x01, 0x00,
  0x02, 0x00, 0x00, 0x0e, 0x06, 0xa1, 0x9c, 0x30, 0x60, 0xe6, 0x38, 0x49, 0x64, 0x10, 0x00, 0x00,
  0x00, 0xa2, 0x00, 0x04, 0x16, 0x71, 0x86, 0x38, 0x60, 0x4d, 0x71, 0x00, 0x60, 0x84, 0x00, 0x00,
  0x02, 0x00, 0x80, 0x0e, 0x0c, 0x60, 0x00, 0x30, 0x50, 0x06, 0x72, 0x20, 0xc5, 0x20, 0x00, 0x00,
  0x04, 0x08, 0x00, 0x06, 0x2e, 0x30, 0x00, 0x30, 0x00, 0x0c, 0x60, 0x00, 0xc0, 0x00, 0x00, 0x00,
  0x00, 0x42, 0x00, 0x06, 0x18, 0x62, 0x00, 0x38, 0x00, 0x0d, 0x68, 0x42, 0x8a, 0x80, 0x00, 0x00,
  0x02, 0x08, 0x40, 0x0c, 0x38, 0x20, 0x00, 0x10, 0x00, 0x07, 0xe0, 0x00, 0xc0, 0x00, 0x00, 0x00,
  0x08, 0x41, 0x00, 0x26, 0x70, 0x00, 0x00, 0x00, 0x00, 0x1f, 0x80, 0x82, 0x00, 0x40, 0x00, 0x04,
  0x01, 0x04, 0x00, 0x06, 0xe0, 0x00, 0x00, 0x00, 0x00, 0x02, 0x40, 0x40, 0x04, 0x00, 0x01, 0x00,
  0x00, 0x00, 0x00, 0x87, 0xc0, 0x00, 0x00, 0x00, 0x00, 0x00, 0x81, 0x00, 0x00, 0x00, 0x12, 0x00,
  0x21, 0x20, 0x12, 0x0f, 0x00, 0x00, 0x00, 0x00, 0x00, 0x02, 0x08, 0x21, 0x11, 0x08, 0x00, 0x80,
  0x10, 0x80, 0x00, 0x02, 0x80, 0x00, 0x60, 0x10, 0x00, 0x00, 0x00, 0x04, 0x00, 0x10, 0x09, 0x00,
  0x45, 0x10, 0x40, 0x28, 0x00, 0x00, 0x40, 0x10, 0x00, 0x04, 0x01, 0x00, 0x09, 0x40, 0x00, 0x04,
  0x12, 0x40, 0x04, 0x05, 0x40, 0x00, 0x00, 0x00, 0x00, 0x00, 0x00, 0x00, 0x80, 0x00, 0x09, 0x20,
  0x40, 0x14, 0x08, 0x20, 0x00, 0x07, 0x00, 0x06, 0x00, 0x00, 0x01, 0x00, 0x21, 0x00, 0x10, 0x02,
  0x05, 0x40, 0x11, 0x05, 0x20, 0x03, 0x00, 0x0e, 0x00, 0x00, 0x00, 0x02, 0x10, 0x02, 0x00, 0x90,
  0x08, 0x10, 0x08, 0x22, 0x00, 0x01, 0xc0, 0x78, 0x00, 0x00, 0x00, 0x00, 0x82, 0x04, 0x24, 0x04,
  0x22, 0x02, 0x21, 0x10, 0x80, 0x00, 0xff, 0xd4, 0x00, 0x00, 0x00, 0x00, 0x08, 0x48, 0x00, 0x90,
  0x09, 0x20, 0x10, 0x08, 0x00, 0x00, 0x3f, 0xa0, 0x00, 0x00, 0x00, 0x01, 0x00, 0x00, 0x24, 0x08,
  0x00, 0x00, 0x00, 0x00, 0x00, 0x00, 0x00, 0x00, 0x00, 0x00, 0x00, 0x00, 0x10, 0x10, 0x00, 0x80
};

const uint8_t PROGMEM frame75[1024] = {
  0x00, 0x00, 0x00, 0x00, 0x00, 0x00, 0x00, 0x00, 0x00, 0x00, 0x00, 0x00, 0x00, 0x00, 0x00, 0x00,
  0x21, 0x20, 0x00, 0x00, 0x00, 0x28, 0x00, 0x00, 0x00, 0x18, 0x00, 0x00, 0x00, 0x04, 0x00, 0x00,
  0x00, 0x08, 0x00, 0x00, 0x08, 0x24, 0x00, 0x00, 0x00, 0x18, 0x00, 0x00, 0x00, 0x81, 0x00, 0x02,
  0x04, 0x00, 0x00, 0x00, 0x00, 0x00, 0x00, 0x00, 0x10, 0x38, 0x00, 0x00, 0x02, 0x00, 0x20, 0x00,
  0x00, 0x20, 0x10, 0x00, 0x11, 0x55, 0x00, 0x00, 0x18, 0x30, 0x00, 0x00, 0x08, 0x50, 0x48, 0x84,
  0x04, 0x01, 0x00, 0x00, 0x10, 0x00, 0x40, 0x00, 0x0c, 0x00, 0x00, 0x00, 0x01, 0x0a, 0x02, 0x00,
  0x10, 0x00, 0x00, 0x00, 0x41, 0x40, 0x00, 0x00, 0x00, 0x00, 0x00, 0x00, 0xa0, 0x49, 0x00, 0x54,
  0x00, 0x24, 0x00, 0x00, 0x14, 0x20, 0x00, 0x00, 0x01, 0xe0, 0x10, 0x01, 0x22, 0x00, 0x04, 0x00,
  0x02, 0x80, 0x00, 0x00, 0x40, 0x08, 0x00, 0x00, 0x03, 0xf9, 0xf0, 0x00, 0x01, 0x44, 0x00, 0x00,
  0x00, 0x04, 0x00, 0x00, 0x05, 0x00, 0x00, 0x00, 0x07, 0xf1, 0xf0, 0x00, 0x40, 0x00, 0x40, 0x00,
  0x02, 0x00, 0x00, 0x00, 0x08, 0x12, 0x00, 0x00, 0x07, 0xf8, 0x00, 0x00, 0x00, 0x09, 0x04, 0xa0,
  0x10, 0x00, 0x00, 0x48, 0xa0, 0x00, 0x40, 0x01, 0xe7, 0xf8, 0x00, 0x00, 0x08, 0x00, 0x48, 0x00,
  0x01, 0x00, 0x04, 0x00, 0x02, 0x21, 0x00, 0x01, 0xc3, 0xf0, 0x00, 0x00, 0x81, 0x20, 0x01, 0x00,
  0x20, 0x28, 0x00, 0x00, 0x00, 0x04, 0x00, 0x00, 0x01, 0xa2, 0x00, 0x00, 0x00, 0x08, 0x00, 0x04,
  0x02, 0x00, 0x00, 0x40, 0x00, 0x00, 0x00, 0x00, 0x00, 0x03, 0x00, 0x00, 0x00, 0x44, 0x08, 0x20,
  0x00, 0x22, 0x40, 0x05, 0x02, 0x80, 0x00, 0x00, 0x04, 0x03, 0xc4, 0x00, 0x09, 0x01, 0x00, 0x00,
  0x00, 0x00, 0x12, 0x20, 0x10, 0x20, 0x00, 0x00, 0x07, 0x00, 0xc0, 0x00, 0x40, 0x00, 0x20, 0x40,
  0x00, 0x00, 0x00, 0x80, 0x80, 0x00, 0x00, 0x00, 0x07, 0x00, 0x13, 0x00, 0x00, 0x00, 0x04, 0x0a,
  0x00, 0x00, 0x02, 0x08, 0x0a, 0x06, 0x40, 0x00, 0x0c, 0x01, 0x05, 0x44, 0xa4, 0x00, 0x80, 0x10,
  0x00, 0x80, 0x00, 0x02, 0x2c, 0x05, 0x10, 0x00, 0x00, 0x03, 0xd3, 0x00, 0x00, 0x02, 0x09, 0x00,
  0x00, 0x00, 0x02, 0x04, 0x08, 0x46, 0x08, 0x00, 0x00, 0x01, 0xc7, 0x20, 0x12, 0x08, 0x04, 0x10,
  0x00, 0x00, 0x00, 0x20, 0x2c, 0x06, 0x06, 0x01, 0xf0, 0x00, 0x75, 0x4a, 0x80, 0x00, 0x00, 0x00,
  0x00, 0x00, 0x02, 0x04, 0x0c, 0x06, 0x07, 0x03, 0xb8, 0x00, 0xb6, 0x20, 0x40, 0x40, 0x04, 0x00,
  0x00, 0x00, 0x00, 0x11, 0x08, 0x46, 0x0f, 0x06, 0x18, 0x02, 0x3e, 0x02, 0x00, 0x01, 0x40, 0x40,
  0x02, 0x20, 0x00, 0x80, 0x0c, 0x0c, 0x0d, 0x02, 0x0c, 0x08, 0x1c, 0x28, 0x10, 0x04, 0x08, 0x08,
  0x00, 0x00, 0x00, 0x00, 0x0c, 0xfe, 0x0f, 0x86, 0x18, 0xfc, 0x4d, 0x00, 0xa2, 0x00, 0x00, 0xa0,
  0x08, 0x04, 0x00, 0x00, 0x8f, 0xee, 0x39, 0x03, 0x38, 0xee, 0x1c, 0x02, 0x00, 0x00, 0x00, 0x00,
  0x00, 0xa0, 0x00, 0x02, 0x0f, 0x06, 0xbf, 0x83, 0xe8, 0xc6, 0x08, 0x08, 0x85, 0x40, 0x00, 0x00,
  0x00, 0x04, 0x00, 0x20, 0x0c, 0x26, 0x35, 0xc3, 0x60, 0xc6, 0x3c, 0x34, 0x07, 0x00, 0x00, 0x00,
  0x02, 0xa1, 0x00, 0x04, 0x08, 0x06, 0x11, 0x83, 0x80, 0x66, 0x18, 0x0c, 0x05, 0x00, 0x02, 0x00,
  0x00, 0x40, 0x00, 0x81, 0x1c, 0x04, 0x00, 0xc1, 0x00, 0xfc, 0x30, 0x0c, 0x06, 0x40, 0x00, 0x00,
  0x00, 0x80, 0x00, 0x04, 0x08, 0x06, 0x00, 0xc3, 0x00, 0x74, 0x30, 0x06, 0x0a, 0x00, 0x00, 0x00,
  0x02, 0x00, 0x01, 0x11, 0x1c, 0x06, 0x00, 0x03, 0x00, 0xc0, 0x30, 0x07, 0x06, 0x00, 0x00, 0x00,
  0x00, 0x00, 0x00, 0x04, 0x08, 0x06, 0x00, 0x01, 0x80, 0x60, 0x60, 0x01, 0x8c, 0x00, 0x00, 0x00,
  0x00, 0x00, 0x00, 0x10, 0x18, 0x04, 0x00, 0x01, 0x00, 0xea, 0xa0, 0x01, 0xcc, 0x00, 0x04, 0x40,
  0x00, 0x00, 0x00, 0x00, 0x18, 0x02, 0x00, 0x00, 0x00, 0x00, 0x00, 0xe0, 0xcc, 0x00, 0x00, 0x00,
  0x00, 0x00, 0x00, 0x00, 0x12, 0xa0, 0x00, 0x00, 0x00, 0x01, 0x44, 0xc0, 0xe8, 0x00, 0x20, 0x00,
  0x00, 0x00, 0x00, 0x01, 0x00, 0x28, 0xb1, 0xfe, 0x30, 0x44, 0x01, 0xf0, 0x38, 0x00, 0x01, 0x28,
  0x00, 0x00, 0x00, 0x07, 0xe0, 0x41, 0xf8, 0xfa, 0x30, 0xf1, 0x25, 0xe0, 0x38, 0x00, 0x10, 0x80,
  0x00, 0x00, 0x00, 0x0e, 0xe0, 0x00, 0x9c, 0x20, 0x70, 0xc8, 0x91, 0xb0, 0x38, 0x00, 0x05, 0x04,
  0x00, 0x00, 0x00, 0x08, 0x60, 0x4a, 0xcc, 0x30, 0x22, 0xe2, 0x47, 0xf8, 0x10, 0x00, 0x00, 0x80,
  0x00, 0x00, 0x00, 0x0e, 0x62, 0x21, 0xd8, 0x30, 0x3f, 0xc1, 0x17, 0xb0, 0x30, 0x00, 0x02, 0x00,
  0x00, 0x02, 0x00, 0x05, 0xf0, 0x70, 0xf8, 0x30, 0x7a, 0xe7, 0xc6, 0x98, 0x31, 0x00, 0x08, 0x00,
  0x00, 0x80, 0x00, 0x0f, 0xfc, 0x65, 0xf0, 0x30, 0x60, 0x47, 0xe6, 0x1c, 0x60, 0x10, 0x00, 0x00,
  0x02, 0x20, 0x10, 0x07, 0x1e, 0x71, 0xb8, 0x10, 0x60, 0x6c, 0xf0, 0x18, 0x68, 0x00, 0x00, 0x00,
  0x00, 0x00, 0x00, 0x0e, 0x15, 0x21, 0x8e, 0x30, 0x20, 0xce, 0x68, 0x0c, 0x61, 0x10, 0x00, 0x00,
  0x02, 0x41, 0x00, 0x0e, 0x06, 0x71, 0x46, 0x38, 0x70, 0x44, 0xb1, 0x00, 0x68, 0x24, 0x00, 0x00,
  0x00, 0x10, 0x00, 0x04, 0x2c, 0x60, 0x00, 0x30, 0x60, 0x4e, 0x70, 0xa0, 0xc2, 0x80, 0x00, 0x00,
  0x05, 0x01, 0x20, 0x0e, 0x1e, 0x30, 0x00, 0x30, 0x00, 0x04, 0x64, 0x00, 0xc0, 0x01, 0x00, 0x00,
  0x08, 0x08, 0x00, 0x06, 0x28, 0x60, 0x00, 0x38, 0x00, 0x0e, 0xf0, 0x42, 0x8a, 0x20, 0x00, 0x00,
  0x00, 0x40, 0x00, 0x06, 0x38, 0x20, 0x00, 0x10, 0x00, 0x0d, 0xc0, 0x00, 0xc0, 0x00, 0x00, 0x00,
  0x00, 0x0a, 0x40, 0x16, 0x70, 0x00, 0x00, 0x00, 0x00, 0x07, 0xa0, 0xa0, 0x00, 0x00, 0x00, 0x08,
  0x01, 0x44, 0x00, 0x06, 0xd0, 0x00, 0x00, 0x00, 0x00, 0x06, 0x80, 0x02, 0x04, 0x00, 0x00, 0x00,
  0x08, 0x00, 0x00, 0x07, 0xc0, 0x10, 0x00, 0x00, 0x00, 0x00, 0x01, 0x00, 0x00, 0x00, 0x09, 0x00,
  0x10, 0x80, 0x00, 0x0f, 0x00, 0x00, 0x00, 0x00, 0x00, 0x08, 0x00, 0x20, 0x91, 0x10, 0x00, 0x80,
  0x01, 0x20, 0x20, 0x51, 0x00, 0x00, 0x60, 0x10, 0x00, 0x01, 0x00, 0x84, 0x00, 0x00, 0x10, 0x00,
  0x44, 0x80, 0x42, 0x04, 0x40, 0x00, 0x40, 0x10, 0x00, 0x00, 0x10, 0x00, 0x00, 0x80, 0x05, 0x44,
  0x11, 0x10, 0x00, 0x12, 0x00, 0x00, 0x00, 0x00, 0x00, 0x00, 0x01, 0x00, 0x04, 0x40, 0x00, 0x00,
  0x44, 0x09, 0x04, 0x24, 0x40, 0x06, 0x00, 0x06, 0x00, 0x00, 0x00, 0x08, 0xa1, 0x04, 0x14, 0x02,
  0x04, 0x40, 0x08, 0x01, 0x10, 0x03, 0x80, 0x0e, 0x00, 0x00, 0x00, 0x00, 0x00, 0x00, 0x10, 0x50,
  0x21, 0x14, 0x11, 0x24, 0x00, 0x01, 0xc0, 0x78, 0x00, 0x00, 0x02, 0x02, 0x24, 0x10, 0x00, 0x04,
  0x08, 0x00, 0x00, 0x12, 0xa0, 0x00, 0xff, 0xe8, 0x00, 0x00, 0x00, 0x00, 0x08, 0x40, 0x20, 0x90,
  0x02, 0x20, 0x28, 0x08, 0x00, 0x00, 0x3f, 0xa0, 0x00, 0x00, 0x00, 0x00, 0x00, 0x09, 0x02, 0x08,
  0x11, 0x00, 0x00, 0x00, 0x00, 0x00, 0x00, 0x00, 0x00, 0x00, 0x00, 0x00, 0x10, 0x10, 0x00, 0x00
};

const uint8_t PROGMEM frame76[1024] = {
  0x00, 0x00, 0x00, 0x00, 0x00, 0x00, 0x00, 0x00, 0x00, 0x00, 0x00, 0x00, 0x00, 0x00, 0x00, 0x00,
  0x21, 0x20, 0x00, 0x00, 0x00, 0x28, 0x00, 0x00, 0x00, 0x18, 0x00, 0x00, 0x00, 0x04, 0x00, 0x00,
  0x00, 0x08, 0x00, 0x00, 0x08, 0x24, 0x00, 0x00, 0x00, 0x18, 0x00, 0x00, 0x00, 0x81, 0x00, 0x02,
  0x04, 0x00, 0x00, 0x00, 0x00, 0x00, 0x00, 0x00, 0x10, 0x38, 0x00, 0x00, 0x02, 0x00, 0x20, 0x00,
  0x00, 0x20, 0x10, 0x00, 0x11, 0x55, 0x00, 0x00, 0x18, 0x30, 0x00, 0x00, 0x08, 0x50, 0x48, 0x84,
  0x04, 0x01, 0x00, 0x00, 0x10, 0x00, 0x40, 0x00, 0x0c, 0x00, 0x00, 0x00, 0x01, 0x0a, 0x02, 0x00,
  0x10, 0x00, 0x00, 0x00, 0x41, 0x40, 0x00, 0x00, 0x00, 0x00, 0x00, 0x00, 0xa0, 0x49, 0x00, 0x54,
  0x00, 0x24, 0x00, 0x00, 0x14, 0x20, 0x00, 0x00, 0x01, 0xe0, 0x10, 0x01, 0x22, 0x00, 0x04, 0x00,
  0x02, 0x80, 0x00, 0x00, 0x40, 0x08, 0x00, 0x00, 0x03, 0xf9, 0xf0, 0x00, 0x01, 0x44, 0x00, 0x00,
  0x00, 0x04, 0x00, 0x00, 0x05, 0x00, 0x00, 0x00, 0x07, 0xf1, 0xf0, 0x00, 0x40, 0x00, 0x40, 0x00,
  0x02, 0x00, 0x00, 0x00, 0x08, 0x12, 0x00, 0x00, 0x07, 0xf8, 0x00, 0x00, 0x00, 0x09, 0x04, 0xa0,
  0x10, 0x00, 0x00, 0x48, 0xa0, 0x00, 0x40, 0x01, 0xe7, 0xf8, 0x00, 0x00, 0x08, 0x00, 0x48, 0x00,
  0x01, 0x00, 0x04, 0x00, 0x02, 0x21, 0x00, 0x01, 0xc3, 0xf0, 0x00, 0x00, 0x81, 0x20, 0x01, 0x00,
  0x20, 0x28, 0x00, 0x00, 0x00, 0x04, 0x00, 0x00, 0x01, 0xa2, 0x00, 0x00, 0x00, 0x08, 0x00, 0x04,
  0x02, 0x00, 0x00, 0x40, 0x00, 0x00, 0x00, 0x00, 0x00, 0x03, 0x00, 0x00, 0x00, 0x44, 0x08, 0x20,
  0x00, 0x22, 0x40, 0x05, 0x02, 0x80, 0x00, 0x00, 0x04, 0x03, 0xc4, 0x00, 0x09, 0x01, 0x00, 0x00,
  0x00, 0x00, 0x12, 0x20, 0x10, 0x20, 0x00, 0x00, 0x07, 0x00, 0xc0, 0x00, 0x40, 0x00, 0x20, 0x40,
  0x00, 0x00, 0x00, 0x80, 0x80, 0x00, 0x00, 0x00, 0x07, 0x00, 0x13, 0x00, 0x00, 0x00, 0x04, 0x0a,
  0x00, 0x00, 0x02, 0x08, 0x0a, 0x06, 0x40, 0x00, 0x0c, 0x01, 0x05, 0x44, 0xa4, 0x00, 0x80, 0x10,
  0x00, 0x80, 0x00, 0x02, 0x2c, 0x05, 0x10, 0x00, 0x00, 0x03, 0xd3, 0x00, 0x00, 0x02, 0x09, 0x00,
  0x00, 0x00, 0x02, 0x04, 0x08, 0x46, 0x08, 0x00, 0x00, 0x01, 0xc7, 0x20, 0x12, 0x08, 0x04, 0x10,
  0x00, 0x00, 0x00, 0x20, 0x2c, 0x06, 0x06, 0x01, 0xf0, 0x00, 0x75, 0x4a, 0x80, 0x00, 0x00, 0x00,
  0x00, 0x00, 0x02, 0x04, 0x0c, 0x06, 0x07, 0x03, 0xb8, 0x00, 0xb6, 0x20, 0x40, 0x40, 0x04, 0x00,
  0x00, 0x00, 0x00, 0x11, 0x08, 0x46, 0x0f, 0x06, 0x18, 0x02, 0x3e, 0x02, 0x00, 0x01, 0x40, 0x40,
  0x02, 0x20, 0x00, 0x80, 0x0c, 0x0c, 0x0d, 0x02, 0x0c, 0x08, 0x1c, 0x28, 0x10, 0x04, 0x08, 0x08,
  0x00, 0x00, 0x00, 0x00, 0x0c, 0xfe, 0x0f, 0x86, 0x18, 0xfc, 0x4d, 0x00, 0xa2, 0x00, 0x00, 0xa0,
  0x08, 0x04, 0x00, 0x00, 0x8f, 0xee, 0x39, 0x03, 0x38, 0xee, 0x1c, 0x02, 0x00, 0x00, 0x00, 0x00,
  0x00, 0xa0, 0x00, 0x02, 0x0f, 0x06, 0xbf, 0x83, 0xe8, 0xc6, 0x08, 0x08, 0x85, 0x40, 0x00, 0x00,
  0x00, 0x04, 0x00, 0x20, 0x0c, 0x26, 0x35, 0xc3, 0x60, 0xc6, 0x3c, 0x34, 0x07, 0x00, 0x00, 0x00,
  0x02, 0xa1, 0x00, 0x04, 0x08, 0x06, 0x11, 0x83, 0x80, 0x66, 0x18, 0x0c, 0x05, 0x00, 0x02, 0x00,
  0x00, 0x40, 0x00, 0x81, 0x1c, 0x04, 0x00, 0xc1, 0x00, 0xfc, 0x30, 0x0c, 0x06, 0x40, 0x00, 0x00,
  0x00, 0x80, 0x00, 0x04, 0x08, 0x06, 0x00, 0xc3, 0x00, 0x74, 0x30, 0x06, 0x0a, 0x00, 0x00, 0x00,
  0x02, 0x00, 0x01, 0x11, 0x1c, 0x06, 0x00, 0x03, 0x00, 0xc0, 0x30, 0x07, 0x06, 0x00, 0x00, 0x00,
  0x00, 0x00, 0x00, 0x04, 0x08, 0x06, 0x00, 0x01, 0x80, 0x60, 0x60, 0x01, 0x8c, 0x00, 0x00, 0x00,
  0x00, 0x00, 0x00, 0x10, 0x18, 0x04, 0x00, 0x01, 0x00, 0xea, 0xa0, 0x01, 0xcc, 0x00, 0x04, 0x40,
  0x00, 0x00, 0x00, 0x00, 0x18, 0x02, 0x00, 0x00, 0x00, 0x00, 0x00, 0xe0, 0xcc, 0x00, 0x00, 0x00,
  0x00, 0x00, 0x00, 0x00, 0x12, 0xa0, 0x00, 0x00, 0x00, 0x01, 0x44, 0xc0, 0xe8, 0x00, 0x20, 0x00,
  0x00, 0x00, 0x00, 0x01, 0x00, 0x28, 0xb1, 0xfe, 0x30, 0x44, 0x01, 0xf0, 0x38, 0x00, 0x01, 0x28,
  0x00, 0x00, 0x00, 0x07, 0xe0, 0x41, 0xf8, 0xfa, 0x30, 0xf1, 0x25, 0xe0, 0x38, 0x00, 0x10, 0x80,
  0x00, 0x00, 0x00, 0x0e, 0xe0, 0x00, 0x9c, 0x20, 0x70, 0xc8, 0x91, 0xb0, 0x38, 0x00, 0x05, 0x04,
  0x00, 0x00, 0x00, 0x08, 0x60, 0x4a, 0xcc, 0x30, 0x22, 0xe2, 0x47, 0xf8, 0x10, 0x00, 0x00, 0x80,
  0x00, 0x00, 0x00, 0x0e, 0x62, 0x21, 0xd8, 0x30, 0x3f, 0xc1, 0x17, 0xb0, 0x30, 0x00, 0x02, 0x00,
  0x00, 0x02, 0x00, 0x05, 0xf0, 0x70, 0xf8, 0x30, 0x7a, 0xe7, 0xc6, 0x98, 0x31, 0x00, 0x08, 0x00,
  0x00, 0x80, 0x00, 0x0f, 0xfc, 0x65, 0xf0, 0x30, 0x60, 0x47, 0xe6, 0x1c, 0x60, 0x10, 0x00, 0x00,
  0x02, 0x20, 0x10, 0x07, 0x1e, 0x71, 0xb8, 0x10, 0x60, 0x6c, 0xf0, 0x18, 0x68, 0x00, 0x00, 0x00,
  0x00, 0x00, 0x00, 0x0e, 0x15, 0x21, 0x8e, 0x30, 0x20, 0xce, 0x68, 0x0c, 0x61, 0x10, 0x00, 0x00,
  0x02, 0x41, 0x00, 0x0e, 0x06, 0x71, 0x46, 0x38, 0x70, 0x44, 0xb1, 0x00, 0x68, 0x24, 0x00, 0x00,
  0x00, 0x10, 0x00, 0x04, 0x2c, 0x60, 0x00, 0x30, 0x60, 0x4e, 0x70, 0xa0, 0xc2, 0x80, 0x00, 0x00,
  0x05, 0x01, 0x20, 0x0e, 0x1e, 0x30, 0x00, 0x30, 0x00, 0x04, 0x64, 0x00, 0xc0, 0x01, 0x00, 0x00,
  0x08, 0x08, 0x00, 0x06, 0x28, 0x60, 0x00, 0x38, 0x00, 0x0e, 0xf0, 0x42, 0x8a, 0x20, 0x00, 0x00,
  0x00, 0x40, 0x00, 0x06, 0x38, 0x20, 0x00, 0x10, 0x00, 0x0d, 0xc0, 0x00, 0xc0, 0x00, 0x00, 0x00,
  0x00, 0x0a, 0x40, 0x16, 0x70, 0x00, 0x00, 0x00, 0x00, 0x07, 0xa0, 0xa0, 0x00, 0x00, 0x00, 0x08,
  0x01, 0x44, 0x00, 0x06, 0xd0, 0x00, 0x00, 0x00, 0x00, 0x06, 0x80, 0x02, 0x04, 0x00, 0x00, 0x00,
  0x08, 0x00, 0x00, 0x07, 0xc0, 0x10, 0x00, 0x00, 0x00, 0x00, 0x01, 0x00, 0x00, 0x00, 0x09, 0x00,
  0x10, 0x80, 0x00, 0x0f, 0x00, 0x00, 0x00, 0x00, 0x00, 0x08, 0x00, 0x20, 0x91, 0x10, 0x00, 0x80,
  0x01, 0x20, 0x20, 0x51, 0x00, 0x00, 0x60, 0x10, 0x00, 0x01, 0x00, 0x84, 0x00, 0x00, 0x10, 0x00,
  0x44, 0x80, 0x42, 0x04, 0x40, 0x00, 0x40, 0x10, 0x00, 0x00, 0x10, 0x00, 0x00, 0x80, 0x05, 0x44,
  0x11, 0x10, 0x00, 0x12, 0x00, 0x00, 0x00, 0x00, 0x00, 0x00, 0x01, 0x00, 0x04, 0x40, 0x00, 0x00,
  0x44, 0x09, 0x04, 0x24, 0x40, 0x06, 0x00, 0x06, 0x00, 0x00, 0x00, 0x08, 0xa1, 0x04, 0x14, 0x02,
  0x04, 0x40, 0x08, 0x01, 0x10, 0x03, 0x80, 0x0e, 0x00, 0x00, 0x00, 0x00, 0x00, 0x00, 0x10, 0x50,
  0x21, 0x14, 0x11, 0x24, 0x00, 0x01, 0xc0, 0x78, 0x00, 0x00, 0x02, 0x02, 0x24, 0x10, 0x00, 0x04,
  0x08, 0x00, 0x00, 0x12, 0xa0, 0x00, 0xff, 0xe8, 0x00, 0x00, 0x00, 0x00, 0x08, 0x40, 0x20, 0x90,
  0x02, 0x20, 0x28, 0x08, 0x00, 0x00, 0x3f, 0xa0, 0x00, 0x00, 0x00, 0x00, 0x00, 0x09, 0x02, 0x08,
  0x11, 0x00, 0x00, 0x00, 0x00, 0x00, 0x00, 0x00, 0x00, 0x00, 0x00, 0x00, 0x10, 0x10, 0x00, 0x00
};

const uint8_t PROGMEM frame77[1024] = {
  0x00, 0x00, 0x00, 0x00, 0x00, 0x00, 0x00, 0x00, 0x00, 0x00, 0x00, 0x00, 0x00, 0x00, 0x00, 0x00,
  0x21, 0x20, 0x00, 0x00, 0x00, 0x28, 0x00, 0x00, 0x00, 0x18, 0x00, 0x00, 0x00, 0x04, 0x00, 0x00,
  0x00, 0x08, 0x00, 0x00, 0x08, 0x24, 0x00, 0x00, 0x00, 0x18, 0x00, 0x00, 0x00, 0x81, 0x00, 0x02,
  0x04, 0x00, 0x00, 0x00, 0x00, 0x00, 0x00, 0x00, 0x10, 0x38, 0x00, 0x00, 0x02, 0x00, 0x20, 0x00,
  0x00, 0x20, 0x10, 0x00, 0x11, 0x55, 0x00, 0x00, 0x18, 0x30, 0x00, 0x00, 0x08, 0x50, 0x48, 0x84,
  0x04, 0x01, 0x00, 0x00, 0x10, 0x00, 0x40, 0x00, 0x0c, 0x00, 0x00, 0x00, 0x01, 0x0a, 0x02, 0x00,
  0x10, 0x00, 0x00, 0x00, 0x41, 0x40, 0x00, 0x00, 0x00, 0x00, 0x00, 0x00, 0xa0, 0x49, 0x00, 0x54,
  0x00, 0x24, 0x00, 0x00, 0x14, 0x20, 0x00, 0x00, 0x01, 0xe0, 0x10, 0x01, 0x22, 0x00, 0x04, 0x00,
  0x02, 0x80, 0x00, 0x00, 0x40, 0x08, 0x00, 0x00, 0x03, 0xf9, 0xf0, 0x00, 0x01, 0x44, 0x00, 0x00,
  0x00, 0x04, 0x00, 0x00, 0x05, 0x00, 0x00, 0x00, 0x07, 0xf1, 0xf0, 0x00, 0x40, 0x00, 0x40, 0x00,
  0x02, 0x00, 0x00, 0x00, 0x08, 0x12, 0x00, 0x00, 0x07, 0xf8, 0x00, 0x00, 0x00, 0x09, 0x04, 0xa0,
  0x10, 0x00, 0x00, 0x48, 0xa0, 0x00, 0x40, 0x01, 0xe7, 0xf8, 0x00, 0x00, 0x08, 0x00, 0x48, 0x00,
  0x01, 0x00, 0x04, 0x00, 0x02, 0x21, 0x00, 0x01, 0xc3, 0xf0, 0x00, 0x00, 0x81, 0x20, 0x01, 0x00,
  0x20, 0x28, 0x00, 0x00, 0x00, 0x04, 0x00, 0x00, 0x01, 0xa2, 0x00, 0x00, 0x00, 0x08, 0x00, 0x04,
  0x02, 0x00, 0x00, 0x40, 0x00, 0x00, 0x00, 0x00, 0x00, 0x03, 0x00, 0x00, 0x00, 0x44, 0x08, 0x20,
  0x00, 0x22, 0x40, 0x05, 0x02, 0x80, 0x00, 0x00, 0x04, 0x03, 0xc4, 0x00, 0x09, 0x01, 0x00, 0x00,
  0x00, 0x00, 0x12, 0x20, 0x10, 0x20, 0x00, 0x00, 0x07, 0x00, 0xc0, 0x00, 0x40, 0x00, 0x20, 0x40,
  0x00, 0x00, 0x00, 0x80, 0x80, 0x00, 0x00, 0x00, 0x07, 0x00, 0x13, 0x00, 0x00, 0x00, 0x04, 0x0a,
  0x00, 0x00, 0x02, 0x08, 0x0c, 0x06, 0x80, 0x00, 0x0c, 0x03, 0x07, 0x44, 0xa4, 0x00, 0x80, 0x10,
  0x00, 0x80, 0x00, 0x02, 0x2d, 0x06, 0x20, 0x00, 0x00, 0x03, 0xd5, 0x00, 0x00, 0x02, 0x09, 0x00,
  0x00, 0x00, 0x02, 0x04, 0x0c, 0x06, 0x10, 0x00, 0xc0, 0x00, 0xc6, 0x20, 0x12, 0x08, 0x04, 0x10,
  0x00, 0x00, 0x00, 0x20, 0x2c, 0x22, 0x06, 0x03, 0xf0, 0x00, 0xf6, 0xc5, 0x40, 0x00, 0x00, 0x00,
  0x00, 0x00, 0x02, 0x04, 0x0c, 0x07, 0x0e, 0x06, 0x38, 0x00, 0x6c, 0x12, 0x00, 0x40, 0x04, 0x00,
  0x00, 0x00, 0x00, 0x11, 0x0c, 0x46, 0x0e, 0x06, 0x18, 0x02, 0x3e, 0x20, 0x00, 0x01, 0x40, 0x40,
  0x02, 0x20, 0x00, 0x80, 0x0c, 0x0e, 0x0f, 0x04, 0x18, 0x38, 0x1c, 0x00, 0x50, 0x04, 0x08, 0x08,
  0x00, 0x00, 0x00, 0x00, 0x0d, 0x7e, 0x1b, 0x06, 0x18, 0x7e, 0x59, 0x09, 0x02, 0x00, 0x00, 0xa0,
  0x08, 0x04, 0x00, 0x00, 0x8f, 0xf7, 0x1b, 0x03, 0x70, 0xc7, 0x1c, 0x00, 0x80, 0x00, 0x00, 0x00,
  0x00, 0xa0, 0x00, 0x02, 0x0e, 0x86, 0x7f, 0x87, 0xe0, 0x62, 0x18, 0x1a, 0x27, 0x40, 0x00, 0x00,
  0x00, 0x04, 0x00, 0x20, 0x0c, 0x03, 0x7b, 0x83, 0x40, 0xc7, 0x32, 0x0c, 0x03, 0x00, 0x00, 0x00,
  0x02, 0xa1, 0x00, 0x04, 0x0c, 0x06, 0x21, 0x83, 0x00, 0x6e, 0x34, 0x0c, 0x06, 0x40, 0x02, 0x00,
  0x00, 0x40, 0x00, 0x81, 0x0c, 0x06, 0x11, 0x83, 0x00, 0x7c, 0x30, 0x06, 0x06, 0x00, 0x00, 0x00,
  0x00, 0x80, 0x00, 0x04, 0x0c, 0x02, 0x00, 0xc3, 0x00, 0x70, 0x60, 0x07, 0x05, 0x00, 0x00, 0x00,
  0x02, 0x00, 0x01, 0x11, 0x0c, 0x06, 0x00, 0x83, 0x00, 0x60, 0x60, 0x03, 0x06, 0x00, 0x00, 0x00,
  0x00, 0x00, 0x00, 0x04, 0x08, 0x06, 0x00, 0x01, 0x00, 0xc4, 0x60, 0x01, 0xcc, 0x00, 0x00, 0x00,
  0x00, 0x00, 0x00, 0x10, 0x1c, 0x02, 0x00, 0x00, 0x00, 0x62, 0x00, 0x00, 0xc4, 0x00, 0x04, 0x40,
  0x00, 0x00, 0x00, 0x00, 0x08, 0x00, 0x00, 0x00, 0x00, 0x00, 0x80, 0xe0, 0xdc, 0x00, 0x00, 0x00,
  0x00, 0x00, 0x00, 0x00, 0x08, 0xa0, 0x00, 0x14, 0x60, 0x01, 0x44, 0xe0, 0x6c, 0x00, 0x20, 0x00,
  0x00, 0x00, 0x00, 0x00, 0x00, 0x59, 0x71, 0xff, 0x20, 0xc8, 0x11, 0xf0, 0x38, 0x00, 0x81, 0x28,
  0x00, 0x00, 0x00, 0x07, 0xc0, 0x00, 0xdc, 0x78, 0x70, 0xd5, 0x02, 0xb0, 0x18, 0x00, 0x08, 0x80,
  0x00, 0x00, 0x00, 0x0f, 0xc0, 0x00, 0xdc, 0x10, 0x60, 0xc0, 0xa5, 0xf4, 0x18, 0x00, 0x02, 0x04,
  0x00, 0x00, 0x00, 0x18, 0x60, 0xa4, 0xcc, 0x38, 0x37, 0xd2, 0x0b, 0xf8, 0x38, 0x00, 0x01, 0x00,
  0x00, 0x00, 0x00, 0x0c, 0xc2, 0x30, 0xdc, 0x10, 0x7d, 0xc5, 0xa7, 0xb8, 0x10, 0x00, 0x01, 0x40,
  0x00, 0x02, 0x00, 0x1d, 0xe0, 0x60, 0xf8, 0x38, 0x62, 0xcf, 0xc3, 0x08, 0x31, 0x00, 0x00, 0x00,
  0x00, 0x80, 0x00, 0x0f, 0xf8, 0x35, 0xf0, 0x10, 0x60, 0x44, 0xe4, 0x1c, 0x30, 0x10, 0x01, 0x00,
  0x02, 0x20, 0x10, 0x0f, 0x2c, 0x21, 0xb8, 0x18, 0x60, 0xce, 0xb0, 0x0c, 0x60, 0x00, 0x00, 0x00,
  0x00, 0x00, 0x00, 0x0c, 0x1d, 0x30, 0x8e, 0x30, 0x60, 0xcc, 0xf4, 0x44, 0x68, 0x80, 0x00, 0x00,
  0x02, 0x41, 0x00, 0x0c, 0x0c, 0x31, 0xc7, 0x18, 0x60, 0x8e, 0x51, 0x00, 0x60, 0x28, 0x00, 0x00,
  0x00, 0x10, 0x00, 0x0c, 0x2c, 0x74, 0x00, 0x30, 0xa0, 0x04, 0x70, 0x40, 0x65, 0x02, 0x00, 0x00,
  0x05, 0x01, 0x20, 0x0c, 0x1c, 0x30, 0x00, 0x18, 0x00, 0x0d, 0x62, 0x00, 0xc0, 0x40, 0x00, 0x00,
  0x08, 0x08, 0x00, 0x0c, 0x38, 0x30, 0x00, 0x30, 0x00, 0x0c, 0xe0, 0x44, 0x8a, 0x00, 0x00, 0x00,
  0x00, 0x40, 0x00, 0x0c, 0x30, 0x00, 0x00, 0x00, 0x00, 0x07, 0xc8, 0x00, 0xc0, 0x00, 0x00, 0x00,
  0x00, 0x0a, 0x40, 0x1c, 0x70, 0x20, 0x00, 0x00, 0x00, 0x0f, 0x20, 0x42, 0x00, 0x40, 0x00, 0x00,
  0x01, 0x44, 0x00, 0x06, 0xe0, 0x00, 0x00, 0x00, 0x00, 0x01, 0x00, 0x00, 0x00, 0x00, 0x08, 0x00,
  0x08, 0x00, 0x00, 0x0f, 0x80, 0x00, 0x00, 0x00, 0x00, 0x04, 0x01, 0x20, 0x00, 0x00, 0x01, 0x00,
  0x10, 0x80, 0x00, 0x0f, 0x00, 0x00, 0x00, 0x00, 0x00, 0x00, 0x00, 0x00, 0x12, 0x08, 0x04, 0x40,
  0x01, 0x20, 0x20, 0x4a, 0x20, 0x00, 0x60, 0x10, 0x00, 0x02, 0x08, 0x4a, 0x00, 0x20, 0x10, 0x00,
  0x44, 0x80, 0x42, 0x10, 0x80, 0x00, 0x40, 0x10, 0x00, 0x00, 0x00, 0x00, 0x01, 0x40, 0x01, 0x44,
  0x11, 0x10, 0x00, 0x0a, 0x00, 0x00, 0x00, 0x00, 0x00, 0x00, 0x21, 0x00, 0x08, 0x00, 0x04, 0x00,
  0x44, 0x09, 0x04, 0x22, 0x40, 0x06, 0x00, 0x06, 0x00, 0x00, 0x00, 0x00, 0xa1, 0x00, 0x10, 0x02,
  0x04, 0x40, 0x08, 0x00, 0x20, 0x03, 0x80, 0x0e, 0x00, 0x00, 0x00, 0x02, 0x00, 0x00, 0x10, 0x90,
  0x21, 0x14, 0x11, 0x2a, 0x80, 0x01, 0xc0, 0x58, 0x00, 0x00, 0x02, 0x00, 0x22, 0x14, 0x00, 0x04,
  0x08, 0x00, 0x00, 0x04, 0x10, 0x00, 0xff, 0xf8, 0x00, 0x00, 0x00, 0x00, 0x88, 0x40, 0x22, 0x90,
  0x02, 0x20, 0x28, 0x11, 0x00, 0x00, 0x1f, 0xa0, 0x00, 0x00, 0x00, 0x00, 0x00, 0x08, 0x00, 0x08,
  0x11, 0x00, 0x00, 0x04, 0x00, 0x00, 0x00, 0x00, 0x00, 0x00, 0x00, 0x01, 0x00, 0x11, 0x20, 0x80
};

const uint8_t PROGMEM frame78[1024] = {
  0x00, 0x00, 0x00, 0x00, 0x00, 0x00, 0x00, 0x00, 0x00, 0x00, 0x00, 0x00, 0x00, 0x00, 0x00, 0x00,
  0x21, 0x24, 0x00, 0x00, 0x00, 0x28, 0x00, 0x00, 0x00, 0x18, 0x00, 0x00, 0x00, 0x04, 0x00, 0x00,
  0x02, 0x00, 0x00, 0x00, 0x08, 0x0a, 0x00, 0x00, 0x00, 0x18, 0x00, 0x00, 0x00, 0x81, 0x00, 0x00,
  0x00, 0x00, 0x00, 0x00, 0x00, 0x00, 0x00, 0x00, 0x10, 0x38, 0x00, 0x00, 0x02, 0x00, 0x10, 0x02,
  0x04, 0x10, 0x00, 0x00, 0x10, 0x52, 0x80, 0x00, 0x18, 0x30, 0x00, 0x00, 0x00, 0x22, 0x44, 0x80,
  0x00, 0x00, 0x10, 0x00, 0x01, 0x24, 0x00, 0x00, 0x0c, 0x00, 0x00, 0x00, 0x02, 0x98, 0x00, 0x00,
  0x04, 0x00, 0x80, 0x00, 0x50, 0x80, 0x20, 0x00, 0x00, 0x00, 0x00, 0x00, 0xa0, 0x41, 0x04, 0x28,
  0x10, 0x12, 0x00, 0x00, 0x02, 0x20, 0x00, 0x00, 0x01, 0xe0, 0x10, 0x00, 0x22, 0x00, 0x00, 0x00,
  0x00, 0x04, 0x00, 0x00, 0x48, 0x08, 0x00, 0x00, 0x03, 0xf9, 0xf0, 0x00, 0x81, 0x48, 0x04, 0x00,
  0x02, 0x80, 0x00, 0x00, 0x01, 0x20, 0x00, 0x00, 0x07, 0xf1, 0xf0, 0x00, 0x04, 0x02, 0x40, 0x40,
  0x10, 0x00, 0x00, 0x00, 0x08, 0x02, 0x00, 0x00, 0x07, 0xf8, 0x00, 0x01, 0x10, 0x21, 0x11, 0x10,
  0x00, 0x00, 0x00, 0x48, 0x52, 0x00, 0x80, 0x01, 0xe7, 0xf8, 0x00, 0x00, 0x00, 0x00, 0x44, 0x40,
  0x02, 0x10, 0x04, 0x00, 0x00, 0x04, 0x00, 0x01, 0xc3, 0xf0, 0x00, 0x00, 0x00, 0x14, 0x00, 0x00,
  0x21, 0x08, 0x00, 0x00, 0x00, 0x20, 0x00, 0x00, 0x01, 0xa2, 0x00, 0x00, 0x21, 0x00, 0x00, 0x00,
  0x00, 0x20, 0x00, 0x02, 0x01, 0x00, 0x00, 0x00, 0x00, 0x03, 0x00, 0x00, 0x00, 0x24, 0x08, 0x82,
  0x02, 0x04, 0x80, 0x88, 0x00, 0x00, 0x00, 0x00, 0x04, 0x03, 0xc4, 0x00, 0x01, 0x01, 0x00, 0x00,
  0x00, 0x10, 0x10, 0x21, 0x20, 0x00, 0x00, 0x00, 0x07, 0x00, 0xd0, 0x00, 0x44, 0x00, 0x08, 0x00,
  0x00, 0x00, 0x02, 0x00, 0x04, 0x10, 0x40, 0x00, 0x07, 0x00, 0x03, 0x08, 0x00, 0x08, 0x20, 0x2a,
  0x00, 0x00, 0x00, 0x84, 0x0a, 0x06, 0x08, 0x00, 0x0c, 0x03, 0x0b, 0x01, 0x44, 0x00, 0x00, 0x00,
  0x00, 0x80, 0x05, 0x00, 0x8c, 0x06, 0x20, 0x00, 0x00, 0x05, 0xc6, 0x00, 0x11, 0x01, 0x05, 0x08,
  0x00, 0x00, 0x10, 0x04, 0x2c, 0x46, 0x00, 0x00, 0xc0, 0x01, 0xd6, 0xa0, 0x04, 0x04, 0x00, 0x00,
  0x00, 0x00, 0x01, 0x00, 0x0c, 0x02, 0x06, 0x03, 0xf0, 0x00, 0x6a, 0x4a, 0x80, 0x00, 0x20, 0x00,
  0x00, 0x00, 0x00, 0x14, 0x2c, 0x07, 0x0e, 0x06, 0x38, 0x00, 0xbe, 0x10, 0x40, 0x00, 0x04, 0x20,
  0x00, 0x00, 0x00, 0x02, 0x0c, 0x06, 0x0e, 0x06, 0x18, 0x04, 0x7c, 0x41, 0x00, 0x02, 0x40, 0x80,
  0x02, 0x20, 0x00, 0x00, 0x0c, 0x56, 0x0f, 0x06, 0x18, 0x34, 0x18, 0x04, 0x10, 0x00, 0x04, 0x10,
  0x00, 0x00, 0x00, 0x01, 0x0e, 0xff, 0x1b, 0x02, 0x18, 0xfe, 0x1d, 0x00, 0x44, 0x01, 0x00, 0x40,
  0x08, 0x00, 0x00, 0x00, 0x0f, 0xd6, 0x1b, 0x06, 0x70, 0x46, 0x98, 0x09, 0x00, 0x00, 0x00, 0x00,
  0x00, 0x89, 0x00, 0x10, 0x0e, 0x27, 0x7f, 0x83, 0xe0, 0xe3, 0x1a, 0x08, 0x23, 0x80, 0x00, 0x00,
  0x00, 0x20, 0x00, 0x44, 0x0c, 0x02, 0x7b, 0x87, 0x80, 0x46, 0x38, 0x1c, 0x0b, 0x40, 0x00, 0x00,
  0x02, 0x40, 0x00, 0x01, 0x0c, 0x06, 0x91, 0x83, 0x00, 0x6e, 0x30, 0x0c, 0x06, 0x00, 0x02, 0x00,
  0x00, 0x80, 0x00, 0x08, 0x8c, 0x06, 0x01, 0x83, 0x00, 0x7c, 0x30, 0x06, 0x06, 0x80, 0x00, 0x00,
  0x02, 0x00, 0x00, 0x00, 0x0c, 0x02, 0x00, 0xc3, 0x00, 0xf0, 0x60, 0x07, 0x14, 0x00, 0x00, 0x00,
  0x00, 0x40, 0x01, 0x05, 0x0c, 0x06, 0x00, 0x83, 0x00, 0x40, 0x60, 0x03, 0x86, 0x00, 0x00, 0x00,
  0x00, 0x00, 0x00, 0x10, 0x08, 0x06, 0x00, 0x01, 0x00, 0x61, 0x60, 0x01, 0x86, 0x00, 0x08, 0x00,
  0x00, 0x00, 0x00, 0x08, 0x1c, 0x02, 0x00, 0x00, 0x00, 0xd6, 0x00, 0x40, 0xcc, 0x00, 0x00, 0xa0,
  0x00, 0x00, 0x00, 0x00, 0x08, 0x00, 0x00, 0x00, 0x00, 0x00, 0x08, 0xe0, 0xec, 0x00, 0x00, 0x00,
  0x00, 0x00, 0x00, 0x02, 0x09, 0x50, 0x00, 0x2a, 0x60, 0x00, 0xa2, 0xe0, 0x6c, 0x00, 0x24, 0x00,
  0x00, 0x00, 0x00, 0x00, 0x00, 0x34, 0xb1, 0xfe, 0x20, 0xc2, 0x01, 0xf0, 0x38, 0x01, 0x00, 0x04,
  0x00, 0x00, 0x00, 0x0b, 0xc0, 0x00, 0xfc, 0x74, 0x70, 0xd0, 0x85, 0x50, 0x18, 0x00, 0x01, 0x20,
  0x00, 0x00, 0x00, 0x0f, 0xc0, 0x00, 0xdc, 0x18, 0x61, 0x6a, 0x21, 0xf4, 0x18, 0x00, 0x10, 0x80,
  0x00, 0x00, 0x00, 0x18, 0x60, 0x84, 0xcc, 0x30, 0x6b, 0xc0, 0x0f, 0xf8, 0x30, 0x00, 0x02, 0x00,
  0x00, 0x01, 0x00, 0x0c, 0xc0, 0x70, 0xdc, 0x18, 0x7f, 0xc7, 0xa7, 0xb8, 0x18, 0x00, 0x01, 0x00,
  0x00, 0x00, 0x00, 0x1d, 0xe2, 0x21, 0xf0, 0x30, 0x50, 0xcd, 0xc2, 0x08, 0x30, 0x00, 0x00, 0x00,
  0x00, 0xa0, 0x40, 0x0f, 0xf8, 0x34, 0xf0, 0x18, 0x60, 0xa6, 0xe2, 0x1c, 0x30, 0x10, 0x01, 0x00,
  0x02, 0x00, 0x00, 0x0f, 0x1c, 0x31, 0xbc, 0x30, 0x60, 0xcd, 0x68, 0x4c, 0x62, 0x00, 0x00, 0x00,
  0x00, 0x20, 0x00, 0x0c, 0x1a, 0x31, 0x8e, 0x18, 0x60, 0xcc, 0x72, 0x04, 0x60, 0x80, 0x00, 0x00,
  0x00, 0x40, 0x80, 0x0c, 0x0c, 0x70, 0x87, 0x30, 0x60, 0x4e, 0xb0, 0x00, 0x68, 0x08, 0x00, 0x00,
  0x02, 0x00, 0x00, 0x0c, 0x2c, 0x30, 0x40, 0x18, 0x40, 0x04, 0x62, 0x80, 0x60, 0x22, 0x00, 0x00,
  0x04, 0x84, 0x80, 0x0c, 0x1c, 0x50, 0x00, 0x30, 0x00, 0x0d, 0x68, 0x20, 0xc5, 0x00, 0x00, 0x00,
  0x00, 0x10, 0x00, 0x0c, 0x38, 0x31, 0x00, 0x18, 0x00, 0x0c, 0xe0, 0x42, 0x42, 0x00, 0x00, 0x00,
  0x08, 0x00, 0x00, 0x0c, 0x30, 0x00, 0x00, 0x00, 0x00, 0x07, 0xc0, 0x00, 0x90, 0x20, 0x00, 0x00,
  0x00, 0x45, 0x20, 0x2c, 0x70, 0x20, 0x00, 0x00, 0x00, 0x0f, 0x20, 0x80, 0x02, 0x00, 0x00, 0x04,
  0x01, 0x00, 0x00, 0x0e, 0xe0, 0x00, 0x00, 0x00, 0x00, 0x00, 0x80, 0x22, 0x00, 0x00, 0x11, 0x00,
  0x00, 0x04, 0x00, 0x0f, 0x80, 0x00, 0x00, 0x00, 0x00, 0x04, 0x01, 0x00, 0x00, 0x00, 0x00, 0x40,
  0x01, 0x00, 0x00, 0x07, 0x20, 0x00, 0x00, 0x00, 0x00, 0x00, 0x00, 0x01, 0x48, 0x10, 0x04, 0x00,
  0x28, 0x41, 0x02, 0x1a, 0x00, 0x00, 0x60, 0x10, 0x00, 0x11, 0x10, 0x52, 0x01, 0x00, 0x00, 0x80,
  0x01, 0x10, 0x00, 0x24, 0x80, 0x00, 0x40, 0x10, 0x00, 0x00, 0x00, 0x80, 0x00, 0x40, 0x00, 0x42,
  0x24, 0x40, 0x02, 0x00, 0x40, 0x00, 0x00, 0x00, 0x00, 0x00, 0x01, 0x00, 0x04, 0x00, 0x09, 0x00,
  0x41, 0x14, 0x88, 0x2b, 0x08, 0x07, 0x00, 0x06, 0x00, 0x00, 0x00, 0x00, 0x00, 0x20, 0x14, 0x00,
  0x14, 0x00, 0x00, 0x40, 0x20, 0x03, 0x00, 0x0e, 0x00, 0x00, 0x00, 0x01, 0x21, 0x00, 0x00, 0x48,
  0x09, 0x28, 0x08, 0x05, 0x00, 0x01, 0xc0, 0x78, 0x00, 0x00, 0x02, 0x00, 0x08, 0x04, 0x20, 0x10,
  0x20, 0x02, 0x21, 0x12, 0x48, 0x00, 0xff, 0xd4, 0x00, 0x00, 0x00, 0x04, 0x94, 0x40, 0x00, 0x82,
  0x12, 0x20, 0x08, 0x08, 0x00, 0x00, 0x3f, 0xa0, 0x00, 0x00, 0x00, 0x00, 0x00, 0x08, 0x04, 0x08,
  0x00, 0x00, 0x00, 0x04, 0x00, 0x00, 0x00, 0x00, 0x00, 0x00, 0x00, 0x00, 0x10, 0x01, 0x20, 0x80
};

const uint8_t PROGMEM frame79[1024] = {
  0x00, 0x00, 0x00, 0x00, 0x00, 0x00, 0x00, 0x00, 0x00, 0x00, 0x00, 0x00, 0x00, 0x00, 0x00, 0x00,
  0x21, 0x24, 0x00, 0x00, 0x00, 0x28, 0x00, 0x00, 0x00, 0x18, 0x00, 0x00, 0x00, 0x04, 0x00, 0x00,
  0x02, 0x00, 0x00, 0x00, 0x08, 0x0a, 0x00, 0x00, 0x00, 0x18, 0x00, 0x00, 0x00, 0x81, 0x00, 0x00,
  0x00, 0x00, 0x00, 0x00, 0x00, 0x00, 0x00, 0x00, 0x10, 0x38, 0x00, 0x00, 0x02, 0x00, 0x10, 0x02,
  0x04, 0x10, 0x00, 0x00, 0x10, 0x52, 0x80, 0x00, 0x18, 0x30, 0x00, 0x00, 0x00, 0x22, 0x44, 0x80,
  0x00, 0x00, 0x10, 0x00, 0x01, 0x24, 0x00, 0x00, 0x0c, 0x00, 0x00, 0x00, 0x02, 0x98, 0x00, 0x00,
  0x04, 0x00, 0x80, 0x00, 0x50, 0x80, 0x20, 0x00, 0x00, 0x00, 0x00, 0x00, 0xa0, 0x41, 0x04, 0x28,
  0x10, 0x12, 0x00, 0x00, 0x02, 0x20, 0x00, 0x00, 0x01, 0xe0, 0x10, 0x00, 0x22, 0x00, 0x00, 0x00,
  0x00, 0x04, 0x00, 0x00, 0x48, 0x08, 0x00, 0x00, 0x03, 0xf9, 0xf0, 0x00, 0x81, 0x48, 0x04, 0x00,
  0x02, 0x80, 0x00, 0x00, 0x01, 0x20, 0x00, 0x00, 0x07, 0xf1, 0xf0, 0x00, 0x04, 0x02, 0x40, 0x40,
  0x10, 0x00, 0x00, 0x00, 0x08, 0x02, 0x00, 0x00, 0x07, 0xf8, 0x00, 0x01, 0x10, 0x21, 0x11, 0x10,
  0x00, 0x00, 0x00, 0x48, 0x52, 0x00, 0x80, 0x01, 0xe7, 0xf8, 0x00, 0x00, 0x00, 0x00, 0x44, 0x40,
  0x02, 0x10, 0x04, 0x00, 0x00, 0x04, 0x00, 0x01, 0xc3, 0xf0, 0x00, 0x00, 0x00, 0x14, 0x00, 0x00,
  0x21, 0x08, 0x00, 0x00, 0x00, 0x20, 0x00, 0x00, 0x01, 0xa2, 0x00, 0x00, 0x21, 0x00, 0x00, 0x00,
  0x00, 0x20, 0x00, 0x02, 0x01, 0x00, 0x00, 0x00, 0x00, 0x03, 0x00, 0x00, 0x00, 0x24, 0x08, 0x82,
  0x02, 0x04, 0x80, 0x88, 0x00, 0x00, 0x00, 0x00, 0x04, 0x03, 0xc4, 0x00, 0x01, 0x01, 0x00, 0x00,
  0x00, 0x10, 0x10, 0x21, 0x20, 0x00, 0x00, 0x00, 0x07, 0x00, 0xd0, 0x00, 0x44, 0x00, 0x08, 0x00,
  0x00, 0x00, 0x02, 0x00, 0x04, 0x10, 0x40, 0x00, 0x07, 0x00, 0x03, 0x08, 0x00, 0x08, 0x20, 0x2a,
  0x00, 0x00, 0x00, 0x84, 0x0a, 0x06, 0x08, 0x00, 0x0c, 0x03, 0x0b, 0x01, 0x44, 0x00, 0x00, 0x00,
  0x00, 0x80, 0x05, 0x00, 0x8c, 0x06, 0x20, 0x00, 0x00, 0x05, 0xc6, 0x00, 0x11, 0x01, 0x05, 0x08,
  0x00, 0x00, 0x10, 0x04, 0x2c, 0x46, 0x00, 0x00, 0xc0, 0x01, 0xd6, 0xa0, 0x04, 0x04, 0x00, 0x00,
  0x00, 0x00, 0x01, 0x00, 0x0c, 0x02, 0x06, 0x03, 0xf0, 0x00, 0x6a, 0x4a, 0x80, 0x00, 0x20, 0x00,
  0x00, 0x00, 0x00, 0x14, 0x2c, 0x07, 0x0e, 0x06, 0x38, 0x00, 0xbe, 0x10, 0x40, 0x00, 0x04, 0x20,
  0x00, 0x00, 0x00, 0x02, 0x0c, 0x06, 0x0e, 0x06, 0x18, 0x04, 0x7c, 0x41, 0x00, 0x02, 0x40, 0x80,
  0x02, 0x20, 0x00, 0x00, 0x0c, 0x56, 0x0f, 0x06, 0x18, 0x34, 0x18, 0x04, 0x10, 0x00, 0x04, 0x10,
  0x00, 0x00, 0x00, 0x01, 0x0e, 0xff, 0x1b, 0x02, 0x18, 0xfe, 0x1d, 0x00, 0x44, 0x01, 0x00, 0x40,
  0x08, 0x00, 0x00, 0x00, 0x0f, 0xd6, 0x1b, 0x06, 0x70, 0x46, 0x98, 0x09, 0x00, 0x00, 0x00, 0x00,
  0x00, 0x89, 0x00, 0x10, 0x0e, 0x27, 0x7f, 0x83, 0xe0, 0xe3, 0x1a, 0x08, 0x23, 0x80, 0x00, 0x00,
  0x00, 0x20, 0x00, 0x44, 0x0c, 0x02, 0x7b, 0x87, 0x80, 0x46, 0x38, 0x1c, 0x0b, 0x40, 0x00, 0x00,
  0x02, 0x40, 0x00, 0x01, 0x0c, 0x06, 0x91, 0x83, 0x00, 0x6e, 0x30, 0x0c, 0x06, 0x00, 0x02, 0x00,
  0x00, 0x80, 0x00, 0x08, 0x8c, 0x06, 0x01, 0x83, 0x00, 0x7c, 0x30, 0x06, 0x06, 0x80, 0x00, 0x00,
  0x02, 0x00, 0x00, 0x00, 0x0c, 0x02, 0x00, 0xc3, 0x00, 0xf0, 0x60, 0x07, 0x14, 0x00, 0x00, 0x00,
  0x00, 0x40, 0x01, 0x05, 0x0c, 0x06, 0x00, 0x83, 0x00, 0x40, 0x60, 0x03, 0x86, 0x00, 0x00, 0x00,
  0x00, 0x00, 0x00, 0x10, 0x08, 0x06, 0x00, 0x01, 0x00, 0x61, 0x60, 0x01, 0x86, 0x00, 0x08, 0x00,
  0x00, 0x00, 0x00, 0x08, 0x1c, 0x02, 0x00, 0x00, 0x00, 0xd6, 0x00, 0x40, 0xcc, 0x00, 0x00, 0xa0,
  0x00, 0x00, 0x00, 0x00, 0x08, 0x00, 0x00, 0x00, 0x00, 0x00, 0x08, 0xe0, 0xec, 0x00, 0x00, 0x00,
  0x00, 0x00, 0x00, 0x02, 0x09, 0x50, 0x00, 0x2a, 0x60, 0x00, 0xa2, 0xe0, 0x6c, 0x00, 0x24, 0x00,
  0x00, 0x00, 0x00, 0x00, 0x00, 0x34, 0xb1, 0xfe, 0x20, 0xc2, 0x01, 0xf0, 0x38, 0x01, 0x00, 0x04,
  0x00, 0x00, 0x00, 0x0b, 0xc0, 0x00, 0xfc, 0x74, 0x70, 0xd0, 0x85, 0x50, 0x18, 0x00, 0x01, 0x20,
  0x00, 0x00, 0x00, 0x0f, 0xc0, 0x00, 0xdc, 0x18, 0x61, 0x6a, 0x21, 0xf4, 0x18, 0x00, 0x10, 0x80,
  0x00, 0x00, 0x00, 0x18, 0x60, 0x84, 0xcc, 0x30, 0x6b, 0xc0, 0x0f, 0xf8, 0x30, 0x00, 0x02, 0x00,
  0x00, 0x01, 0x00, 0x0c, 0xc0, 0x70, 0xdc, 0x18, 0x7f, 0xc7, 0xa7, 0xb8, 0x18, 0x00, 0x01, 0x00,
  0x00, 0x00, 0x00, 0x1d, 0xe2, 0x21, 0xf0, 0x30, 0x50, 0xcd, 0xc2, 0x08, 0x30, 0x00, 0x00, 0x00,
  0x00, 0xa0, 0x40, 0x0f, 0xf8, 0x34, 0xf0, 0x18, 0x60, 0xa6, 0xe2, 0x1c, 0x30, 0x10, 0x01, 0x00,
  0x02, 0x00, 0x00, 0x0f, 0x1c, 0x31, 0xbc, 0x30, 0x60, 0xcd, 0x68, 0x4c, 0x62, 0x00, 0x00, 0x00,
  0x00, 0x20, 0x00, 0x0c, 0x1a, 0x31, 0x8e, 0x18, 0x60, 0xcc, 0x72, 0x04, 0x60, 0x80, 0x00, 0x00,
  0x00, 0x40, 0x80, 0x0c, 0x0c, 0x70, 0x87, 0x30, 0x60, 0x4e, 0xb0, 0x00, 0x68, 0x08, 0x00, 0x00,
  0x02, 0x00, 0x00, 0x0c, 0x2c, 0x30, 0x40, 0x18, 0x40, 0x04, 0x62, 0x80, 0x60, 0x22, 0x00, 0x00,
  0x04, 0x84, 0x80, 0x0c, 0x1c, 0x50, 0x00, 0x30, 0x00, 0x0d, 0x68, 0x20, 0xc5, 0x00, 0x00, 0x00,
  0x00, 0x10, 0x00, 0x0c, 0x38, 0x31, 0x00, 0x18, 0x00, 0x0c, 0xe0, 0x42, 0x42, 0x00, 0x00, 0x00,
  0x08, 0x00, 0x00, 0x0c, 0x30, 0x00, 0x00, 0x00, 0x00, 0x07, 0xc0, 0x00, 0x90, 0x20, 0x00, 0x00,
  0x00, 0x45, 0x20, 0x2c, 0x70, 0x20, 0x00, 0x00, 0x00, 0x0f, 0x20, 0x80, 0x02, 0x00, 0x00, 0x04,
  0x01, 0x00, 0x00, 0x0e, 0xe0, 0x00, 0x00, 0x00, 0x00, 0x00, 0x80, 0x22, 0x00, 0x00, 0x11, 0x00,
  0x00, 0x04, 0x00, 0x0f, 0x80, 0x00, 0x00, 0x00, 0x00, 0x04, 0x01, 0x00, 0x00, 0x00, 0x00, 0x40,
  0x01, 0x00, 0x00, 0x07, 0x20, 0x00, 0x00, 0x00, 0x00, 0x00, 0x00, 0x01, 0x48, 0x10, 0x04, 0x00,
  0x28, 0x41, 0x02, 0x1a, 0x00, 0x00, 0x60, 0x10, 0x00, 0x11, 0x10, 0x52, 0x01, 0x00, 0x00, 0x80,
  0x01, 0x10, 0x00, 0x24, 0x80, 0x00, 0x40, 0x10, 0x00, 0x00, 0x00, 0x80, 0x00, 0x40, 0x00, 0x42,
  0x24, 0x40, 0x02, 0x00, 0x40, 0x00, 0x00, 0x00, 0x00, 0x00, 0x01, 0x00, 0x04, 0x00, 0x09, 0x00,
  0x41, 0x14, 0x88, 0x2b, 0x08, 0x07, 0x00, 0x06, 0x00, 0x00, 0x00, 0x00, 0x00, 0x20, 0x14, 0x00,
  0x14, 0x00, 0x00, 0x40, 0x20, 0x03, 0x00, 0x0e, 0x00, 0x00, 0x00, 0x01, 0x21, 0x00, 0x00, 0x48,
  0x09, 0x28, 0x08, 0x05, 0x00, 0x01, 0xc0, 0x78, 0x00, 0x00, 0x02, 0x00, 0x08, 0x04, 0x20, 0x10,
  0x20, 0x02, 0x21, 0x12, 0x48, 0x00, 0xff, 0xd4, 0x00, 0x00, 0x00, 0x04, 0x94, 0x40, 0x00, 0x82,
  0x12, 0x20, 0x08, 0x08, 0x00, 0x00, 0x3f, 0xa0, 0x00, 0x00, 0x00, 0x00, 0x00, 0x08, 0x04, 0x08,
  0x00, 0x00, 0x00, 0x04, 0x00, 0x00, 0x00, 0x00, 0x00, 0x00, 0x00, 0x00, 0x10, 0x01, 0x20, 0x80
};

const uint8_t PROGMEM frame80[1024] = {
  0x00, 0x00, 0x00, 0x00, 0x00, 0x00, 0x00, 0x00, 0x00, 0x00, 0x00, 0x00, 0x00, 0x00, 0x00, 0x00,
  0x21, 0x24, 0x00, 0x00, 0x00, 0x28, 0x00, 0x00, 0x00, 0x18, 0x00, 0x00, 0x00, 0x04, 0x00, 0x00,
  0x02, 0x00, 0x00, 0x00, 0x08, 0x0a, 0x00, 0x00, 0x00, 0x18, 0x00, 0x00, 0x00, 0x81, 0x00, 0x00,
  0x00, 0x00, 0x00, 0x00, 0x00, 0x00, 0x00, 0x00, 0x10, 0x38, 0x00, 0x00, 0x02, 0x00, 0x10, 0x02,
  0x04, 0x10, 0x00, 0x00, 0x10, 0x52, 0x80, 0x00, 0x18, 0x30, 0x00, 0x00, 0x00, 0x22, 0x44, 0x80,
  0x00, 0x00, 0x10, 0x00, 0x01, 0x24, 0x00, 0x00, 0x0c, 0x00, 0x00, 0x00, 0x02, 0x98, 0x00, 0x00,
  0x04, 0x00, 0x80, 0x00, 0x50, 0x80, 0x20, 0x00, 0x00, 0x00, 0x00, 0x00, 0xa0, 0x41, 0x04, 0x28,
  0x10, 0x12, 0x00, 0x00, 0x02, 0x20, 0x00, 0x00, 0x01, 0xe0, 0x10, 0x00, 0x22, 0x00, 0x00, 0x00,
  0x00, 0x04, 0x00, 0x00, 0x48, 0x08, 0x00, 0x00, 0x03, 0xf9, 0xf0, 0x00, 0x81, 0x48, 0x04, 0x00,
  0x02, 0x80, 0x00, 0x00, 0x01, 0x20, 0x00, 0x00, 0x07, 0xf1, 0xf0, 0x00, 0x04, 0x02, 0x40, 0x40,
  0x10, 0x00, 0x00, 0x00, 0x08, 0x02, 0x00, 0x00, 0x07, 0xf8, 0x00, 0x01, 0x10, 0x21, 0x11, 0x10,
  0x00, 0x00, 0x00, 0x48, 0x52, 0x00, 0x80, 0x01, 0xe7, 0xf8, 0x00, 0x00, 0x00, 0x00, 0x44, 0x40,
  0x02, 0x10, 0x04, 0x00, 0x00, 0x04, 0x00, 0x01, 0xc3, 0xf0, 0x00, 0x00, 0x00, 0x14, 0x00, 0x00,
  0x21, 0x08, 0x00, 0x00, 0x00, 0x20, 0x00, 0x00, 0x01, 0xa2, 0x00, 0x00, 0x21, 0x00, 0x00, 0x00,
  0x00, 0x20, 0x00, 0x02, 0x01, 0x00, 0x00, 0x00, 0x00, 0x03, 0x00, 0x00, 0x00, 0x24, 0x08, 0x82,
  0x02, 0x04, 0x80, 0x88, 0x00, 0x00, 0x00, 0x00, 0x04, 0x03, 0xc4, 0x00, 0x01, 0x01, 0x00, 0x00,
  0x00, 0x10, 0x10, 0x21, 0x20, 0x00, 0x00, 0x00, 0x07, 0x00, 0xd0, 0x00, 0x44, 0x00, 0x08, 0x00,
  0x00, 0x00, 0x02, 0x00, 0x04, 0x10, 0x40, 0x00, 0x07, 0x00, 0x03, 0x08, 0x00, 0x08, 0x20, 0x2a,
  0x00, 0x00, 0x00, 0x84, 0x0a, 0x06, 0x08, 0x00, 0x0c, 0x03, 0x0b, 0x01, 0x44, 0x00, 0x00, 0x00,
  0x00, 0x80, 0x05, 0x00, 0x8c, 0x06, 0x20, 0x00, 0x00, 0x05, 0xc6, 0x00, 0x11, 0x01, 0x05, 0x08,
  0x00, 0x00, 0x10, 0x04, 0x2c, 0x46, 0x00, 0x00, 0xc0, 0x01, 0xd6, 0xa0, 0x04, 0x04, 0x00, 0x00,
  0x00, 0x00, 0x01, 0x00, 0x0c, 0x02, 0x06, 0x03, 0xf0, 0x00, 0x6a, 0x4a, 0x80, 0x00, 0x20, 0x00,
  0x00, 0x00, 0x00, 0x14, 0x2c, 0x07, 0x0e, 0x06, 0x38, 0x00, 0xbe, 0x10, 0x40, 0x00, 0x04, 0x20,
  0x00, 0x00, 0x00, 0x02, 0x0c, 0x06, 0x0e, 0x06, 0x18, 0x04, 0x7c, 0x41, 0x00, 0x02, 0x40, 0x80,
  0x02, 0x20, 0x00, 0x00, 0x0c, 0x56, 0x0f, 0x06, 0x18, 0x34, 0x18, 0x04, 0x10, 0x00, 0x04, 0x10,
  0x00, 0x00, 0x00, 0x01, 0x0e, 0xff, 0x1b, 0x02, 0x18, 0xfe, 0x1d, 0x00, 0x44, 0x01, 0x00, 0x40,
  0x08, 0x00, 0x00, 0x00, 0x0f, 0xd6, 0x1b, 0x06, 0x70, 0x46, 0x98, 0x09, 0x00, 0x00, 0x00, 0x00,
  0x00, 0x89, 0x00, 0x10, 0x0e, 0x27, 0x7f, 0x83, 0xe0, 0xe3, 0x1a, 0x08, 0x23, 0x80, 0x00, 0x00,
  0x00, 0x20, 0x00, 0x44, 0x0c, 0x02, 0x7b, 0x87, 0x80, 0x46, 0x38, 0x1c, 0x0b, 0x40, 0x00, 0x00,
  0x02, 0x40, 0x00, 0x01, 0x0c, 0x06, 0x91, 0x83, 0x00, 0x6e, 0x30, 0x0c, 0x06, 0x00, 0x02, 0x00,
  0x00, 0x80, 0x00, 0x08, 0x8c, 0x06, 0x01, 0x83, 0x00, 0x7c, 0x30, 0x06, 0x06, 0x80, 0x00, 0x00,
  0x02, 0x00, 0x00, 0x00, 0x0c, 0x02, 0x00, 0xc3, 0x00, 0xf0, 0x60, 0x07, 0x14, 0x00, 0x00, 0x00,
  0x00, 0x40, 0x01, 0x05, 0x0c, 0x06, 0x00, 0x83, 0x00, 0x40, 0x60, 0x03, 0x86, 0x00, 0x00, 0x00,
  0x00, 0x00, 0x00, 0x10, 0x08, 0x06, 0x00, 0x01, 0x00, 0x61, 0x60, 0x01, 0x86, 0x00, 0x08, 0x00,
  0x00, 0x00, 0x00, 0x08, 0x1c, 0x02, 0x00, 0x00, 0x00, 0xd6, 0x00, 0x40, 0xcc, 0x00, 0x00, 0xa0,
  0x00, 0x00, 0x00, 0x00, 0x08, 0x00, 0x00, 0x00, 0x00, 0x00, 0x08, 0xe0, 0xec, 0x00, 0x00, 0x00,
  0x00, 0x00, 0x00, 0x02, 0x09, 0x50, 0x00, 0x2a, 0x60, 0x00, 0xa2, 0xe0, 0x6c, 0x00, 0x24, 0x00,
  0x00, 0x00, 0x00, 0x00, 0x00, 0x34, 0xb1, 0xfe, 0x20, 0xc2, 0x01, 0xf0, 0x38, 0x01, 0x00, 0x04,
  0x00, 0x00, 0x00, 0x0b, 0xc0, 0x00, 0xfc, 0x74, 0x70, 0xd0, 0x85, 0x50, 0x18, 0x00, 0x01, 0x20,
  0x00, 0x00, 0x00, 0x0f, 0xc0, 0x00, 0xdc, 0x18, 0x61, 0x6a, 0x21, 0xf4, 0x18, 0x00, 0x10, 0x80,
  0x00, 0x00, 0x00, 0x18, 0x60, 0x84, 0xcc, 0x30, 0x6b, 0xc0, 0x0f, 0xf8, 0x30, 0x00, 0x02, 0x00,
  0x00, 0x01, 0x00, 0x0c, 0xc0, 0x70, 0xdc, 0x18, 0x7f, 0xc7, 0xa7, 0xb8, 0x18, 0x00, 0x01, 0x00,
  0x00, 0x00, 0x00, 0x1d, 0xe2, 0x21, 0xf0, 0x30, 0x50, 0xcd, 0xc2, 0x08, 0x30, 0x00, 0x00, 0x00,
  0x00, 0xa0, 0x40, 0x0f, 0xf8, 0x34, 0xf0, 0x18, 0x60, 0xa6, 0xe2, 0x1c, 0x30, 0x10, 0x01, 0x00,
  0x02, 0x00, 0x00, 0x0f, 0x1c, 0x31, 0xbc, 0x30, 0x60, 0xcd, 0x68, 0x4c, 0x62, 0x00, 0x00, 0x00,
  0x00, 0x20, 0x00, 0x0c, 0x1a, 0x31, 0x8e, 0x18, 0x60, 0xcc, 0x72, 0x04, 0x60, 0x80, 0x00, 0x00,
  0x00, 0x40, 0x80, 0x0c, 0x0c, 0x70, 0x87, 0x30, 0x60, 0x4e, 0xb0, 0x00, 0x68, 0x08, 0x00, 0x00,
  0x02, 0x00, 0x00, 0x0c, 0x2c, 0x30, 0x40, 0x18, 0x40, 0x04, 0x62, 0x80, 0x60, 0x22, 0x00, 0x00,
  0x04, 0x84, 0x80, 0x0c, 0x1c, 0x50, 0x00, 0x30, 0x00, 0x0d, 0x68, 0x20, 0xc5, 0x00, 0x00, 0x00,
  0x00, 0x10, 0x00, 0x0c, 0x38, 0x31, 0x00, 0x18, 0x00, 0x0c, 0xe0, 0x42, 0x42, 0x00, 0x00, 0x00,
  0x08, 0x00, 0x00, 0x0c, 0x30, 0x00, 0x00, 0x00, 0x00, 0x07, 0xc0, 0x00, 0x90, 0x20, 0x00, 0x00,
  0x00, 0x45, 0x20, 0x2c, 0x70, 0x20, 0x00, 0x00, 0x00, 0x0f, 0x20, 0x80, 0x02, 0x00, 0x00, 0x04,
  0x01, 0x00, 0x00, 0x0e, 0xe0, 0x00, 0x00, 0x00, 0x00, 0x00, 0x80, 0x22, 0x00, 0x00, 0x11, 0x00,
  0x00, 0x04, 0x00, 0x0f, 0x80, 0x00, 0x00, 0x00, 0x00, 0x04, 0x01, 0x00, 0x00, 0x00, 0x00, 0x40,
  0x01, 0x00, 0x00, 0x07, 0x20, 0x00, 0x00, 0x00, 0x00, 0x00, 0x00, 0x01, 0x48, 0x10, 0x04, 0x00,
  0x28, 0x41, 0x02, 0x1a, 0x00, 0x00, 0x60, 0x10, 0x00, 0x11, 0x10, 0x52, 0x01, 0x00, 0x00, 0x80,
  0x01, 0x10, 0x00, 0x24, 0x80, 0x00, 0x40, 0x10, 0x00, 0x00, 0x00, 0x80, 0x00, 0x40, 0x00, 0x42,
  0x24, 0x40, 0x02, 0x00, 0x40, 0x00, 0x00, 0x00, 0x00, 0x00, 0x01, 0x00, 0x04, 0x00, 0x09, 0x00,
  0x41, 0x14, 0x88, 0x2b, 0x08, 0x07, 0x00, 0x06, 0x00, 0x00, 0x00, 0x00, 0x00, 0x20, 0x14, 0x00,
  0x14, 0x00, 0x00, 0x40, 0x20, 0x03, 0x00, 0x0e, 0x00, 0x00, 0x00, 0x01, 0x21, 0x00, 0x00, 0x48,
  0x09, 0x28, 0x08, 0x05, 0x00, 0x01, 0xc0, 0x78, 0x00, 0x00, 0x02, 0x00, 0x08, 0x04, 0x20, 0x10,
  0x20, 0x02, 0x21, 0x12, 0x48, 0x00, 0xff, 0xd4, 0x00, 0x00, 0x00, 0x04, 0x94, 0x40, 0x00, 0x82,
  0x12, 0x20, 0x08, 0x08, 0x00, 0x00, 0x3f, 0xa0, 0x00, 0x00, 0x00, 0x00, 0x00, 0x08, 0x04, 0x08,
  0x00, 0x00, 0x00, 0x04, 0x00, 0x00, 0x00, 0x00, 0x00, 0x00, 0x00, 0x00, 0x10, 0x01, 0x20, 0x80
};

const uint8_t PROGMEM frame81[1024] = {
  0x00, 0x00, 0x00, 0x00, 0x00, 0x00, 0x00, 0x00, 0x00, 0x00, 0x00, 0x00, 0x00, 0x00, 0x00, 0x00,
  0x22, 0x24, 0x00, 0x00, 0x00, 0x28, 0x00, 0x00, 0x00, 0x18, 0x00, 0x00, 0x01, 0x02, 0x00, 0x00,
  0x00, 0x80, 0x00, 0x00, 0x08, 0x05, 0x00, 0x00, 0x00, 0x18, 0x00, 0x00, 0x00, 0x00, 0x00, 0x02,
  0x02, 0x00, 0x00, 0x00, 0x00, 0x00, 0x00, 0x00, 0x10, 0x38, 0x00, 0x00, 0x00, 0x40, 0x10, 0x00,
  0x00, 0x20, 0x00, 0x00, 0x10, 0x2a, 0x80, 0x00, 0x18, 0x30, 0x00, 0x00, 0x14, 0x12, 0x44, 0x82,
  0x04, 0x00, 0x88, 0x00, 0x01, 0x40, 0x40, 0x00, 0x0c, 0x00, 0x00, 0x00, 0x01, 0x20, 0x00, 0x00,
  0x00, 0x00, 0x00, 0x00, 0x48, 0x00, 0x00, 0x00, 0x00, 0x00, 0x00, 0x00, 0xa0, 0x92, 0x02, 0x20,
  0x10, 0x0a, 0x80, 0x00, 0x11, 0x20, 0x00, 0x00, 0x01, 0xe0, 0x10, 0x00, 0x20, 0x00, 0x04, 0x04,
  0x01, 0x00, 0x00, 0x00, 0x40, 0x10, 0x00, 0x00, 0x03, 0xf9, 0xf0, 0x00, 0x82, 0x88, 0x00, 0x00,
  0x10, 0x04, 0x00, 0x00, 0x01, 0x0a, 0x00, 0x00, 0x07, 0xf1, 0xf0, 0x00, 0x00, 0x41, 0x40, 0x00,
  0x41, 0x02, 0x00, 0x20, 0x08, 0x00, 0x00, 0x00, 0x07, 0xf8, 0x00, 0x02, 0x00, 0x24, 0x15, 0x50,
  0x04, 0x00, 0x00, 0x00, 0x44, 0x22, 0x50, 0x01, 0xe7, 0xf8, 0x00, 0x00, 0x48, 0x00, 0x80, 0x00,
  0x00, 0x10, 0x04, 0x00, 0x01, 0x00, 0x00, 0x01, 0xc3, 0xf0, 0x00, 0x00, 0x01, 0x10, 0x00, 0x00,
  0x11, 0x08, 0x00, 0x04, 0x08, 0x08, 0x00, 0x00, 0x01, 0xa2, 0x00, 0x00, 0x00, 0x04, 0x08, 0x80,
  0x00, 0x22, 0x00, 0x00, 0x00, 0x00, 0x00, 0x00, 0x00, 0x03, 0x04, 0x00, 0x00, 0x12, 0x00, 0x22,
  0x00, 0x10, 0x00, 0x45, 0x00, 0x80, 0x00, 0x00, 0x04, 0x03, 0xc0, 0x00, 0x20, 0x40, 0x00, 0x00,
  0x00, 0x20, 0x02, 0x10, 0x10, 0x00, 0x00, 0x00, 0x07, 0x00, 0xc2, 0x00, 0x04, 0x00, 0x28, 0x02,
  0x00, 0x00, 0x00, 0x00, 0x02, 0x10, 0x00, 0x00, 0x07, 0x00, 0x13, 0x40, 0x80, 0x08, 0x00, 0x48,
  0x00, 0x00, 0x04, 0x80, 0x0c, 0x06, 0x20, 0x00, 0x0c, 0x03, 0x0a, 0x04, 0x42, 0x00, 0x42, 0x10,
  0x01, 0x00, 0x08, 0x02, 0xac, 0x06, 0x08, 0x00, 0x00, 0x0b, 0xc7, 0x01, 0x10, 0x01, 0x00, 0x00,
  0x00, 0x00, 0x01, 0x10, 0x14, 0x42, 0x00, 0x01, 0x40, 0x00, 0xe6, 0x20, 0x04, 0x04, 0x04, 0x08,
  0x00, 0x00, 0x00, 0x00, 0x0c, 0x06, 0x06, 0x07, 0xf0, 0x00, 0xe6, 0x50, 0x80, 0x00, 0x10, 0x00,
  0x00, 0x00, 0x02, 0x12, 0x2c, 0x07, 0x0e, 0x04, 0x38, 0x00, 0x7c, 0x0a, 0x00, 0x00, 0x42, 0x20,
  0x00, 0x00, 0x00, 0x00, 0x0c, 0x04, 0x0e, 0x46, 0x18, 0x04, 0x3c, 0x40, 0x00, 0x02, 0x00, 0x80,
  0x02, 0x20, 0x00, 0x82, 0x0e, 0x57, 0x0f, 0x04, 0x18, 0x35, 0x1c, 0x04, 0x50, 0x00, 0x08, 0x10,
  0x00, 0x00, 0x00, 0x01, 0x0c, 0xbe, 0x1b, 0x03, 0x18, 0xfe, 0x19, 0x10, 0x00, 0x02, 0x00, 0x44,
  0x08, 0x00, 0x00, 0x00, 0x0f, 0xf7, 0x1b, 0x06, 0x70, 0x46, 0x5c, 0x01, 0x52, 0x40, 0x00, 0x00,
  0x00, 0x02, 0x00, 0x02, 0x0e, 0x46, 0x7f, 0x83, 0xe0, 0xe3, 0x18, 0x0a, 0x03, 0x00, 0x00, 0x20,
  0x00, 0x90, 0x80, 0x20, 0x0c, 0x03, 0x7b, 0x87, 0x80, 0x47, 0x18, 0x1c, 0x05, 0x00, 0x00, 0x00,
  0x08, 0x20, 0x00, 0x02, 0x0c, 0x06, 0x21, 0x83, 0x00, 0x6e, 0x32, 0x0c, 0x13, 0x40, 0x02, 0x00,
  0x00, 0x80, 0x00, 0x08, 0x8c, 0x06, 0x11, 0x83, 0x00, 0xfc, 0x70, 0x06, 0x06, 0x00, 0x00, 0x00,
  0x02, 0x00, 0x00, 0x80, 0x0c, 0x02, 0x00, 0xc2, 0x00, 0x70, 0x20, 0x07, 0x06, 0x40, 0x00, 0x00,
  0x00, 0x40, 0x01, 0x01, 0x4c, 0x07, 0x00, 0x83, 0x00, 0x40, 0x70, 0x03, 0x8a, 0x00, 0x00, 0x00,
  0x00, 0x00, 0x00, 0x14, 0x08, 0x06, 0x00, 0x01, 0x00, 0x60, 0x60, 0x01, 0x86, 0x00, 0x08, 0x00,
  0x00, 0x00, 0x00, 0x08, 0x1c, 0x02, 0x00, 0x00, 0x00, 0xd5, 0x00, 0x00, 0xcc, 0x00, 0x00, 0x40,
  0x00, 0x00, 0x00, 0x00, 0x08, 0x00, 0x00, 0x00, 0x00, 0x00, 0x00, 0xe0, 0xec, 0x00, 0x00, 0x00,
  0x00, 0x00, 0x00, 0x12, 0x00, 0xa0, 0x00, 0x15, 0x60, 0x02, 0x42, 0xe0, 0x6c, 0x00, 0x24, 0x00,
  0x00, 0x00, 0x00, 0x00, 0x00, 0x54, 0x69, 0xfe, 0x30, 0xc0, 0x88, 0xf0, 0x38, 0x00, 0x80, 0x04,
  0x00, 0x00, 0x00, 0x07, 0x80, 0x00, 0xf8, 0x78, 0x60, 0xd1, 0x03, 0xb0, 0x18, 0x00, 0x01, 0x10,
  0x00, 0x00, 0x00, 0x0e, 0xe1, 0x00, 0xcc, 0x10, 0x60, 0xe4, 0x25, 0xf4, 0x18, 0x00, 0x04, 0x40,
  0x00, 0x00, 0x00, 0x18, 0xe0, 0x04, 0xdc, 0x38, 0x6f, 0xc2, 0x07, 0xf8, 0x30, 0x00, 0x00, 0x00,
  0x00, 0x01, 0x00, 0x0c, 0x40, 0x70, 0xdc, 0x10, 0x7d, 0xc5, 0xab, 0x58, 0x18, 0x00, 0x09, 0x40,
  0x00, 0x00, 0x00, 0x19, 0xe0, 0x30, 0xf0, 0x38, 0x64, 0xcf, 0xc6, 0x98, 0x30, 0x00, 0x00, 0x00,
  0x00, 0xa0, 0x20, 0x0f, 0xfa, 0x22, 0xf8, 0x10, 0x60, 0xcc, 0xe2, 0x0c, 0x31, 0x10, 0x00, 0x00,
  0x02, 0x00, 0x00, 0x0f, 0xac, 0x31, 0xd8, 0x38, 0x60, 0xa6, 0xb0, 0x0c, 0x60, 0x00, 0x00, 0x00,
  0x00, 0x20, 0x00, 0x0e, 0x1c, 0x71, 0x8e, 0x10, 0x60, 0xcc, 0xe8, 0x08, 0x68, 0x00, 0x00, 0x00,
  0x00, 0x41, 0x00, 0x0c, 0x0c, 0xb0, 0x87, 0x38, 0x60, 0x4e, 0x71, 0x00, 0xa0, 0x08, 0x00, 0x00,
  0x02, 0x08, 0x40, 0x0c, 0x1c, 0x30, 0x20, 0x10, 0x80, 0x0c, 0x60, 0x80, 0x68, 0x82, 0x00, 0x00,
  0x00, 0x80, 0x00, 0x0c, 0x14, 0x32, 0x00, 0x38, 0x00, 0x0c, 0xe4, 0x20, 0xc2, 0x00, 0x00, 0x00,
  0x04, 0x00, 0x00, 0x0c, 0x18, 0x30, 0x00, 0x10, 0x00, 0x05, 0xc2, 0x00, 0xc4, 0x20, 0x00, 0x00,
  0x08, 0x10, 0x40, 0x0c, 0x38, 0x00, 0x00, 0x00, 0x00, 0x0f, 0xa8, 0x42, 0x81, 0x00, 0x00, 0x00,
  0x00, 0x05, 0x00, 0x1c, 0x70, 0x10, 0x00, 0x00, 0x00, 0x0e, 0x80, 0x00, 0x00, 0x40, 0x00, 0x04,
  0x01, 0x40, 0x00, 0x0d, 0xe0, 0x00, 0x00, 0x00, 0x00, 0x01, 0x20, 0x40, 0x04, 0x00, 0x08, 0x00,
  0x00, 0x02, 0x00, 0x07, 0x80, 0x00, 0x00, 0x00, 0x00, 0x02, 0x00, 0x00, 0x00, 0x00, 0x01, 0x40,
  0x00, 0x00, 0x00, 0x8f, 0x40, 0x00, 0x00, 0x00, 0x00, 0x08, 0x00, 0x12, 0x90, 0x00, 0x00, 0x00,
  0x09, 0x40, 0x00, 0x0a, 0x00, 0x00, 0x60, 0x10, 0x00, 0x00, 0x00, 0x80, 0x00, 0x40, 0x01, 0x40,
  0x40, 0x91, 0x02, 0x20, 0x80, 0x00, 0x40, 0x28, 0x00, 0x00, 0x00, 0x00, 0x01, 0x00, 0x08, 0x82,
  0x11, 0x04, 0x00, 0x0a, 0x40, 0x02, 0x00, 0x00, 0x00, 0x08, 0x20, 0x84, 0x04, 0x00, 0x00, 0x00,
  0x04, 0x10, 0x04, 0x21, 0x10, 0x06, 0x00, 0x06, 0x00, 0x00, 0x01, 0x00, 0x10, 0x20, 0x14, 0x00,
  0x48, 0x04, 0x08, 0x44, 0x10, 0x03, 0x00, 0x0e, 0x00, 0x00, 0x00, 0x11, 0x40, 0x80, 0x00, 0x48,
  0x10, 0x28, 0x08, 0x11, 0x40, 0x01, 0xe0, 0x78, 0x00, 0x00, 0x02, 0x00, 0x0a, 0x04, 0x28, 0x00,
  0x24, 0x80, 0x20, 0x04, 0x04, 0x00, 0xff, 0xd0, 0x00, 0x00, 0x00, 0x00, 0x20, 0x00, 0x00, 0x10,
  0x08, 0x01, 0x08, 0x05, 0x20, 0x00, 0x1f, 0xa0, 0x00, 0x00, 0x00, 0x01, 0x08, 0x20, 0x02, 0x82,
  0x02, 0x04, 0x00, 0x08, 0x00, 0x00, 0x00, 0x00, 0x00, 0x00, 0x00, 0x00, 0x00, 0x01, 0x00, 0x08
};

const uint8_t PROGMEM frame82[1024] = {
  0x00, 0x00, 0x00, 0x00, 0x00, 0x00, 0x00, 0x00, 0x00, 0x00, 0x00, 0x00, 0x00, 0x00, 0x00, 0x00,
  0x22, 0x24, 0x00, 0x00, 0x00, 0x28, 0x00, 0x00, 0x00, 0x18, 0x00, 0x00, 0x01, 0x02, 0x00, 0x00,
  0x00, 0x80, 0x00, 0x00, 0x08, 0x05, 0x00, 0x00, 0x00, 0x18, 0x00, 0x00, 0x00, 0x00, 0x00, 0x02,
  0x02, 0x00, 0x00, 0x00, 0x00, 0x00, 0x00, 0x00, 0x10, 0x38, 0x00, 0x00, 0x00, 0x40, 0x10, 0x00,
  0x00, 0x20, 0x00, 0x00, 0x10, 0x2a, 0x80, 0x00, 0x18, 0x30, 0x00, 0x00, 0x14, 0x12, 0x44, 0x82,
  0x04, 0x00, 0x88, 0x00, 0x01, 0x40, 0x40, 0x00, 0x0c, 0x00, 0x00, 0x00, 0x01, 0x20, 0x00, 0x00,
  0x00, 0x00, 0x00, 0x00, 0x48, 0x00, 0x00, 0x00, 0x00, 0x00, 0x00, 0x00, 0xa0, 0x92, 0x02, 0x20,
  0x10, 0x0a, 0x80, 0x00, 0x11, 0x20, 0x00, 0x00, 0x01, 0xe0, 0x10, 0x00, 0x20, 0x00, 0x04, 0x04,
  0x01, 0x00, 0x00, 0x00, 0x40, 0x10, 0x00, 0x00, 0x03, 0xf9, 0xf0, 0x00, 0x82, 0x88, 0x00, 0x00,
  0x10, 0x04, 0x00, 0x00, 0x01, 0x0a, 0x00, 0x00, 0x07, 0xf1, 0xf0, 0x00, 0x00, 0x41, 0x40, 0x00,
  0x41, 0x02, 0x00, 0x20, 0x08, 0x00, 0x00, 0x00, 0x07, 0xf8, 0x00, 0x02, 0x00, 0x24, 0x15, 0x50,
  0x04, 0x00, 0x00, 0x00, 0x44, 0x22, 0x50, 0x01, 0xe7, 0xf8, 0x00, 0x00, 0x48, 0x00, 0x80, 0x00,
  0x00, 0x10, 0x04, 0x00, 0x01, 0x00, 0x00, 0x01, 0xc3, 0xf0, 0x00, 0x00, 0x01, 0x10, 0x00, 0x00,
  0x11, 0x08, 0x00, 0x04, 0x08, 0x08, 0x00, 0x00, 0x01, 0xa2, 0x00, 0x00, 0x00, 0x04, 0x08, 0x80,
  0x00, 0x22, 0x00, 0x00, 0x00, 0x00, 0x00, 0x00, 0x00, 0x03, 0x04, 0x00, 0x00, 0x12, 0x00, 0x22,
  0x00, 0x10, 0x00, 0x45, 0x00, 0x80, 0x00, 0x00, 0x04, 0x03, 0xc0, 0x00, 0x20, 0x40, 0x00, 0x00,
  0x00, 0x20, 0x02, 0x10, 0x10, 0x00, 0x00, 0x00, 0x07, 0x00, 0xc0, 0x00, 0x04, 0x00, 0x28, 0x02,
  0x00, 0x00, 0x00, 0x00, 0x04, 0x14, 0x00, 0x00, 0x07, 0x00, 0x12, 0x88, 0x80, 0x08, 0x00, 0x48,
  0x00, 0x00, 0x04, 0x80, 0x08, 0x06, 0x20, 0x00, 0x0c, 0x01, 0x09, 0x40, 0x42, 0x00, 0x42, 0x10,
  0x01, 0x00, 0x08, 0x02, 0xac, 0x04, 0x08, 0x00, 0x00, 0x0b, 0xc7, 0x01, 0x10, 0x01, 0x00, 0x00,
  0x00, 0x00, 0x01, 0x10, 0x1a, 0x46, 0x00, 0x00, 0x00, 0x01, 0xd3, 0x10, 0x04, 0x04, 0x04, 0x08,
  0x00, 0x00, 0x00, 0x00, 0x0c, 0x06, 0x04, 0x03, 0xe0, 0x00, 0x63, 0x42, 0x40, 0x00, 0x10, 0x00,
  0x00, 0x00, 0x02, 0x12, 0x28, 0x06, 0x06, 0x87, 0xf0, 0x00, 0xb6, 0x28, 0x00, 0x00, 0x42, 0x20,
  0x00, 0x00, 0x00, 0x00, 0x0c, 0x16, 0x0e, 0x0c, 0x18, 0x14, 0x7e, 0x01, 0x00, 0x02, 0x00, 0x80,
  0x02, 0x20, 0x00, 0x82, 0x0c, 0x5e, 0x0f, 0x04, 0x18, 0x7a, 0x1c, 0x10, 0x20, 0x00, 0x08, 0x10,
  0x00, 0x00, 0x00, 0x01, 0x0d, 0xfc, 0x0f, 0x06, 0x38, 0xfe, 0x0e, 0x80, 0x84, 0x02, 0x00, 0x44,
  0x08, 0x00, 0x00, 0x00, 0x0f, 0xc7, 0x1b, 0x06, 0x30, 0xc5, 0x2c, 0x1a, 0x23, 0x00, 0x00, 0x00,
  0x00, 0x02, 0x00, 0x02, 0x0c, 0x06, 0x5d, 0x86, 0xe0, 0xc6, 0x0c, 0x1c, 0x86, 0x80, 0x00, 0x20,
  0x00, 0x90, 0x80, 0x20, 0x0c, 0x0e, 0x7f, 0x87, 0xc0, 0xc6, 0x18, 0x0c, 0x06, 0x00, 0x00, 0x00,
  0x08, 0x20, 0x00, 0x02, 0x18, 0x22, 0x75, 0x83, 0x00, 0x7c, 0x3a, 0x06, 0x16, 0x40, 0x02, 0x00,
  0x00, 0x80, 0x00, 0x08, 0x8c, 0x06, 0x11, 0x86, 0x00, 0xf8, 0x58, 0x07, 0x04, 0x00, 0x00, 0x00,
  0x02, 0x00, 0x00, 0x80, 0x18, 0x06, 0x00, 0xc3, 0x00, 0x60, 0x30, 0x03, 0x0e, 0x40, 0x00, 0x00,
  0x00, 0x40, 0x01, 0x01, 0x4c, 0x06, 0x00, 0xc6, 0x00, 0xc0, 0x30, 0x01, 0x94, 0x00, 0x00, 0x00,
  0x00, 0x00, 0x00, 0x14, 0x18, 0x04, 0x00, 0x03, 0x00, 0xe0, 0xb0, 0x01, 0xcc, 0x00, 0x10, 0x00,
  0x00, 0x00, 0x00, 0x08, 0x18, 0x04, 0x00, 0x00, 0x00, 0x4a, 0x40, 0x60, 0xec, 0x00, 0x00, 0x40,
  0x00, 0x00, 0x00, 0x00, 0x08, 0x00, 0x00, 0x02, 0x00, 0x00, 0x00, 0xe0, 0x78, 0x00, 0x00, 0x00,
  0x00, 0x00, 0x00, 0x12, 0x00, 0x80, 0x01, 0xfe, 0x00, 0x02, 0x44, 0xf0, 0x38, 0x00, 0x24, 0x00,
  0x00, 0x00, 0x00, 0x00, 0xc0, 0x6a, 0x10, 0xf8, 0x60, 0x00, 0x81, 0xb0, 0x10, 0x00, 0x80, 0x08,
  0x00, 0x00, 0x00, 0x07, 0xe0, 0x00, 0xfc, 0x30, 0x60, 0xd1, 0x0a, 0xd8, 0x38, 0x00, 0x01, 0x20,
  0x00, 0x00, 0x00, 0x06, 0x71, 0x00, 0x6c, 0x20, 0x40, 0xca, 0x27, 0xf8, 0x30, 0x00, 0x04, 0x00,
  0x00, 0x00, 0x00, 0x0c, 0x60, 0x00, 0x46, 0x30, 0x62, 0xc0, 0x07, 0xf8, 0x30, 0x00, 0x01, 0x02,
  0x00, 0x01, 0x00, 0x06, 0x70, 0x70, 0xee, 0x30, 0x7d, 0xc7, 0xd3, 0x18, 0x60, 0x00, 0x08, 0x40,
  0x00, 0x00, 0x00, 0x06, 0xfa, 0x64, 0xfc, 0x30, 0xf7, 0xcf, 0xc5, 0x0c, 0x20, 0x00, 0x01, 0x00,
  0x00, 0xa0, 0x20, 0x07, 0xfc, 0x60, 0x78, 0x30, 0x48, 0xc6, 0x70, 0x0c, 0x60, 0x08, 0x00, 0x00,
  0x02, 0x00, 0x00, 0x07, 0x87, 0x62, 0xf8, 0x10, 0x60, 0x4d, 0x72, 0x46, 0xe2, 0x00, 0x00, 0x00,
  0x00, 0x20, 0x00, 0x0e, 0x16, 0x60, 0xce, 0x30, 0xe0, 0xce, 0xb0, 0x00, 0x48, 0x00, 0x00, 0x00,
  0x00, 0x41, 0x00, 0x06, 0x16, 0x60, 0xc7, 0xb0, 0x60, 0xc6, 0x72, 0x00, 0xd0, 0x24, 0x00, 0x00,
  0x02, 0x08, 0x40, 0x06, 0x0a, 0x64, 0x01, 0x30, 0xc0, 0x8c, 0x70, 0x80, 0xc0, 0x80, 0x00, 0x00,
  0x00, 0x80, 0x00, 0x06, 0x0e, 0x60, 0x00, 0x30, 0x40, 0x0e, 0xd2, 0x21, 0x84, 0x01, 0x00, 0x00,
  0x04, 0x00, 0x00, 0x06, 0x3c, 0x60, 0x00, 0x00, 0x00, 0x06, 0xe0, 0x00, 0x02, 0x00, 0x00, 0x00,
  0x08, 0x10, 0x40, 0x06, 0x18, 0x00, 0x00, 0x00, 0x00, 0x0f, 0x80, 0x42, 0x11, 0x40, 0x00, 0x00,
  0x00, 0x05, 0x00, 0x16, 0x70, 0x00, 0x80, 0x00, 0x00, 0x06, 0xa0, 0x00, 0x00, 0x00, 0x00, 0x00,
  0x01, 0x40, 0x00, 0x07, 0xe0, 0x00, 0x00, 0x00, 0x00, 0x00, 0x01, 0x20, 0x04, 0x00, 0x00, 0x00,
  0x00, 0x02, 0x00, 0x07, 0x80, 0x08, 0x00, 0x00, 0x00, 0x00, 0x80, 0x00, 0x00, 0x00, 0x02, 0x80,
  0x00, 0x00, 0x00, 0x82, 0x80, 0x00, 0x00, 0x00, 0x00, 0x08, 0x00, 0x02, 0x90, 0x10, 0x08, 0x00,
  0x09, 0x40, 0x00, 0x09, 0x00, 0x00, 0x60, 0x10, 0x00, 0x02, 0x01, 0x50, 0x00, 0x40, 0x00, 0x80,
  0x40, 0x91, 0x02, 0x20, 0x40, 0x00, 0x40, 0x10, 0x00, 0x00, 0x00, 0x00, 0x00, 0x80, 0x01, 0x45,
  0x11, 0x04, 0x00, 0x05, 0x10, 0x00, 0x00, 0x00, 0x00, 0x08, 0x20, 0x82, 0x04, 0x00, 0x04, 0x00,
  0x04, 0x10, 0x04, 0x20, 0x40, 0x06, 0x00, 0x06, 0x00, 0x00, 0x01, 0x00, 0x10, 0x00, 0x10, 0x00,
  0x48, 0x04, 0x08, 0x15, 0x10, 0x03, 0x80, 0x0e, 0x00, 0x00, 0x00, 0x00, 0x41, 0x00, 0x08, 0x44,
  0x10, 0x28, 0x08, 0x42, 0x00, 0x01, 0xc0, 0x58, 0x00, 0x00, 0x02, 0x02, 0x08, 0x12, 0x10, 0x00,
  0x24, 0x80, 0x20, 0x08, 0x94, 0x00, 0xff, 0xf8, 0x00, 0x00, 0x00, 0x00, 0x24, 0x40, 0x00, 0x10,
  0x08, 0x01, 0x08, 0x05, 0x00, 0x00, 0x1f, 0xa0, 0x00, 0x00, 0x00, 0x00, 0x10, 0x00, 0x02, 0x82,
  0x02, 0x04, 0x00, 0x08, 0x20, 0x00, 0x00, 0x00, 0x00, 0x00, 0x00, 0x01, 0x00, 0x10, 0x00, 0x08
};

const uint8_t PROGMEM frame83[1024] = {
  0x00, 0x00, 0x00, 0x00, 0x00, 0x00, 0x00, 0x00, 0x00, 0x00, 0x00, 0x00, 0x00, 0x00, 0x00, 0x00,
  0x22, 0x24, 0x00, 0x00, 0x00, 0x28, 0x00, 0x00, 0x00, 0x18, 0x00, 0x00, 0x01, 0x02, 0x00, 0x00,
  0x00, 0x80, 0x00, 0x00, 0x08, 0x05, 0x00, 0x00, 0x00, 0x18, 0x00, 0x00, 0x00, 0x00, 0x00, 0x02,
  0x02, 0x00, 0x00, 0x00, 0x00, 0x00, 0x00, 0x00, 0x10, 0x38, 0x00, 0x00, 0x00, 0x40, 0x10, 0x00,
  0x00, 0x20, 0x00, 0x00, 0x10, 0x2a, 0x80, 0x00, 0x18, 0x30, 0x00, 0x00, 0x14, 0x12, 0x44, 0x82,
  0x04, 0x00, 0x88, 0x00, 0x01, 0x40, 0x40, 0x00, 0x0c, 0x00, 0x00, 0x00, 0x01, 0x20, 0x00, 0x00,
  0x00, 0x00, 0x00, 0x00, 0x48, 0x00, 0x00, 0x00, 0x00, 0x00, 0x00, 0x00, 0xa0, 0x92, 0x02, 0x20,
  0x10, 0x0a, 0x80, 0x00, 0x11, 0x20, 0x00, 0x00, 0x01, 0xe0, 0x10, 0x00, 0x20, 0x00, 0x04, 0x04,
  0x01, 0x00, 0x00, 0x00, 0x40, 0x10, 0x00, 0x00, 0x03, 0xf9, 0xf0, 0x00, 0x82, 0x88, 0x00, 0x00,
  0x10, 0x04, 0x00, 0x00, 0x01, 0x0a, 0x00, 0x00, 0x07, 0xf1, 0xf0, 0x00, 0x00, 0x41, 0x40, 0x00,
  0x41, 0x02, 0x00, 0x20, 0x08, 0x00, 0x00, 0x00, 0x07, 0xf8, 0x00, 0x02, 0x00, 0x24, 0x15, 0x50,
  0x04, 0x00, 0x00, 0x00, 0x44, 0x22, 0x50, 0x01, 0xe7, 0xf8, 0x00, 0x00, 0x48, 0x00, 0x80, 0x00,
  0x00, 0x10, 0x04, 0x00, 0x01, 0x00, 0x00, 0x01, 0xc3, 0xf0, 0x00, 0x00, 0x01, 0x10, 0x00, 0x00,
  0x11, 0x08, 0x00, 0x04, 0x08, 0x08, 0x00, 0x00, 0x01, 0xa2, 0x00, 0x00, 0x00, 0x04, 0x08, 0x80,
  0x00, 0x22, 0x00, 0x00, 0x00, 0x00, 0x00, 0x00, 0x00, 0x03, 0x04, 0x00, 0x00, 0x12, 0x00, 0x22,
  0x00, 0x10, 0x00, 0x45, 0x00, 0x80, 0x00, 0x00, 0x04, 0x03, 0xc0, 0x00, 0x20, 0x40, 0x00, 0x00,
  0x00, 0x20, 0x02, 0x10, 0x10, 0x00, 0x00, 0x00, 0x07, 0x00, 0xc0, 0x00, 0x04, 0x00, 0x28, 0x02,
  0x00, 0x00, 0x00, 0x00, 0x04, 0x14, 0x00, 0x00, 0x07, 0x00, 0x12, 0x88, 0x80, 0x08, 0x00, 0x48,
  0x00, 0x00, 0x04, 0x80, 0x08, 0x06, 0x20, 0x00, 0x0c, 0x01, 0x09, 0x40, 0x42, 0x00, 0x42, 0x10,
  0x01, 0x00, 0x08, 0x02, 0xac, 0x04, 0x08, 0x00, 0x00, 0x0b, 0xc7, 0x01, 0x10, 0x01, 0x00, 0x00,
  0x00, 0x00, 0x01, 0x10, 0x1a, 0x46, 0x00, 0x00, 0x00, 0x01, 0xd3, 0x10, 0x04, 0x04, 0x04, 0x08,
  0x00, 0x00, 0x00, 0x00, 0x0c, 0x06, 0x04, 0x03, 0xe0, 0x00, 0x63, 0x42, 0x40, 0x00, 0x10, 0x00,
  0x00, 0x00, 0x02, 0x12, 0x28, 0x06, 0x06, 0x87, 0xf0, 0x00, 0xb6, 0x28, 0x00, 0x00, 0x42, 0x20,
  0x00, 0x00, 0x00, 0x00, 0x0c, 0x16, 0x0e, 0x0c, 0x18, 0x14, 0x7e, 0x01, 0x00, 0x02, 0x00, 0x80,
  0x02, 0x20, 0x00, 0x82, 0x0c, 0x5e, 0x0f, 0x04, 0x18, 0x7a, 0x1c, 0x10, 0x20, 0x00, 0x08, 0x10,
  0x00, 0x00, 0x00, 0x01, 0x0d, 0xfc, 0x0f, 0x06, 0x38, 0xfe, 0x0e, 0x80, 0x84, 0x02, 0x00, 0x44,
  0x08, 0x00, 0x00, 0x00, 0x0f, 0xc7, 0x1b, 0x06, 0x30, 0xc5, 0x2c, 0x1a, 0x23, 0x00, 0x00, 0x00,
  0x00, 0x02, 0x00, 0x02, 0x0c, 0x06, 0x5d, 0x86, 0xe0, 0xc6, 0x0c, 0x1c, 0x86, 0x80, 0x00, 0x20,
  0x00, 0x90, 0x80, 0x20, 0x0c, 0x0e, 0x7f, 0x87, 0xc0, 0xc6, 0x18, 0x0c, 0x06, 0x00, 0x00, 0x00,
  0x08, 0x20, 0x00, 0x02, 0x18, 0x22, 0x75, 0x83, 0x00, 0x7c, 0x3a, 0x06, 0x16, 0x40, 0x02, 0x00,
  0x00, 0x80, 0x00, 0x08, 0x8c, 0x06, 0x11, 0x86, 0x00, 0xf8, 0x58, 0x07, 0x04, 0x00, 0x00, 0x00,
  0x02, 0x00, 0x00, 0x80, 0x18, 0x06, 0x00, 0xc3, 0x00, 0x60, 0x30, 0x03, 0x0e, 0x40, 0x00, 0x00,
  0x00, 0x40, 0x01, 0x01, 0x4c, 0x06, 0x00, 0xc6, 0x00, 0xc0, 0x30, 0x01, 0x94, 0x00, 0x00, 0x00,
  0x00, 0x00, 0x00, 0x14, 0x18, 0x04, 0x00, 0x03, 0x00, 0xe0, 0xb0, 0x01, 0xcc, 0x00, 0x10, 0x00,
  0x00, 0x00, 0x00, 0x08, 0x18, 0x04, 0x00, 0x00, 0x00, 0x4a, 0x40, 0x60, 0xec, 0x00, 0x00, 0x40,
  0x00, 0x00, 0x00, 0x00, 0x08, 0x00, 0x00, 0x02, 0x00, 0x00, 0x00, 0xe0, 0x78, 0x00, 0x00, 0x00,
  0x00, 0x00, 0x00, 0x12, 0x00, 0x80, 0x01, 0xfe, 0x00, 0x02, 0x44, 0xf0, 0x38, 0x00, 0x24, 0x00,
  0x00, 0x00, 0x00, 0x00, 0xc0, 0x6a, 0x10, 0xf8, 0x60, 0x00, 0x81, 0xb0, 0x10, 0x00, 0x80, 0x08,
  0x00, 0x00, 0x00, 0x07, 0xe0, 0x00, 0xfc, 0x30, 0x60, 0xd1, 0x0a, 0xd8, 0x38, 0x00, 0x01, 0x20,
  0x00, 0x00, 0x00, 0x06, 0x71, 0x00, 0x6c, 0x20, 0x40, 0xca, 0x27, 0xf8, 0x30, 0x00, 0x04, 0x00,
  0x00, 0x00, 0x00, 0x0c, 0x60, 0x00, 0x46, 0x30, 0x62, 0xc0, 0x07, 0xf8, 0x30, 0x00, 0x01, 0x02,
  0x00, 0x01, 0x00, 0x06, 0x70, 0x70, 0xee, 0x30, 0x7d, 0xc7, 0xd3, 0x18, 0x60, 0x00, 0x08, 0x40,
  0x00, 0x00, 0x00, 0x06, 0xfa, 0x64, 0xfc, 0x30, 0xf7, 0xcf, 0xc5, 0x0c, 0x20, 0x00, 0x01, 0x00,
  0x00, 0xa0, 0x20, 0x07, 0xfc, 0x60, 0x78, 0x30, 0x48, 0xc6, 0x70, 0x0c, 0x60, 0x08, 0x00, 0x00,
  0x02, 0x00, 0x00, 0x07, 0x87, 0x62, 0xf8, 0x10, 0x60, 0x4d, 0x72, 0x46, 0xe2, 0x00, 0x00, 0x00,
  0x00, 0x20, 0x00, 0x0e, 0x16, 0x60, 0xce, 0x30, 0xe0, 0xce, 0xb0, 0x00, 0x48, 0x00, 0x00, 0x00,
  0x00, 0x41, 0x00, 0x06, 0x16, 0x60, 0xc7, 0xb0, 0x60, 0xc6, 0x72, 0x00, 0xd0, 0x24, 0x00, 0x00,
  0x02, 0x08, 0x40, 0x06, 0x0a, 0x64, 0x01, 0x30, 0xc0, 0x8c, 0x70, 0x80, 0xc0, 0x80, 0x00, 0x00,
  0x00, 0x80, 0x00, 0x06, 0x0e, 0x60, 0x00, 0x30, 0x40, 0x0e, 0xd2, 0x21, 0x84, 0x01, 0x00, 0x00,
  0x04, 0x00, 0x00, 0x06, 0x3c, 0x60, 0x00, 0x00, 0x00, 0x06, 0xe0, 0x00, 0x02, 0x00, 0x00, 0x00,
  0x08, 0x10, 0x40, 0x06, 0x18, 0x00, 0x00, 0x00, 0x00, 0x0f, 0x80, 0x42, 0x11, 0x40, 0x00, 0x00,
  0x00, 0x05, 0x00, 0x16, 0x70, 0x00, 0x80, 0x00, 0x00, 0x06, 0xa0, 0x00, 0x00, 0x00, 0x00, 0x00,
  0x01, 0x40, 0x00, 0x07, 0xe0, 0x00, 0x00, 0x00, 0x00, 0x00, 0x01, 0x20, 0x04, 0x00, 0x00, 0x00,
  0x00, 0x02, 0x00, 0x07, 0x80, 0x08, 0x00, 0x00, 0x00, 0x00, 0x80, 0x00, 0x00, 0x00, 0x02, 0x80,
  0x00, 0x00, 0x00, 0x82, 0x80, 0x00, 0x00, 0x00, 0x00, 0x08, 0x00, 0x02, 0x90, 0x10, 0x08, 0x00,
  0x09, 0x40, 0x00, 0x09, 0x00, 0x00, 0x60, 0x10, 0x00, 0x02, 0x01, 0x50, 0x00, 0x40, 0x00, 0x80,
  0x40, 0x91, 0x02, 0x20, 0x40, 0x00, 0x40, 0x10, 0x00, 0x00, 0x00, 0x00, 0x00, 0x80, 0x01, 0x45,
  0x11, 0x04, 0x00, 0x05, 0x10, 0x00, 0x00, 0x00, 0x00, 0x08, 0x20, 0x82, 0x04, 0x00, 0x04, 0x00,
  0x04, 0x10, 0x04, 0x20, 0x40, 0x06, 0x00, 0x06, 0x00, 0x00, 0x01, 0x00, 0x10, 0x00, 0x10, 0x00,
  0x48, 0x04, 0x08, 0x15, 0x10, 0x03, 0x80, 0x0e, 0x00, 0x00, 0x00, 0x00, 0x41, 0x00, 0x08, 0x44,
  0x10, 0x28, 0x08, 0x42, 0x00, 0x01, 0xc0, 0x58, 0x00, 0x00, 0x02, 0x02, 0x08, 0x12, 0x10, 0x00,
  0x24, 0x80, 0x20, 0x08, 0x94, 0x00, 0xff, 0xf8, 0x00, 0x00, 0x00, 0x00, 0x24, 0x40, 0x00, 0x10,
  0x08, 0x01, 0x08, 0x05, 0x00, 0x00, 0x1f, 0xa0, 0x00, 0x00, 0x00, 0x00, 0x10, 0x00, 0x02, 0x82,
  0x02, 0x04, 0x00, 0x08, 0x20, 0x00, 0x00, 0x00, 0x00, 0x00, 0x00, 0x01, 0x00, 0x10, 0x00, 0x08
};

const uint8_t PROGMEM frame84[1024] = {
  0x00, 0x10, 0x00, 0x00, 0x00, 0x00, 0x00, 0x00, 0x00, 0x00, 0x00, 0x00, 0x00, 0x00, 0x00, 0x00,
  0x01, 0x00, 0x00, 0x00, 0x00, 0x14, 0x00, 0x00, 0x00, 0x18, 0x00, 0x00, 0x00, 0x01, 0x00, 0x00,
  0x00, 0x00, 0x00, 0x00, 0x04, 0x05, 0x00, 0x00, 0x00, 0x18, 0x00, 0x00, 0x01, 0x00, 0x00, 0x02,
  0x04, 0x10, 0x00, 0x00, 0x00, 0x00, 0x00, 0x00, 0x10, 0x38, 0x00, 0x00, 0x00, 0x22, 0x00, 0x00,
  0x02, 0x40, 0x10, 0x00, 0x10, 0x2a, 0x80, 0x00, 0x18, 0x30, 0x00, 0x00, 0x0a, 0x00, 0x22, 0x04,
  0x00, 0x00, 0x80, 0x00, 0x00, 0x00, 0x50, 0x00, 0x0c, 0x00, 0x00, 0x00, 0x00, 0x50, 0x00, 0x40,
  0x08, 0x08, 0x00, 0x00, 0x40, 0x80, 0x00, 0x00, 0x00, 0x00, 0x00, 0x00, 0x81, 0x08, 0x04, 0x00,
  0x10, 0x12, 0x00, 0x00, 0x14, 0x50, 0x00, 0x00, 0x01, 0xe0, 0x10, 0x02, 0x50, 0x00, 0x00, 0x0a,
  0x00, 0x00, 0x80, 0x00, 0x00, 0x04, 0x00, 0x00, 0x03, 0xf9, 0xf0, 0x00, 0x02, 0x84, 0x04, 0x00,
  0x01, 0x00, 0x00, 0x00, 0x09, 0x10, 0x00, 0x00, 0x07, 0xf1, 0xf0, 0x00, 0x00, 0x48, 0xa0, 0x00,
  0x10, 0x04, 0x00, 0x00, 0x00, 0x05, 0x00, 0x00, 0x07, 0xf8, 0x00, 0x01, 0x10, 0x00, 0x02, 0xd0,
  0x04, 0x00, 0x00, 0x08, 0x14, 0x80, 0x50, 0x01, 0xe7, 0xf8, 0x00, 0x00, 0x00, 0x00, 0x88, 0x00,
  0x01, 0x00, 0x00, 0x00, 0x00, 0x04, 0x00, 0x01, 0xc3, 0xf0, 0x00, 0x00, 0x00, 0x54, 0x00, 0x00,
  0x20, 0x28, 0x00, 0x00, 0x01, 0x00, 0x00, 0x00, 0x01, 0xa2, 0x00, 0x00, 0x21, 0x00, 0x00, 0x00,
  0x02, 0x04, 0x00, 0x44, 0x04, 0x00, 0x00, 0x00, 0x00, 0x03, 0x08, 0x00, 0x00, 0x0a, 0x09, 0x20,
  0x04, 0x21, 0x20, 0x01, 0x40, 0x00, 0x00, 0x00, 0x04, 0x03, 0xc0, 0x00, 0x10, 0x00, 0x00, 0x02,
  0x00, 0x04, 0x00, 0x10, 0x10, 0xa0, 0x00, 0x00, 0x07, 0x00, 0xc0, 0x00, 0x80, 0x82, 0x00, 0x00,
  0x00, 0x10, 0x04, 0x80, 0x04, 0x04, 0x00, 0x00, 0x07, 0x00, 0x12, 0x48, 0x22, 0x10, 0x24, 0x48,
  0x00, 0x00, 0x00, 0x00, 0x48, 0x06, 0x20, 0x00, 0x0c, 0x02, 0x89, 0x82, 0x80, 0x00, 0x00, 0x02,
  0x00, 0x00, 0x02, 0x21, 0x0c, 0x06, 0x08, 0x00, 0x00, 0x09, 0x87, 0x00, 0x10, 0x00, 0x81, 0x08,
  0x00, 0x00, 0x01, 0x00, 0x2c, 0x04, 0x00, 0x00, 0x00, 0x02, 0xe3, 0x00, 0x05, 0x02, 0x04, 0x00,
  0x00, 0x00, 0x00, 0x00, 0x08, 0x46, 0x04, 0x03, 0xe0, 0x00, 0xe6, 0xaa, 0x40, 0x00, 0x10, 0x00,
  0x00, 0x00, 0x02, 0x04, 0x0c, 0x06, 0x06, 0x87, 0xf0, 0x00, 0x76, 0x10, 0x00, 0x00, 0x40, 0x00,
  0x00, 0x00, 0x00, 0x82, 0x0c, 0x16, 0x0e, 0x0c, 0x18, 0x14, 0x3c, 0x00, 0x80, 0x02, 0x02, 0x20,
  0x02, 0x20, 0x00, 0x00, 0x2d, 0x2e, 0x0f, 0x04, 0x18, 0x7a, 0x9e, 0x24, 0x00, 0x00, 0x08, 0x14,
  0x00, 0x00, 0x00, 0x01, 0x0d, 0xfe, 0x0f, 0x06, 0x38, 0xfe, 0x0d, 0x00, 0x52, 0x00, 0x00, 0x80,
  0x08, 0x00, 0x00, 0x00, 0x0f, 0xa6, 0x1b, 0x06, 0x30, 0xc6, 0x0c, 0x1a, 0x03, 0x00, 0x80, 0x20,
  0x00, 0x02, 0x00, 0x04, 0x8c, 0x07, 0x7d, 0x86, 0xe0, 0xc2, 0x9c, 0x1c, 0x96, 0x00, 0x00, 0x00,
  0x00, 0x10, 0x00, 0x20, 0x08, 0x26, 0x5f, 0x87, 0xc0, 0xc6, 0x1a, 0x0c, 0x06, 0x80, 0x00, 0x00,
  0x00, 0x80, 0x00, 0x02, 0x0c, 0x04, 0x75, 0x83, 0x00, 0x7e, 0x18, 0x0e, 0x8a, 0x00, 0x00, 0x00,
  0x02, 0x20, 0x80, 0x00, 0x98, 0x06, 0x31, 0x86, 0x00, 0xf8, 0x38, 0x03, 0x0c, 0x40, 0x00, 0x00,
  0x00, 0x80, 0x00, 0x88, 0x0c, 0x06, 0x00, 0xc3, 0x00, 0x60, 0x30, 0x03, 0x0e, 0x00, 0x00, 0x00,
  0x02, 0x00, 0x01, 0x01, 0x2c, 0x06, 0x00, 0xc6, 0x00, 0xc0, 0x30, 0x01, 0x88, 0x40, 0x00, 0x00,
  0x00, 0x00, 0x00, 0x08, 0x18, 0x06, 0x00, 0x03, 0x00, 0xe0, 0xb0, 0x01, 0xcc, 0x00, 0x10, 0x20,
  0x00, 0x00, 0x02, 0x12, 0x18, 0x04, 0x00, 0x00, 0x00, 0x14, 0x40, 0x60, 0xec, 0x00, 0x00, 0x80,
  0x00, 0x00, 0x00, 0x08, 0x10, 0x00, 0x00, 0x02, 0x00, 0x41, 0x08, 0xe0, 0x78, 0x00, 0x02, 0x00,
  0x00, 0x00, 0x00, 0x00, 0x00, 0x40, 0x01, 0xfc, 0x00, 0x00, 0x20, 0xf0, 0x38, 0x00, 0x20, 0x00,
  0x00, 0x00, 0x00, 0x02, 0xc0, 0x68, 0x00, 0xfc, 0x60, 0x02, 0x81, 0xf0, 0x30, 0x00, 0x00, 0x02,
  0x00, 0x00, 0x00, 0x07, 0xe0, 0x02, 0xfc, 0x10, 0x60, 0xc0, 0x05, 0x98, 0x18, 0x00, 0x00, 0x08,
  0x00, 0x00, 0x00, 0x06, 0x71, 0x00, 0x6e, 0x30, 0x61, 0xd5, 0x17, 0xf8, 0x30, 0x00, 0x11, 0x20,
  0x00, 0x00, 0x00, 0x0c, 0x60, 0x00, 0x64, 0x30, 0x60, 0xc2, 0x07, 0xf8, 0x30, 0x00, 0x00, 0x40,
  0x00, 0x02, 0x00, 0x06, 0x70, 0x60, 0xce, 0x30, 0x6f, 0x8b, 0xa5, 0x0c, 0x60, 0x00, 0x05, 0x00,
  0x00, 0x00, 0x00, 0x06, 0xf8, 0x68, 0x7c, 0x20, 0x7d, 0xc6, 0xd3, 0x18, 0x20, 0x00, 0x00, 0x00,
  0x00, 0x40, 0x20, 0x07, 0xfe, 0x60, 0xf8, 0x30, 0x60, 0xce, 0xf0, 0x8c, 0x60, 0x10, 0x08, 0x00,
  0x02, 0x00, 0x00, 0x07, 0x86, 0x62, 0xf8, 0x30, 0xe0, 0xc6, 0x62, 0x06, 0x60, 0x80, 0x00, 0x00,
  0x00, 0x20, 0x00, 0x06, 0x06, 0xa0, 0x8f, 0x30, 0x40, 0x96, 0xb8, 0x00, 0xc4, 0x00, 0x00, 0x00,
  0x00, 0x01, 0x00, 0x06, 0x16, 0x68, 0xc7, 0x30, 0xe0, 0xce, 0x70, 0x00, 0xd0, 0x08, 0x00, 0x00,
  0x02, 0x90, 0x40, 0x06, 0x0e, 0x60, 0x41, 0x30, 0x40, 0x84, 0xb2, 0x80, 0x80, 0x00, 0x00, 0x00,
  0x00, 0x00, 0x00, 0x06, 0x14, 0x62, 0x00, 0x30, 0xc0, 0x0e, 0xe0, 0x21, 0xc4, 0x02, 0x00, 0x00,
  0x04, 0x02, 0x08, 0x06, 0x2c, 0x60, 0x00, 0x00, 0x00, 0x0e, 0xc2, 0x00, 0x09, 0x00, 0x80, 0x00,
  0x08, 0x10, 0x00, 0x06, 0x38, 0x00, 0x00, 0x00, 0x00, 0x07, 0xd0, 0x40, 0x00, 0x50, 0x00, 0x00,
  0x00, 0x00, 0x40, 0x06, 0xb0, 0x10, 0x00, 0x00, 0x00, 0x16, 0x00, 0x00, 0x12, 0x00, 0x00, 0x00,
  0x00, 0x44, 0x00, 0x0b, 0xe0, 0x00, 0x00, 0x00, 0x00, 0x00, 0x80, 0x82, 0x00, 0x40, 0x00, 0x08,
  0x01, 0x01, 0x00, 0x07, 0xc0, 0x00, 0x00, 0x00, 0x00, 0x00, 0x00, 0x00, 0x00, 0x00, 0x01, 0x00,
  0x00, 0x02, 0x00, 0x06, 0x00, 0x08, 0x00, 0x00, 0x00, 0x09, 0x01, 0x11, 0x20, 0x00, 0x00, 0x40,
  0x01, 0x40, 0x00, 0x40, 0x80, 0x00, 0x60, 0x10, 0x00, 0x10, 0x00, 0x08, 0x02, 0x00, 0x08, 0x00,
  0x08, 0x10, 0x00, 0x00, 0x00, 0x00, 0x40, 0x10, 0x00, 0x00, 0x00, 0x80, 0x00, 0x40, 0x01, 0x00,
  0x21, 0x24, 0x00, 0x25, 0x50, 0x00, 0x00, 0x00, 0x00, 0x04, 0x00, 0x02, 0x09, 0x00, 0x00, 0x42,
  0x00, 0x00, 0x80, 0x40, 0x40, 0x06, 0x00, 0x06, 0x00, 0x00, 0x20, 0x88, 0x00, 0x00, 0x0a, 0x08,
  0x28, 0x14, 0x02, 0x15, 0x10, 0x03, 0x80, 0x0e, 0x00, 0x00, 0x00, 0x00, 0x40, 0x10, 0x10, 0x00,
  0x04, 0x00, 0x08, 0x40, 0x84, 0x01, 0xc0, 0x78, 0x00, 0x00, 0x02, 0x00, 0x0a, 0x80, 0x00, 0x00,
  0x28, 0xa4, 0x00, 0x04, 0x40, 0x00, 0xff, 0xe8, 0x00, 0x00, 0x00, 0x00, 0xa0, 0x00, 0x00, 0x20,
  0x01, 0x01, 0x28, 0x05, 0x00, 0x00, 0x3f, 0xa0, 0x00, 0x00, 0x00, 0x04, 0x10, 0x08, 0x00, 0x8a,
  0x14, 0x00, 0x00, 0x00, 0x04, 0x00, 0x00, 0x00, 0x00, 0x00, 0x00, 0x00, 0x00, 0x20, 0x04, 0x00
};

const uint8_t PROGMEM frame85[1024] = {
  0x00, 0x10, 0x00, 0x00, 0x00, 0x00, 0x00, 0x00, 0x00, 0x00, 0x00, 0x00, 0x00, 0x00, 0x00, 0x00,
  0x01, 0x00, 0x00, 0x00, 0x00, 0x14, 0x00, 0x00, 0x00, 0x18, 0x00, 0x00, 0x00, 0x01, 0x00, 0x00,
  0x00, 0x00, 0x00, 0x00, 0x04, 0x05, 0x00, 0x00, 0x00, 0x18, 0x00, 0x00, 0x01, 0x00, 0x00, 0x02,
  0x04, 0x10, 0x00, 0x00, 0x00, 0x00, 0x00, 0x00, 0x10, 0x38, 0x00, 0x00, 0x00, 0x22, 0x00, 0x00,
  0x02, 0x40, 0x10, 0x00, 0x10, 0x2a, 0x80, 0x00, 0x18, 0x30, 0x00, 0x00, 0x0a, 0x00, 0x22, 0x04,
  0x00, 0x00, 0x80, 0x00, 0x00, 0x00, 0x50, 0x00, 0x0c, 0x00, 0x00, 0x00, 0x00, 0x50, 0x00, 0x40,
  0x08, 0x08, 0x00, 0x00, 0x40, 0x80, 0x00, 0x00, 0x00, 0x00, 0x00, 0x00, 0x81, 0x08, 0x04, 0x00,
  0x10, 0x12, 0x00, 0x00, 0x14, 0x50, 0x00, 0x00, 0x01, 0xe0, 0x10, 0x02, 0x50, 0x00, 0x00, 0x0a,
  0x00, 0x00, 0x80, 0x00, 0x00, 0x04, 0x00, 0x00, 0x03, 0xf9, 0xf0, 0x00, 0x02, 0x84, 0x04, 0x00,
  0x01, 0x00, 0x00, 0x00, 0x09, 0x10, 0x00, 0x00, 0x07, 0xf1, 0xf0, 0x00, 0x00, 0x48, 0xa0, 0x00,
  0x10, 0x04, 0x00, 0x00, 0x00, 0x05, 0x00, 0x00, 0x07, 0xf8, 0x00, 0x01, 0x10, 0x00, 0x02, 0xd0,
  0x04, 0x00, 0x00, 0x08, 0x14, 0x80, 0x50, 0x01, 0xe7, 0xf8, 0x00, 0x00, 0x00, 0x00, 0x88, 0x00,
  0x01, 0x00, 0x00, 0x00, 0x00, 0x04, 0x00, 0x01, 0xc3, 0xf0, 0x00, 0x00, 0x00, 0x54, 0x00, 0x00,
  0x20, 0x28, 0x00, 0x00, 0x01, 0x00, 0x00, 0x00, 0x01, 0xa2, 0x00, 0x00, 0x21, 0x00, 0x00, 0x00,
  0x02, 0x04, 0x00, 0x44, 0x04, 0x00, 0x00, 0x00, 0x00, 0x03, 0x08, 0x00, 0x00, 0x0a, 0x09, 0x20,
  0x04, 0x21, 0x20, 0x01, 0x40, 0x00, 0x00, 0x00, 0x04, 0x03, 0xc0, 0x00, 0x10, 0x00, 0x00, 0x02,
  0x00, 0x04, 0x00, 0x10, 0x10, 0xa0, 0x00, 0x00, 0x07, 0x00, 0xc0, 0x00, 0x80, 0x82, 0x00, 0x00,
  0x00, 0x10, 0x04, 0x80, 0x04, 0x04, 0x00, 0x00, 0x07, 0x00, 0x12, 0x48, 0x22, 0x10, 0x24, 0x48,
  0x00, 0x00, 0x00, 0x00, 0x48, 0x06, 0x20, 0x00, 0x0c, 0x02, 0x89, 0x82, 0x80, 0x00, 0x00, 0x02,
  0x00, 0x00, 0x02, 0x21, 0x0c, 0x06, 0x08, 0x00, 0x00, 0x09, 0x87, 0x00, 0x10, 0x00, 0x81, 0x08,
  0x00, 0x00, 0x01, 0x00, 0x2c, 0x04, 0x00, 0x00, 0x00, 0x02, 0xe3, 0x00, 0x05, 0x02, 0x04, 0x00,
  0x00, 0x00, 0x00, 0x00, 0x08, 0x46, 0x04, 0x03, 0xe0, 0x00, 0xe6, 0xaa, 0x40, 0x00, 0x10, 0x00,
  0x00, 0x00, 0x02, 0x04, 0x0c, 0x06, 0x06, 0x87, 0xf0, 0x00, 0x76, 0x10, 0x00, 0x00, 0x40, 0x00,
  0x00, 0x00, 0x00, 0x82, 0x0c, 0x16, 0x0e, 0x0c, 0x18, 0x14, 0x3c, 0x00, 0x80, 0x02, 0x02, 0x20,
  0x02, 0x20, 0x00, 0x00, 0x2d, 0x2e, 0x0f, 0x04, 0x18, 0x7a, 0x9e, 0x24, 0x00, 0x00, 0x08, 0x14,
  0x00, 0x00, 0x00, 0x01, 0x0d, 0xfe, 0x0f, 0x06, 0x38, 0xfe, 0x0d, 0x00, 0x52, 0x00, 0x00, 0x80,
  0x08, 0x00, 0x00, 0x00, 0x0f, 0xa6, 0x1b, 0x06, 0x30, 0xc6, 0x0c, 0x1a, 0x03, 0x00, 0x80, 0x20,
  0x00, 0x02, 0x00, 0x04, 0x8c, 0x07, 0x7d, 0x86, 0xe0, 0xc2, 0x9c, 0x1c, 0x96, 0x00, 0x00, 0x00,
  0x00, 0x10, 0x00, 0x20, 0x08, 0x26, 0x5f, 0x87, 0xc0, 0xc6, 0x1a, 0x0c, 0x06, 0x80, 0x00, 0x00,
  0x00, 0x80, 0x00, 0x02, 0x0c, 0x04, 0x75, 0x83, 0x00, 0x7e, 0x18, 0x0e, 0x8a, 0x00, 0x00, 0x00,
  0x02, 0x20, 0x80, 0x00, 0x98, 0x06, 0x31, 0x86, 0x00, 0xf8, 0x38, 0x03, 0x0c, 0x40, 0x00, 0x00,
  0x00, 0x80, 0x00, 0x88, 0x0c, 0x06, 0x00, 0xc3, 0x00, 0x60, 0x30, 0x03, 0x0e, 0x00, 0x00, 0x00,
  0x02, 0x00, 0x01, 0x01, 0x2c, 0x06, 0x00, 0xc6, 0x00, 0xc0, 0x30, 0x01, 0x88, 0x40, 0x00, 0x00,
  0x00, 0x00, 0x00, 0x08, 0x18, 0x06, 0x00, 0x03, 0x00, 0xe0, 0xb0, 0x01, 0xcc, 0x00, 0x10, 0x20,
  0x00, 0x00, 0x02, 0x12, 0x18, 0x04, 0x00, 0x00, 0x00, 0x14, 0x40, 0x60, 0xec, 0x00, 0x00, 0x80,
  0x00, 0x00, 0x00, 0x08, 0x10, 0x00, 0x00, 0x02, 0x00, 0x41, 0x08, 0xe0, 0x78, 0x00, 0x02, 0x00,
  0x00, 0x00, 0x00, 0x00, 0x00, 0x40, 0x01, 0xfc, 0x00, 0x00, 0x20, 0xf0, 0x38, 0x00, 0x20, 0x00,
  0x00, 0x00, 0x00, 0x02, 0xc0, 0x68, 0x00, 0xfc, 0x60, 0x02, 0x81, 0xf0, 0x30, 0x00, 0x00, 0x02,
  0x00, 0x00, 0x00, 0x07, 0xe0, 0x02, 0xfc, 0x10, 0x60, 0xc0, 0x05, 0x98, 0x18, 0x00, 0x00, 0x08,
  0x00, 0x00, 0x00, 0x06, 0x71, 0x00, 0x6e, 0x30, 0x61, 0xd5, 0x17, 0xf8, 0x30, 0x00, 0x11, 0x20,
  0x00, 0x00, 0x00, 0x0c, 0x60, 0x00, 0x64, 0x30, 0x60, 0xc2, 0x07, 0xf8, 0x30, 0x00, 0x00, 0x40,
  0x00, 0x02, 0x00, 0x06, 0x70, 0x60, 0xce, 0x30, 0x6f, 0x8b, 0xa5, 0x0c, 0x60, 0x00, 0x05, 0x00,
  0x00, 0x00, 0x00, 0x06, 0xf8, 0x68, 0x7c, 0x20, 0x7d, 0xc6, 0xd3, 0x18, 0x20, 0x00, 0x00, 0x00,
  0x00, 0x40, 0x20, 0x07, 0xfe, 0x60, 0xf8, 0x30, 0x60, 0xce, 0xf0, 0x8c, 0x60, 0x10, 0x08, 0x00,
  0x02, 0x00, 0x00, 0x07, 0x86, 0x62, 0xf8, 0x30, 0xe0, 0xc6, 0x62, 0x06, 0x60, 0x80, 0x00, 0x00,
  0x00, 0x20, 0x00, 0x06, 0x06, 0xa0, 0x8f, 0x30, 0x40, 0x96, 0xb8, 0x00, 0xc4, 0x00, 0x00, 0x00,
  0x00, 0x01, 0x00, 0x06, 0x16, 0x68, 0xc7, 0x30, 0xe0, 0xce, 0x70, 0x00, 0xd0, 0x08, 0x00, 0x00,
  0x02, 0x90, 0x40, 0x06, 0x0e, 0x60, 0x41, 0x30, 0x40, 0x84, 0xb2, 0x80, 0x80, 0x00, 0x00, 0x00,
  0x00, 0x00, 0x00, 0x06, 0x14, 0x62, 0x00, 0x30, 0xc0, 0x0e, 0xe0, 0x21, 0xc4, 0x02, 0x00, 0x00,
  0x04, 0x02, 0x08, 0x06, 0x2c, 0x60, 0x00, 0x00, 0x00, 0x0e, 0xc2, 0x00, 0x09, 0x00, 0x80, 0x00,
  0x08, 0x10, 0x00, 0x06, 0x38, 0x00, 0x00, 0x00, 0x00, 0x07, 0xd0, 0x40, 0x00, 0x50, 0x00, 0x00,
  0x00, 0x00, 0x40, 0x06, 0xb0, 0x10, 0x00, 0x00, 0x00, 0x16, 0x00, 0x00, 0x12, 0x00, 0x00, 0x00,
  0x00, 0x44, 0x00, 0x0b, 0xe0, 0x00, 0x00, 0x00, 0x00, 0x00, 0x80, 0x82, 0x00, 0x40, 0x00, 0x08,
  0x01, 0x01, 0x00, 0x07, 0xc0, 0x00, 0x00, 0x00, 0x00, 0x00, 0x00, 0x00, 0x00, 0x00, 0x01, 0x00,
  0x00, 0x02, 0x00, 0x06, 0x00, 0x08, 0x00, 0x00, 0x00, 0x09, 0x01, 0x11, 0x20, 0x00, 0x00, 0x40,
  0x01, 0x40, 0x00, 0x40, 0x80, 0x00, 0x60, 0x10, 0x00, 0x10, 0x00, 0x08, 0x02, 0x00, 0x08, 0x00,
  0x08, 0x10, 0x00, 0x00, 0x00, 0x00, 0x40, 0x10, 0x00, 0x00, 0x00, 0x80, 0x00, 0x40, 0x01, 0x00,
  0x21, 0x24, 0x00, 0x25, 0x50, 0x00, 0x00, 0x00, 0x00, 0x04, 0x00, 0x02, 0x09, 0x00, 0x00, 0x42,
  0x00, 0x00, 0x80, 0x40, 0x40, 0x06, 0x00, 0x06, 0x00, 0x00, 0x20, 0x88, 0x00, 0x00, 0x0a, 0x08,
  0x28, 0x14, 0x02, 0x15, 0x10, 0x03, 0x80, 0x0e, 0x00, 0x00, 0x00, 0x00, 0x40, 0x10, 0x10, 0x00,
  0x04, 0x00, 0x08, 0x40, 0x84, 0x01, 0xc0, 0x78, 0x00, 0x00, 0x02, 0x00, 0x0a, 0x80, 0x00, 0x00,
  0x28, 0xa4, 0x00, 0x04, 0x40, 0x00, 0xff, 0xe8, 0x00, 0x00, 0x00, 0x00, 0xa0, 0x00, 0x00, 0x20,
  0x01, 0x01, 0x28, 0x05, 0x00, 0x00, 0x3f, 0xa0, 0x00, 0x00, 0x00, 0x04, 0x10, 0x08, 0x00, 0x8a,
  0x14, 0x00, 0x00, 0x00, 0x04, 0x00, 0x00, 0x00, 0x00, 0x00, 0x00, 0x00, 0x00, 0x20, 0x04, 0x00
};

const uint8_t PROGMEM frame86[1024] = {
  0x00, 0x10, 0x00, 0x00, 0x00, 0x00, 0x00, 0x00, 0x00, 0x00, 0x00, 0x00, 0x00, 0x00, 0x00, 0x00,
  0x01, 0x00, 0x00, 0x00, 0x00, 0x14, 0x00, 0x00, 0x00, 0x18, 0x00, 0x00, 0x00, 0x01, 0x00, 0x00,
  0x00, 0x00, 0x00, 0x00, 0x04, 0x05, 0x00, 0x00, 0x00, 0x18, 0x00, 0x00, 0x01, 0x00, 0x00, 0x02,
  0x04, 0x10, 0x00, 0x00, 0x00, 0x00, 0x00, 0x00, 0x10, 0x38, 0x00, 0x00, 0x00, 0x22, 0x00, 0x00,
  0x02, 0x40, 0x10, 0x00, 0x10, 0x2a, 0x80, 0x00, 0x18, 0x30, 0x00, 0x00, 0x0a, 0x00, 0x22, 0x04,
  0x00, 0x00, 0x80, 0x00, 0x00, 0x00, 0x50, 0x00, 0x0c, 0x00, 0x00, 0x00, 0x00, 0x50, 0x00, 0x40,
  0x08, 0x08, 0x00, 0x00, 0x40, 0x80, 0x00, 0x00, 0x00, 0x00, 0x00, 0x00, 0x81, 0x08, 0x04, 0x00,
  0x10, 0x12, 0x00, 0x00, 0x14, 0x50, 0x00, 0x00, 0x01, 0xe0, 0x10, 0x02, 0x50, 0x00, 0x00, 0x0a,
  0x00, 0x00, 0x80, 0x00, 0x00, 0x04, 0x00, 0x00, 0x03, 0xf9, 0xf0, 0x00, 0x02, 0x84, 0x04, 0x00,
  0x01, 0x00, 0x00, 0x00, 0x09, 0x10, 0x00, 0x00, 0x07, 0xf1, 0xf0, 0x00, 0x00, 0x48, 0xa0, 0x00,
  0x10, 0x04, 0x00, 0x00, 0x00, 0x05, 0x00, 0x00, 0x07, 0xf8, 0x00, 0x01, 0x10, 0x00, 0x02, 0xd0,
  0x04, 0x00, 0x00, 0x08, 0x14, 0x80, 0x50, 0x01, 0xe7, 0xf8, 0x00, 0x00, 0x00, 0x00, 0x88, 0x00,
  0x01, 0x00, 0x00, 0x00, 0x00, 0x04, 0x00, 0x01, 0xc3, 0xf0, 0x00, 0x00, 0x00, 0x54, 0x00, 0x00,
  0x20, 0x28, 0x00, 0x00, 0x01, 0x00, 0x00, 0x00, 0x01, 0xa2, 0x00, 0x00, 0x21, 0x00, 0x00, 0x00,
  0x02, 0x04, 0x00, 0x44, 0x04, 0x00, 0x00, 0x00, 0x00, 0x03, 0x08, 0x00, 0x00, 0x0a, 0x09, 0x20,
  0x04, 0x21, 0x20, 0x01, 0x40, 0x00, 0x00, 0x00, 0x04, 0x03, 0xc0, 0x00, 0x10, 0x00, 0x00, 0x02,
  0x00, 0x04, 0x00, 0x10, 0x10, 0xa0, 0x00, 0x00, 0x07, 0x00, 0xc0, 0x00, 0x80, 0x82, 0x00, 0x00,
  0x00, 0x10, 0x04, 0x80, 0x04, 0x04, 0x00, 0x00, 0x07, 0x00, 0x12, 0x48, 0x22, 0x10, 0x24, 0x48,
  0x00, 0x00, 0x00, 0x00, 0x48, 0x06, 0x20, 0x00, 0x0c, 0x02, 0x89, 0x82, 0x80, 0x00, 0x00, 0x02,
  0x00, 0x00, 0x02, 0x21, 0x0c, 0x06, 0x08, 0x00, 0x00, 0x09, 0x87, 0x00, 0x10, 0x00, 0x81, 0x08,
  0x00, 0x00, 0x01, 0x00, 0x2c, 0x04, 0x00, 0x00, 0x00, 0x02, 0xe3, 0x00, 0x05, 0x02, 0x04, 0x00,
  0x00, 0x00, 0x00, 0x00, 0x08, 0x46, 0x04, 0x03, 0xe0, 0x00, 0xe6, 0xaa, 0x40, 0x00, 0x10, 0x00,
  0x00, 0x00, 0x02, 0x04, 0x0c, 0x06, 0x06, 0x87, 0xf0, 0x00, 0x76, 0x10, 0x00, 0x00, 0x40, 0x00,
  0x00, 0x00, 0x00, 0x82, 0x0c, 0x16, 0x0e, 0x0c, 0x18, 0x14, 0x3c, 0x00, 0x80, 0x02, 0x02, 0x20,
  0x02, 0x20, 0x00, 0x00, 0x2d, 0x2e, 0x0f, 0x04, 0x18, 0x7a, 0x9e, 0x24, 0x00, 0x00, 0x08, 0x14,
  0x00, 0x00, 0x00, 0x01, 0x0d, 0xfe, 0x0f, 0x06, 0x38, 0xfe, 0x0d, 0x00, 0x52, 0x00, 0x00, 0x80,
  0x08, 0x00, 0x00, 0x00, 0x0f, 0xa6, 0x1b, 0x06, 0x30, 0xc6, 0x0c, 0x1a, 0x03, 0x00, 0x80, 0x20,
  0x00, 0x02, 0x00, 0x04, 0x8c, 0x07, 0x7d, 0x86, 0xe0, 0xc2, 0x9c, 0x1c, 0x96, 0x00, 0x00, 0x00,
  0x00, 0x10, 0x00, 0x20, 0x08, 0x26, 0x5f, 0x87, 0xc0, 0xc6, 0x1a, 0x0c, 0x06, 0x80, 0x00, 0x00,
  0x00, 0x80, 0x00, 0x02, 0x0c, 0x04, 0x75, 0x83, 0x00, 0x7e, 0x18, 0x0e, 0x8a, 0x00, 0x00, 0x00,
  0x02, 0x20, 0x80, 0x00, 0x98, 0x06, 0x31, 0x86, 0x00, 0xf8, 0x38, 0x03, 0x0c, 0x40, 0x00, 0x00,
  0x00, 0x80, 0x00, 0x88, 0x0c, 0x06, 0x00, 0xc3, 0x00, 0x60, 0x30, 0x03, 0x0e, 0x00, 0x00, 0x00,
  0x02, 0x00, 0x01, 0x01, 0x2c, 0x06, 0x00, 0xc6, 0x00, 0xc0, 0x30, 0x01, 0x88, 0x40, 0x00, 0x00,
  0x00, 0x00, 0x00, 0x08, 0x18, 0x06, 0x00, 0x03, 0x00, 0xe0, 0xb0, 0x01, 0xcc, 0x00, 0x10, 0x20,
  0x00, 0x00, 0x02, 0x12, 0x18, 0x04, 0x00, 0x00, 0x00, 0x14, 0x40, 0x60, 0xec, 0x00, 0x00, 0x80,
  0x00, 0x00, 0x00, 0x08, 0x10, 0x00, 0x00, 0x02, 0x00, 0x41, 0x08, 0xe0, 0x78, 0x00, 0x02, 0x00,
  0x00, 0x00, 0x00, 0x00, 0x00, 0x40, 0x01, 0xfc, 0x00, 0x00, 0x20, 0xf0, 0x38, 0x00, 0x20, 0x00,
  0x00, 0x00, 0x00, 0x02, 0xc0, 0x68, 0x00, 0xfc, 0x60, 0x02, 0x81, 0xf0, 0x30, 0x00, 0x00, 0x02,
  0x00, 0x00, 0x00, 0x07, 0xe0, 0x02, 0xfc, 0x10, 0x60, 0xc0, 0x05, 0x98, 0x18, 0x00, 0x00, 0x08,
  0x00, 0x00, 0x00, 0x06, 0x71, 0x00, 0x6e, 0x30, 0x61, 0xd5, 0x17, 0xf8, 0x30, 0x00, 0x11, 0x20,
  0x00, 0x00, 0x00, 0x0c, 0x60, 0x00, 0x64, 0x30, 0x60, 0xc2, 0x07, 0xf8, 0x30, 0x00, 0x00, 0x40,
  0x00, 0x02, 0x00, 0x06, 0x70, 0x60, 0xce, 0x30, 0x6f, 0x8b, 0xa5, 0x0c, 0x60, 0x00, 0x05, 0x00,
  0x00, 0x00, 0x00, 0x06, 0xf8, 0x68, 0x7c, 0x20, 0x7d, 0xc6, 0xd3, 0x18, 0x20, 0x00, 0x00, 0x00,
  0x00, 0x40, 0x20, 0x07, 0xfe, 0x60, 0xf8, 0x30, 0x60, 0xce, 0xf0, 0x8c, 0x60, 0x10, 0x08, 0x00,
  0x02, 0x00, 0x00, 0x07, 0x86, 0x62, 0xf8, 0x30, 0xe0, 0xc6, 0x62, 0x06, 0x60, 0x80, 0x00, 0x00,
  0x00, 0x20, 0x00, 0x06, 0x06, 0xa0, 0x8f, 0x30, 0x40, 0x96, 0xb8, 0x00, 0xc4, 0x00, 0x00, 0x00,
  0x00, 0x01, 0x00, 0x06, 0x16, 0x68, 0xc7, 0x30, 0xe0, 0xce, 0x70, 0x00, 0xd0, 0x08, 0x00, 0x00,
  0x02, 0x90, 0x40, 0x06, 0x0e, 0x60, 0x41, 0x30, 0x40, 0x84, 0xb2, 0x80, 0x80, 0x00, 0x00, 0x00,
  0x00, 0x00, 0x00, 0x06, 0x14, 0x62, 0x00, 0x30, 0xc0, 0x0e, 0xe0, 0x21, 0xc4, 0x02, 0x00, 0x00,
  0x04, 0x02, 0x08, 0x06, 0x2c, 0x60, 0x00, 0x00, 0x00, 0x0e, 0xc2, 0x00, 0x09, 0x00, 0x80, 0x00,
  0x08, 0x10, 0x00, 0x06, 0x38, 0x00, 0x00, 0x00, 0x00, 0x07, 0xd0, 0x40, 0x00, 0x50, 0x00, 0x00,
  0x00, 0x00, 0x40, 0x06, 0xb0, 0x10, 0x00, 0x00, 0x00, 0x16, 0x00, 0x00, 0x12, 0x00, 0x00, 0x00,
  0x00, 0x44, 0x00, 0x0b, 0xe0, 0x00, 0x00, 0x00, 0x00, 0x00, 0x80, 0x82, 0x00, 0x40, 0x00, 0x08,
  0x01, 0x01, 0x00, 0x07, 0xc0, 0x00, 0x00, 0x00, 0x00, 0x00, 0x00, 0x00, 0x00, 0x00, 0x01, 0x00,
  0x00, 0x02, 0x00, 0x06, 0x00, 0x08, 0x00, 0x00, 0x00, 0x09, 0x01, 0x11, 0x20, 0x00, 0x00, 0x40,
  0x01, 0x40, 0x00, 0x40, 0x80, 0x00, 0x60, 0x10, 0x00, 0x10, 0x00, 0x08, 0x02, 0x00, 0x08, 0x00,
  0x08, 0x10, 0x00, 0x00, 0x00, 0x00, 0x40, 0x10, 0x00, 0x00, 0x00, 0x80, 0x00, 0x40, 0x01, 0x00,
  0x21, 0x24, 0x00, 0x25, 0x50, 0x00, 0x00, 0x00, 0x00, 0x04, 0x00, 0x02, 0x09, 0x00, 0x00, 0x42,
  0x00, 0x00, 0x80, 0x40, 0x40, 0x06, 0x00, 0x06, 0x00, 0x00, 0x20, 0x88, 0x00, 0x00, 0x0a, 0x08,
  0x28, 0x14, 0x02, 0x15, 0x10, 0x03, 0x80, 0x0e, 0x00, 0x00, 0x00, 0x00, 0x40, 0x10, 0x10, 0x00,
  0x04, 0x00, 0x08, 0x40, 0x84, 0x01, 0xc0, 0x78, 0x00, 0x00, 0x02, 0x00, 0x0a, 0x80, 0x00, 0x00,
  0x28, 0xa4, 0x00, 0x04, 0x40, 0x00, 0xff, 0xe8, 0x00, 0x00, 0x00, 0x00, 0xa0, 0x00, 0x00, 0x20,
  0x01, 0x01, 0x28, 0x05, 0x00, 0x00, 0x3f, 0xa0, 0x00, 0x00, 0x00, 0x04, 0x10, 0x08, 0x00, 0x8a,
  0x14, 0x00, 0x00, 0x00, 0x04, 0x00, 0x00, 0x00, 0x00, 0x00, 0x00, 0x00, 0x00, 0x20, 0x04, 0x00
};

const uint8_t PROGMEM frame87[1024] = {
  0x00, 0x10, 0x00, 0x00, 0x00, 0x00, 0x00, 0x00, 0x00, 0x00, 0x00, 0x00, 0x00, 0x00, 0x00, 0x00,
  0x01, 0x00, 0x00, 0x00, 0x00, 0x0a, 0x80, 0x00, 0x00, 0x18, 0x00, 0x00, 0x00, 0x02, 0x00, 0x00,
  0x00, 0x04, 0x00, 0x00, 0x00, 0x02, 0x00, 0x00, 0x00, 0x18, 0x00, 0x00, 0x02, 0x00, 0x00, 0x02,
  0x00, 0x90, 0x00, 0x00, 0x00, 0x00, 0x00, 0x00, 0x10, 0x38, 0x00, 0x00, 0x00, 0x50, 0x00, 0x00,
  0x04, 0x00, 0x00, 0x00, 0x00, 0x08, 0x80, 0x00, 0x18, 0x30, 0x00, 0x00, 0x08, 0x00, 0x52, 0x00,
  0x02, 0x00, 0x00, 0x00, 0x09, 0x25, 0x20, 0x00, 0x0c, 0x00, 0x00, 0x00, 0x02, 0xa1, 0x00, 0x40,
  0x00, 0x08, 0x80, 0x00, 0x90, 0x00, 0x00, 0x00, 0x00, 0x00, 0x00, 0x01, 0x00, 0x10, 0x02, 0x08,
  0x10, 0x02, 0x00, 0x00, 0x00, 0x40, 0x00, 0x00, 0x01, 0xe0, 0x10, 0x01, 0x50, 0x00, 0x00, 0x02,
  0x01, 0x08, 0x00, 0x02, 0x21, 0x28, 0x00, 0x00, 0x03, 0xf9, 0xf0, 0x00, 0x02, 0x88, 0x04, 0x00,
  0x20, 0x00, 0x00, 0x00, 0x04, 0x00, 0x00, 0x00, 0x07, 0xf1, 0xf0, 0x00, 0x00, 0x42, 0x40, 0x00,
  0x00, 0x02, 0x00, 0x80, 0x00, 0x0a, 0x00, 0x00, 0x07, 0xf8, 0x00, 0x02, 0x08, 0x10, 0x02, 0xa0,
  0x09, 0x00, 0x84, 0x00, 0x08, 0x80, 0xa0, 0x01, 0xe7, 0xf8, 0x00, 0x00, 0x20, 0x00, 0x08, 0x08,
  0x00, 0x00, 0x00, 0x00, 0x00, 0x00, 0x00, 0x03, 0xa3, 0xf0, 0x00, 0x00, 0x80, 0x51, 0x00, 0x00,
  0x41, 0x08, 0x00, 0x00, 0x01, 0x00, 0x00, 0x00, 0x01, 0xa2, 0x00, 0x00, 0x00, 0x80, 0x00, 0x20,
  0x04, 0x24, 0x00, 0x04, 0x04, 0x00, 0x00, 0x00, 0x00, 0x03, 0x04, 0x00, 0x00, 0x08, 0x09, 0x00,
  0x00, 0x00, 0x00, 0x01, 0x00, 0x00, 0x00, 0x00, 0x02, 0x03, 0xc0, 0x00, 0x08, 0x82, 0x00, 0x00,
  0x22, 0x12, 0x80, 0x28, 0x40, 0xa0, 0x00, 0x00, 0x07, 0x00, 0xc0, 0x00, 0xa0, 0x08, 0x20, 0x24,
  0x00, 0x00, 0x00, 0x00, 0x04, 0x08, 0x00, 0x00, 0x06, 0x00, 0x13, 0x40, 0x00, 0x80, 0x04, 0x02,
  0x00, 0x00, 0x04, 0x00, 0x08, 0x06, 0x10, 0x00, 0x0e, 0x05, 0x11, 0x05, 0x44, 0x00, 0x40, 0x10,
  0x00, 0x00, 0x02, 0x00, 0x9a, 0x02, 0x00, 0x00, 0x00, 0x13, 0xcf, 0x10, 0x10, 0x01, 0x00, 0x00,
  0x00, 0x00, 0x01, 0x10, 0x0c, 0x06, 0x04, 0x00, 0x00, 0x01, 0xc3, 0x00, 0x00, 0x00, 0x00, 0x08,
  0x00, 0x00, 0x00, 0x00, 0x48, 0x26, 0x06, 0x03, 0xe0, 0x00, 0x66, 0xa8, 0x40, 0x00, 0x22, 0x00,
  0x00, 0x00, 0x01, 0x00, 0x0c, 0x04, 0x07, 0x43, 0x78, 0x00, 0x76, 0x0a, 0x00, 0x01, 0x00, 0x00,
  0x00, 0x00, 0x00, 0x02, 0x0c, 0x06, 0x0f, 0x06, 0x18, 0x09, 0x3c, 0x20, 0x80, 0x00, 0x84, 0x20,
  0x00, 0x14, 0x00, 0x89, 0x0c, 0x16, 0x0f, 0x02, 0x0c, 0x02, 0x1e, 0x02, 0x00, 0x02, 0x08, 0x90,
  0x00, 0x00, 0x00, 0x00, 0x0c, 0xfe, 0x0d, 0x86, 0x1c, 0xfc, 0x4c, 0x10, 0x04, 0x00, 0x00, 0x0a,
  0x09, 0x00, 0x00, 0x01, 0x0f, 0xde, 0x3b, 0x03, 0x30, 0xee, 0x1d, 0x00, 0xa0, 0x00, 0x84, 0x40,
  0x00, 0x00, 0x00, 0x00, 0x0e, 0xa5, 0x7f, 0x83, 0x70, 0x86, 0x88, 0x0a, 0x06, 0x80, 0x00, 0x00,
  0x00, 0x11, 0x00, 0x20, 0x0c, 0x06, 0x35, 0xc3, 0xc0, 0xe6, 0x1c, 0x18, 0x13, 0x00, 0x00, 0x00,
  0x00, 0x40, 0x00, 0x03, 0x4c, 0x06, 0x21, 0x83, 0x80, 0xc6, 0x38, 0x1c, 0x86, 0x40, 0x00, 0x00,
  0x10, 0x80, 0x00, 0x00, 0x18, 0x04, 0x00, 0xc1, 0x00, 0x7c, 0x32, 0x0c, 0x0b, 0x00, 0x00, 0x00,
  0x02, 0x00, 0x00, 0x80, 0x8c, 0x06, 0x00, 0xc3, 0x00, 0xf8, 0x50, 0x06, 0x06, 0x00, 0x00, 0x00,
  0x00, 0x10, 0x02, 0x04, 0x28, 0x06, 0x00, 0x01, 0x80, 0xc0, 0x30, 0x03, 0x16, 0x00, 0x00, 0x00,
  0x00, 0x00, 0x00, 0x10, 0x9c, 0x06, 0x00, 0x03, 0x00, 0x61, 0x60, 0x03, 0x84, 0x40, 0x10, 0x00,
  0x00, 0x40, 0x02, 0x0a, 0x10, 0x06, 0x00, 0x00, 0x00, 0xe8, 0x50, 0x01, 0x8c, 0x00, 0x00, 0x48,
  0x00, 0x00, 0x00, 0x00, 0x18, 0x00, 0x00, 0x00, 0x00, 0x82, 0x00, 0xc0, 0xcc, 0x00, 0x00, 0x00,
  0x00, 0x00, 0x00, 0x0a, 0x08, 0x40, 0x00, 0x00, 0x20, 0x01, 0x00, 0xe0, 0xf8, 0x00, 0x22, 0x00,
  0x00, 0x00, 0x00, 0x00, 0x00, 0x55, 0x71, 0xfe, 0x30, 0x42, 0x09, 0xe0, 0x6c, 0x00, 0x80, 0x00,
  0x00, 0x00, 0x00, 0x07, 0xe0, 0x40, 0xf8, 0xfc, 0x70, 0xe0, 0x02, 0xf0, 0x38, 0x00, 0x00, 0x00,
  0x00, 0x00, 0x00, 0x0e, 0xe0, 0x01, 0x9c, 0x30, 0x20, 0xc8, 0x21, 0xb0, 0x18, 0x00, 0x00, 0x84,
  0x00, 0x00, 0x00, 0x04, 0x60, 0x00, 0xcc, 0x20, 0x35, 0x62, 0x17, 0xf4, 0x30, 0x00, 0x24, 0x00,
  0x00, 0x00, 0x00, 0x0c, 0xe0, 0x41, 0xb8, 0x30, 0x7f, 0xe4, 0x8f, 0xd8, 0x10, 0x00, 0x01, 0x20,
  0x00, 0x02, 0x00, 0x06, 0xe8, 0x74, 0xf0, 0x30, 0x3a, 0xc7, 0xc6, 0x98, 0x30, 0x00, 0x00, 0x00,
  0x00, 0x10, 0x20, 0x0f, 0xfc, 0x61, 0xf0, 0x30, 0x60, 0x67, 0xf2, 0x18, 0x72, 0x10, 0x08, 0x20,
  0x00, 0x00, 0x00, 0x0f, 0x0e, 0x32, 0xbc, 0x30, 0x60, 0x4c, 0x62, 0x5c, 0x20, 0x00, 0x00, 0x00,
  0x04, 0x40, 0x00, 0x06, 0x85, 0x61, 0x8e, 0x10, 0x60, 0xee, 0xb4, 0x04, 0x60, 0x00, 0x00, 0x00,
  0x00, 0x00, 0x00, 0x0e, 0x0e, 0x31, 0x86, 0x38, 0x60, 0x4d, 0x70, 0x00, 0xe0, 0x08, 0x00, 0x00,
  0x00, 0x10, 0x00, 0x06, 0x14, 0x60, 0x10, 0x30, 0x20, 0x26, 0x72, 0x80, 0x50, 0x00, 0x00, 0x00,
  0x02, 0x80, 0x90, 0x0c, 0x1e, 0x62, 0x00, 0x30, 0x00, 0x0c, 0x60, 0x00, 0xc4, 0x05, 0x00, 0x00,
  0x00, 0x02, 0x00, 0x06, 0x18, 0x30, 0x00, 0x38, 0x00, 0x06, 0xea, 0x20, 0xc1, 0x00, 0x00, 0x00,
  0x00, 0x00, 0x00, 0x06, 0x38, 0x60, 0x00, 0x10, 0x00, 0x0d, 0xc0, 0x01, 0x80, 0x50, 0x00, 0x00,
  0x00, 0x08, 0x00, 0x0e, 0x70, 0x00, 0x00, 0x00, 0x00, 0x0f, 0xa0, 0x80, 0x12, 0x00, 0x00, 0x00,
  0x00, 0x40, 0x00, 0x05, 0xd0, 0x00, 0x00, 0x00, 0x00, 0x25, 0x00, 0x00, 0x00, 0x40, 0x00, 0x04,
  0x01, 0x04, 0x80, 0x07, 0xc0, 0x00, 0x00, 0x00, 0x00, 0x00, 0x00, 0x42, 0x04, 0x00, 0x00, 0x40,
  0x00, 0x00, 0x00, 0x07, 0x00, 0x00, 0x00, 0x00, 0x00, 0x01, 0x00, 0x10, 0x90, 0x00, 0x00, 0x00,
  0x00, 0x80, 0x00, 0x41, 0x00, 0x00, 0x60, 0x10, 0x00, 0x08, 0x01, 0x02, 0x00, 0x20, 0x09, 0x00,
  0x08, 0x51, 0x00, 0x08, 0x00, 0x00, 0xa0, 0x10, 0x00, 0x00, 0x00, 0x40, 0x00, 0x00, 0x00, 0x40,
  0x21, 0x08, 0x02, 0x20, 0xa0, 0x02, 0x00, 0x00, 0x00, 0x00, 0x00, 0x82, 0x01, 0x40, 0x00, 0x00,
  0x10, 0x04, 0x00, 0x01, 0x08, 0x06, 0x00, 0x06, 0x00, 0x00, 0x00, 0x08, 0x04, 0x00, 0x0a, 0x01,
  0x04, 0x10, 0x80, 0x54, 0x20, 0x03, 0x00, 0x0e, 0x00, 0x00, 0x40, 0x00, 0x20, 0x00, 0x00, 0x08,
  0x10, 0x82, 0x02, 0x02, 0x88, 0x01, 0xc0, 0x78, 0x00, 0x00, 0x02, 0x00, 0x04, 0x00, 0x10, 0x20,
  0x00, 0x08, 0x08, 0x44, 0x40, 0x00, 0xff, 0xe8, 0x00, 0x00, 0x00, 0x00, 0xa0, 0x40, 0x00, 0x00,
  0x14, 0x20, 0x00, 0x01, 0x04, 0x00, 0x3f, 0xa0, 0x00, 0x00, 0x00, 0x00, 0x00, 0x08, 0x00, 0x88,
  0x01, 0x01, 0x28, 0x0a, 0x20, 0x00, 0x00, 0x00, 0x00, 0x00, 0x00, 0x02, 0x10, 0x40, 0x00, 0x00
};

const uint8_t PROGMEM frame88[1024] = {
  0x00, 0x10, 0x00, 0x00, 0x00, 0x00, 0x00, 0x00, 0x00, 0x00, 0x00, 0x00, 0x00, 0x00, 0x00, 0x00,
  0x01, 0x00, 0x00, 0x00, 0x00, 0x0a, 0x80, 0x00, 0x00, 0x18, 0x00, 0x00, 0x00, 0x02, 0x00, 0x00,
  0x00, 0x04, 0x00, 0x00, 0x00, 0x02, 0x00, 0x00, 0x00, 0x18, 0x00, 0x00, 0x02, 0x00, 0x00, 0x02,
  0x00, 0x90, 0x00, 0x00, 0x00, 0x00, 0x00, 0x00, 0x10, 0x38, 0x00, 0x00, 0x00, 0x50, 0x00, 0x00,
  0x04, 0x00, 0x00, 0x00, 0x00, 0x08, 0x80, 0x00, 0x18, 0x30, 0x00, 0x00, 0x08, 0x00, 0x52, 0x00,
  0x02, 0x00, 0x00, 0x00, 0x09, 0x25, 0x20, 0x00, 0x0c, 0x00, 0x00, 0x00, 0x02, 0xa1, 0x00, 0x40,
  0x00, 0x08, 0x80, 0x00, 0x90, 0x00, 0x00, 0x00, 0x00, 0x00, 0x00, 0x01, 0x00, 0x10, 0x02, 0x08,
  0x10, 0x02, 0x00, 0x00, 0x00, 0x40, 0x00, 0x00, 0x01, 0xe0, 0x10, 0x01, 0x50, 0x00, 0x00, 0x02,
  0x01, 0x08, 0x00, 0x02, 0x21, 0x28, 0x00, 0x00, 0x03, 0xf9, 0xf0, 0x00, 0x02, 0x88, 0x04, 0x00,
  0x20, 0x00, 0x00, 0x00, 0x04, 0x00, 0x00, 0x00, 0x07, 0xf1, 0xf0, 0x00, 0x00, 0x42, 0x40, 0x00,
  0x00, 0x02, 0x00, 0x80, 0x00, 0x0a, 0x00, 0x00, 0x07, 0xf8, 0x00, 0x02, 0x08, 0x10, 0x02, 0xa0,
  0x09, 0x00, 0x84, 0x00, 0x08, 0x80, 0xa0, 0x01, 0xe7, 0xf8, 0x00, 0x00, 0x20, 0x00, 0x08, 0x08,
  0x00, 0x00, 0x00, 0x00, 0x00, 0x00, 0x00, 0x03, 0xa3, 0xf0, 0x00, 0x00, 0x80, 0x51, 0x00, 0x00,
  0x41, 0x08, 0x00, 0x00, 0x01, 0x00, 0x00, 0x00, 0x01, 0xa2, 0x00, 0x00, 0x00, 0x80, 0x00, 0x20,
  0x04, 0x24, 0x00, 0x04, 0x04, 0x00, 0x00, 0x00, 0x00, 0x03, 0x04, 0x00, 0x00, 0x08, 0x09, 0x00,
  0x00, 0x00, 0x00, 0x01, 0x00, 0x00, 0x00, 0x00, 0x02, 0x03, 0xc0, 0x00, 0x08, 0x82, 0x00, 0x00,
  0x22, 0x12, 0x80, 0x28, 0x40, 0xa0, 0x00, 0x00, 0x07, 0x00, 0xc0, 0x00, 0xa0, 0x08, 0x20, 0x24,
  0x00, 0x00, 0x00, 0x00, 0x04, 0x08, 0x00, 0x00, 0x06, 0x00, 0x13, 0x40, 0x00, 0x80, 0x04, 0x02,
  0x00, 0x00, 0x04, 0x00, 0x08, 0x06, 0x10, 0x00, 0x0e, 0x05, 0x11, 0x05, 0x44, 0x00, 0x40, 0x10,
  0x00, 0x00, 0x02, 0x00, 0x9a, 0x02, 0x00, 0x00, 0x00, 0x13, 0xcf, 0x10, 0x10, 0x01, 0x00, 0x00,
  0x00, 0x00, 0x01, 0x10, 0x0c, 0x06, 0x04, 0x00, 0x00, 0x01, 0xc3, 0x00, 0x00, 0x00, 0x00, 0x08,
  0x00, 0x00, 0x00, 0x00, 0x48, 0x26, 0x06, 0x03, 0xe0, 0x00, 0x66, 0xa8, 0x40, 0x00, 0x22, 0x00,
  0x00, 0x00, 0x01, 0x00, 0x0c, 0x04, 0x07, 0x43, 0x78, 0x00, 0x76, 0x0a, 0x00, 0x01, 0x00, 0x00,
  0x00, 0x00, 0x00, 0x02, 0x0c, 0x06, 0x0f, 0x06, 0x18, 0x09, 0x3c, 0x20, 0x80, 0x00, 0x84, 0x20,
  0x00, 0x14, 0x00, 0x89, 0x0c, 0x16, 0x0f, 0x02, 0x0c, 0x02, 0x1e, 0x02, 0x00, 0x02, 0x08, 0x90,
  0x00, 0x00, 0x00, 0x00, 0x0c, 0xfe, 0x0d, 0x86, 0x1c, 0xfc, 0x4c, 0x10, 0x04, 0x00, 0x00, 0x0a,
  0x09, 0x00, 0x00, 0x01, 0x0f, 0xde, 0x3b, 0x03, 0x30, 0xee, 0x1d, 0x00, 0xa0, 0x00, 0x84, 0x40,
  0x00, 0x00, 0x00, 0x00, 0x0e, 0xa5, 0x7f, 0x83, 0x70, 0x86, 0x88, 0x0a, 0x06, 0x80, 0x00, 0x00,
  0x00, 0x11, 0x00, 0x20, 0x0c, 0x06, 0x35, 0xc3, 0xc0, 0xe6, 0x1c, 0x18, 0x13, 0x00, 0x00, 0x00,
  0x00, 0x40, 0x00, 0x03, 0x4c, 0x06, 0x21, 0x83, 0x80, 0xc6, 0x38, 0x1c, 0x86, 0x40, 0x00, 0x00,
  0x10, 0x80, 0x00, 0x00, 0x18, 0x04, 0x00, 0xc1, 0x00, 0x7c, 0x32, 0x0c, 0x0b, 0x00, 0x00, 0x00,
  0x02, 0x00, 0x00, 0x80, 0x8c, 0x06, 0x00, 0xc3, 0x00, 0xf8, 0x50, 0x06, 0x06, 0x00, 0x00, 0x00,
  0x00, 0x10, 0x02, 0x04, 0x28, 0x06, 0x00, 0x01, 0x80, 0xc0, 0x30, 0x03, 0x16, 0x00, 0x00, 0x00,
  0x00, 0x00, 0x00, 0x10, 0x9c, 0x06, 0x00, 0x03, 0x00, 0x61, 0x60, 0x03, 0x84, 0x40, 0x10, 0x00,
  0x00, 0x40, 0x02, 0x0a, 0x10, 0x06, 0x00, 0x00, 0x00, 0xe8, 0x50, 0x01, 0x8c, 0x00, 0x00, 0x48,
  0x00, 0x00, 0x00, 0x00, 0x18, 0x00, 0x00, 0x00, 0x00, 0x82, 0x00, 0xc0, 0xcc, 0x00, 0x00, 0x00,
  0x00, 0x00, 0x00, 0x0a, 0x08, 0x40, 0x00, 0x00, 0x20, 0x01, 0x00, 0xe0, 0xf8, 0x00, 0x22, 0x00,
  0x00, 0x00, 0x00, 0x00, 0x00, 0x55, 0x71, 0xfe, 0x30, 0x42, 0x09, 0xe0, 0x6c, 0x00, 0x80, 0x00,
  0x00, 0x00, 0x00, 0x07, 0xe0, 0x40, 0xf8, 0xfc, 0x70, 0xe0, 0x02, 0xf0, 0x38, 0x00, 0x00, 0x00,
  0x00, 0x00, 0x00, 0x0e, 0xe0, 0x01, 0x9c, 0x30, 0x20, 0xc8, 0x21, 0xb0, 0x18, 0x00, 0x00, 0x84,
  0x00, 0x00, 0x00, 0x04, 0x60, 0x00, 0xcc, 0x20, 0x35, 0x62, 0x17, 0xf4, 0x30, 0x00, 0x24, 0x00,
  0x00, 0x00, 0x00, 0x0c, 0xe0, 0x41, 0xb8, 0x30, 0x7f, 0xe4, 0x8f, 0xd8, 0x10, 0x00, 0x01, 0x20,
  0x00, 0x02, 0x00, 0x06, 0xe8, 0x74, 0xf0, 0x30, 0x3a, 0xc7, 0xc6, 0x98, 0x30, 0x00, 0x00, 0x00,
  0x00, 0x10, 0x20, 0x0f, 0xfc, 0x61, 0xf0, 0x30, 0x60, 0x67, 0xf2, 0x18, 0x72, 0x10, 0x08, 0x20,
  0x00, 0x00, 0x00, 0x0f, 0x0e, 0x32, 0xbc, 0x30, 0x60, 0x4c, 0x62, 0x5c, 0x20, 0x00, 0x00, 0x00,
  0x04, 0x40, 0x00, 0x06, 0x85, 0x61, 0x8e, 0x10, 0x60, 0xee, 0xb4, 0x04, 0x60, 0x00, 0x00, 0x00,
  0x00, 0x00, 0x00, 0x0e, 0x0e, 0x31, 0x86, 0x38, 0x60, 0x4d, 0x70, 0x00, 0xe0, 0x08, 0x00, 0x00,
  0x00, 0x10, 0x00, 0x06, 0x14, 0x60, 0x10, 0x30, 0x20, 0x26, 0x72, 0x80, 0x50, 0x00, 0x00, 0x00,
  0x02, 0x80, 0x90, 0x0c, 0x1e, 0x62, 0x00, 0x30, 0x00, 0x0c, 0x60, 0x00, 0xc4, 0x05, 0x00, 0x00,
  0x00, 0x02, 0x00, 0x06, 0x18, 0x30, 0x00, 0x38, 0x00, 0x06, 0xea, 0x20, 0xc1, 0x00, 0x00, 0x00,
  0x00, 0x00, 0x00, 0x06, 0x38, 0x60, 0x00, 0x10, 0x00, 0x0d, 0xc0, 0x01, 0x80, 0x50, 0x00, 0x00,
  0x00, 0x08, 0x00, 0x0e, 0x70, 0x00, 0x00, 0x00, 0x00, 0x0f, 0xa0, 0x80, 0x12, 0x00, 0x00, 0x00,
  0x00, 0x40, 0x00, 0x05, 0xd0, 0x00, 0x00, 0x00, 0x00, 0x25, 0x00, 0x00, 0x00, 0x40, 0x00, 0x04,
  0x01, 0x04, 0x80, 0x07, 0xc0, 0x00, 0x00, 0x00, 0x00, 0x00, 0x00, 0x42, 0x04, 0x00, 0x00, 0x40,
  0x00, 0x00, 0x00, 0x07, 0x00, 0x00, 0x00, 0x00, 0x00, 0x01, 0x00, 0x10, 0x90, 0x00, 0x00, 0x00,
  0x00, 0x80, 0x00, 0x41, 0x00, 0x00, 0x60, 0x10, 0x00, 0x08, 0x01, 0x02, 0x00, 0x20, 0x09, 0x00,
  0x08, 0x51, 0x00, 0x08, 0x00, 0x00, 0xa0, 0x10, 0x00, 0x00, 0x00, 0x40, 0x00, 0x00, 0x00, 0x40,
  0x21, 0x08, 0x02, 0x20, 0xa0, 0x02, 0x00, 0x00, 0x00, 0x00, 0x00, 0x82, 0x01, 0x40, 0x00, 0x00,
  0x10, 0x04, 0x00, 0x01, 0x08, 0x06, 0x00, 0x06, 0x00, 0x00, 0x00, 0x08, 0x04, 0x00, 0x0a, 0x01,
  0x04, 0x10, 0x80, 0x54, 0x20, 0x03, 0x00, 0x0e, 0x00, 0x00, 0x40, 0x00, 0x20, 0x00, 0x00, 0x08,
  0x10, 0x82, 0x02, 0x02, 0x88, 0x01, 0xc0, 0x78, 0x00, 0x00, 0x02, 0x00, 0x04, 0x00, 0x10, 0x20,
  0x00, 0x08, 0x08, 0x44, 0x40, 0x00, 0xff, 0xe8, 0x00, 0x00, 0x00, 0x00, 0xa0, 0x40, 0x00, 0x00,
  0x14, 0x20, 0x00, 0x01, 0x04, 0x00, 0x3f, 0xa0, 0x00, 0x00, 0x00, 0x00, 0x00, 0x08, 0x00, 0x88,
  0x01, 0x01, 0x28, 0x0a, 0x20, 0x00, 0x00, 0x00, 0x00, 0x00, 0x00, 0x02, 0x10, 0x40, 0x00, 0x00
};

const uint8_t PROGMEM frame89[1024] = {
  0x00, 0x10, 0x00, 0x00, 0x00, 0x00, 0x00, 0x00, 0x00, 0x00, 0x00, 0x00, 0x00, 0x00, 0x00, 0x00,
  0x01, 0x00, 0x00, 0x00, 0x00, 0x0a, 0x80, 0x00, 0x00, 0x18, 0x00, 0x00, 0x00, 0x02, 0x00, 0x00,
  0x00, 0x04, 0x00, 0x00, 0x00, 0x02, 0x00, 0x00, 0x00, 0x18, 0x00, 0x00, 0x02, 0x00, 0x00, 0x02,
  0x00, 0x90, 0x00, 0x00, 0x00, 0x00, 0x00, 0x00, 0x10, 0x38, 0x00, 0x00, 0x00, 0x50, 0x00, 0x00,
  0x04, 0x00, 0x00, 0x00, 0x00, 0x08, 0x80, 0x00, 0x18, 0x30, 0x00, 0x00, 0x08, 0x00, 0x52, 0x00,
  0x02, 0x00, 0x00, 0x00, 0x09, 0x25, 0x20, 0x00, 0x0c, 0x00, 0x00, 0x00, 0x02, 0xa1, 0x00, 0x40,
  0x00, 0x08, 0x80, 0x00, 0x90, 0x00, 0x00, 0x00, 0x00, 0x00, 0x00, 0x01, 0x00, 0x10, 0x02, 0x08,
  0x10, 0x02, 0x00, 0x00, 0x00, 0x40, 0x00, 0x00, 0x01, 0xe0, 0x10, 0x01, 0x50, 0x00, 0x00, 0x02,
  0x01, 0x08, 0x00, 0x02, 0x21, 0x28, 0x00, 0x00, 0x03, 0xf9, 0xf0, 0x00, 0x02, 0x88, 0x04, 0x00,
  0x20, 0x00, 0x00, 0x00, 0x04, 0x00, 0x00, 0x00, 0x07, 0xf1, 0xf0, 0x00, 0x00, 0x42, 0x40, 0x00,
  0x00, 0x02, 0x00, 0x80, 0x00, 0x0a, 0x00, 0x00, 0x07, 0xf8, 0x00, 0x02, 0x08, 0x10, 0x02, 0xa0,
  0x09, 0x00, 0x84, 0x00, 0x08, 0x80, 0xa0, 0x01, 0xe7, 0xf8, 0x00, 0x00, 0x20, 0x00, 0x08, 0x08,
  0x00, 0x00, 0x00, 0x00, 0x00, 0x00, 0x00, 0x03, 0xa3, 0xf0, 0x00, 0x00, 0x80, 0x51, 0x00, 0x00,
  0x41, 0x08, 0x00, 0x00, 0x01, 0x00, 0x00, 0x00, 0x01, 0xa2, 0x00, 0x00, 0x00, 0x80, 0x00, 0x20,
  0x04, 0x24, 0x00, 0x04, 0x04, 0x00, 0x00, 0x00, 0x00, 0x03, 0x04, 0x00, 0x00, 0x08, 0x09, 0x00,
  0x00, 0x00, 0x00, 0x01, 0x00, 0x00, 0x00, 0x00, 0x02, 0x03, 0xc0, 0x00, 0x08, 0x82, 0x00, 0x00,
  0x22, 0x12, 0x80, 0x28, 0x40, 0xa0, 0x00, 0x00, 0x07, 0x00, 0xc0, 0x00, 0xa0, 0x08, 0x20, 0x24,
  0x00, 0x00, 0x00, 0x00, 0x04, 0x08, 0x00, 0x00, 0x06, 0x00, 0x13, 0x40, 0x00, 0x80, 0x04, 0x02,
  0x00, 0x00, 0x04, 0x00, 0x08, 0x06, 0x10, 0x00, 0x0e, 0x05, 0x11, 0x05, 0x44, 0x00, 0x40, 0x10,
  0x00, 0x00, 0x02, 0x00, 0x9a, 0x02, 0x00, 0x00, 0x00, 0x13, 0xcf, 0x10, 0x10, 0x01, 0x00, 0x00,
  0x00, 0x00, 0x01, 0x10, 0x0c, 0x06, 0x04, 0x00, 0x00, 0x01, 0xc3, 0x00, 0x00, 0x00, 0x00, 0x08,
  0x00, 0x00, 0x00, 0x00, 0x48, 0x26, 0x06, 0x03, 0xe0, 0x00, 0x66, 0xa8, 0x40, 0x00, 0x22, 0x00,
  0x00, 0x00, 0x01, 0x00, 0x0c, 0x04, 0x07, 0x43, 0x78, 0x00, 0x76, 0x0a, 0x00, 0x01, 0x00, 0x00,
  0x00, 0x00, 0x00, 0x02, 0x0c, 0x06, 0x0f, 0x06, 0x18, 0x09, 0x3c, 0x20, 0x80, 0x00, 0x84, 0x20,
  0x00, 0x14, 0x00, 0x89, 0x0c, 0x16, 0x0f, 0x02, 0x0c, 0x02, 0x1e, 0x02, 0x00, 0x02, 0x08, 0x90,
  0x00, 0x00, 0x00, 0x00, 0x0c, 0xfe, 0x0d, 0x86, 0x1c, 0xfc, 0x4c, 0x10, 0x04, 0x00, 0x00, 0x0a,
  0x09, 0x00, 0x00, 0x01, 0x0f, 0xde, 0x3b, 0x03, 0x30, 0xee, 0x1d, 0x00, 0xa0, 0x00, 0x84, 0x40,
  0x00, 0x00, 0x00, 0x00, 0x0e, 0xa5, 0x7f, 0x83, 0x70, 0x86, 0x88, 0x0a, 0x06, 0x80, 0x00, 0x00,
  0x00, 0x11, 0x00, 0x20, 0x0c, 0x06, 0x35, 0xc3, 0xc0, 0xe6, 0x1c, 0x18, 0x13, 0x00, 0x00, 0x00,
  0x00, 0x40, 0x00, 0x03, 0x4c, 0x06, 0x21, 0x83, 0x80, 0xc6, 0x38, 0x1c, 0x86, 0x40, 0x00, 0x00,
  0x10, 0x80, 0x00, 0x00, 0x18, 0x04, 0x00, 0xc1, 0x00, 0x7c, 0x32, 0x0c, 0x0b, 0x00, 0x00, 0x00,
  0x02, 0x00, 0x00, 0x80, 0x8c, 0x06, 0x00, 0xc3, 0x00, 0xf8, 0x50, 0x06, 0x06, 0x00, 0x00, 0x00,
  0x00, 0x10, 0x02, 0x04, 0x28, 0x06, 0x00, 0x01, 0x80, 0xc0, 0x30, 0x03, 0x16, 0x00, 0x00, 0x00,
  0x00, 0x00, 0x00, 0x10, 0x9c, 0x06, 0x00, 0x03, 0x00, 0x61, 0x60, 0x03, 0x84, 0x40, 0x10, 0x00,
  0x00, 0x40, 0x02, 0x0a, 0x10, 0x06, 0x00, 0x00, 0x00, 0xe8, 0x50, 0x01, 0x8c, 0x00, 0x00, 0x48,
  0x00, 0x00, 0x00, 0x00, 0x18, 0x00, 0x00, 0x00, 0x00, 0x82, 0x00, 0xc0, 0xcc, 0x00, 0x00, 0x00,
  0x00, 0x00, 0x00, 0x0a, 0x08, 0x40, 0x00, 0x00, 0x20, 0x01, 0x00, 0xe0, 0xf8, 0x00, 0x22, 0x00,
  0x00, 0x00, 0x00, 0x00, 0x00, 0x55, 0x71, 0xfe, 0x30, 0x42, 0x09, 0xe0, 0x6c, 0x00, 0x80, 0x00,
  0x00, 0x00, 0x00, 0x07, 0xe0, 0x40, 0xf8, 0xfc, 0x70, 0xe0, 0x02, 0xf0, 0x38, 0x00, 0x00, 0x00,
  0x00, 0x00, 0x00, 0x0e, 0xe0, 0x01, 0x9c, 0x30, 0x20, 0xc8, 0x21, 0xb0, 0x18, 0x00, 0x00, 0x84,
  0x00, 0x00, 0x00, 0x04, 0x60, 0x00, 0xcc, 0x20, 0x35, 0x62, 0x17, 0xf4, 0x30, 0x00, 0x24, 0x00,
  0x00, 0x00, 0x00, 0x0c, 0xe0, 0x41, 0xb8, 0x30, 0x7f, 0xe4, 0x8f, 0xd8, 0x10, 0x00, 0x01, 0x20,
  0x00, 0x02, 0x00, 0x06, 0xe8, 0x74, 0xf0, 0x30, 0x3a, 0xc7, 0xc6, 0x98, 0x30, 0x00, 0x00, 0x00,
  0x00, 0x10, 0x20, 0x0f, 0xfc, 0x61, 0xf0, 0x30, 0x60, 0x67, 0xf2, 0x18, 0x72, 0x10, 0x08, 0x20,
  0x00, 0x00, 0x00, 0x0f, 0x0e, 0x32, 0xbc, 0x30, 0x60, 0x4c, 0x62, 0x5c, 0x20, 0x00, 0x00, 0x00,
  0x04, 0x40, 0x00, 0x06, 0x85, 0x61, 0x8e, 0x10, 0x60, 0xee, 0xb4, 0x04, 0x60, 0x00, 0x00, 0x00,
  0x00, 0x00, 0x00, 0x0e, 0x0e, 0x31, 0x86, 0x38, 0x60, 0x4d, 0x70, 0x00, 0xe0, 0x08, 0x00, 0x00,
  0x00, 0x10, 0x00, 0x06, 0x14, 0x60, 0x10, 0x30, 0x20, 0x26, 0x72, 0x80, 0x50, 0x00, 0x00, 0x00,
  0x02, 0x80, 0x90, 0x0c, 0x1e, 0x62, 0x00, 0x30, 0x00, 0x0c, 0x60, 0x00, 0xc4, 0x05, 0x00, 0x00,
  0x00, 0x02, 0x00, 0x06, 0x18, 0x30, 0x00, 0x38, 0x00, 0x06, 0xea, 0x20, 0xc1, 0x00, 0x00, 0x00,
  0x00, 0x00, 0x00, 0x06, 0x38, 0x60, 0x00, 0x10, 0x00, 0x0d, 0xc0, 0x01, 0x80, 0x50, 0x00, 0x00,
  0x00, 0x08, 0x00, 0x0e, 0x70, 0x00, 0x00, 0x00, 0x00, 0x0f, 0xa0, 0x80, 0x12, 0x00, 0x00, 0x00,
  0x00, 0x40, 0x00, 0x05, 0xd0, 0x00, 0x00, 0x00, 0x00, 0x25, 0x00, 0x00, 0x00, 0x40, 0x00, 0x04,
  0x01, 0x04, 0x80, 0x07, 0xc0, 0x00, 0x00, 0x00, 0x00, 0x00, 0x00, 0x42, 0x04, 0x00, 0x00, 0x40,
  0x00, 0x00, 0x00, 0x07, 0x00, 0x00, 0x00, 0x00, 0x00, 0x01, 0x00, 0x10, 0x90, 0x00, 0x00, 0x00,
  0x00, 0x80, 0x00, 0x41, 0x00, 0x00, 0x60, 0x10, 0x00, 0x08, 0x01, 0x02, 0x00, 0x20, 0x09, 0x00,
  0x08, 0x51, 0x00, 0x08, 0x00, 0x00, 0xa0, 0x10, 0x00, 0x00, 0x00, 0x40, 0x00, 0x00, 0x00, 0x40,
  0x21, 0x08, 0x02, 0x20, 0xa0, 0x02, 0x00, 0x00, 0x00, 0x00, 0x00, 0x82, 0x01, 0x40, 0x00, 0x00,
  0x10, 0x04, 0x00, 0x01, 0x08, 0x06, 0x00, 0x06, 0x00, 0x00, 0x00, 0x08, 0x04, 0x00, 0x0a, 0x01,
  0x04, 0x10, 0x80, 0x54, 0x20, 0x03, 0x00, 0x0e, 0x00, 0x00, 0x40, 0x00, 0x20, 0x00, 0x00, 0x08,
  0x10, 0x82, 0x02, 0x02, 0x88, 0x01, 0xc0, 0x78, 0x00, 0x00, 0x02, 0x00, 0x04, 0x00, 0x10, 0x20,
  0x00, 0x08, 0x08, 0x44, 0x40, 0x00, 0xff, 0xe8, 0x00, 0x00, 0x00, 0x00, 0xa0, 0x40, 0x00, 0x00,
  0x14, 0x20, 0x00, 0x01, 0x04, 0x00, 0x3f, 0xa0, 0x00, 0x00, 0x00, 0x00, 0x00, 0x08, 0x00, 0x88,
  0x01, 0x01, 0x28, 0x0a, 0x20, 0x00, 0x00, 0x00, 0x00, 0x00, 0x00, 0x02, 0x10, 0x40, 0x00, 0x00
};

const uint8_t PROGMEM frame90[1024] = {
  0x00, 0x00, 0x00, 0x00, 0x00, 0x00, 0x00, 0x00, 0x00, 0x00, 0x00, 0x00, 0x00, 0x00, 0x00, 0x00,
  0x01, 0x10, 0x00, 0x00, 0x00, 0x0a, 0x80, 0x00, 0x00, 0x18, 0x00, 0x00, 0x00, 0x00, 0x00, 0x00,
  0x00, 0x00, 0x00, 0x00, 0x00, 0x01, 0x00, 0x00, 0x00, 0x18, 0x00, 0x00, 0x02, 0x00, 0x00, 0x02,
  0x00, 0x08, 0x00, 0x00, 0x00, 0x00, 0x00, 0x00, 0x10, 0x38, 0x00, 0x00, 0x00, 0x22, 0x08, 0x00,
  0x00, 0x50, 0x00, 0x00, 0x00, 0x02, 0x40, 0x00, 0x18, 0x30, 0x00, 0x00, 0x10, 0x00, 0x20, 0x00,
  0x02, 0x00, 0x00, 0x00, 0x01, 0x21, 0x20, 0x00, 0x0c, 0x00, 0x00, 0x00, 0x02, 0x50, 0x02, 0x00,
  0x04, 0x00, 0x80, 0x00, 0x48, 0x08, 0x08, 0x00, 0x00, 0x00, 0x00, 0x00, 0x01, 0x01, 0x00, 0x10,
  0x00, 0x02, 0x00, 0x00, 0x10, 0x40, 0x00, 0x00, 0x01, 0xe0, 0x10, 0x01, 0xa0, 0x10, 0x04, 0x02,
  0x10, 0x00, 0x00, 0x02, 0x01, 0x24, 0x00, 0x00, 0x03, 0xf9, 0xf0, 0x00, 0x02, 0x04, 0x00, 0x00,
  0x00, 0x84, 0x00, 0x00, 0x08, 0x08, 0x00, 0x00, 0x07, 0xf1, 0xf0, 0x00, 0x01, 0x40, 0x00, 0x00,
  0x40, 0x00, 0x00, 0x00, 0x00, 0x82, 0x00, 0x00, 0x07, 0xf8, 0x00, 0x00, 0x08, 0x08, 0x45, 0x40,
  0x01, 0x00, 0x88, 0x04, 0x04, 0x00, 0xa0, 0x01, 0xe7, 0xf8, 0x00, 0x00, 0x20, 0x20, 0x00, 0x08,
  0x00, 0x00, 0x00, 0x00, 0x01, 0x00, 0x00, 0x01, 0xc3, 0xf0, 0x00, 0x00, 0x80, 0x00, 0x02, 0x10,
  0x11, 0x00, 0x00, 0x00, 0x00, 0x00, 0x00, 0x00, 0x01, 0xa2, 0x00, 0x01, 0x00, 0x09, 0x00, 0x00,
  0x02, 0x08, 0x00, 0x20, 0x04, 0x00, 0x00, 0x00, 0x00, 0x03, 0x08, 0x00, 0x00, 0xa4, 0x00, 0xa0,
  0x00, 0x05, 0x00, 0x02, 0x00, 0x80, 0x00, 0x00, 0x04, 0x03, 0xc0, 0x00, 0x00, 0x00, 0x08, 0x00,
  0x24, 0x20, 0x40, 0x00, 0x88, 0x10, 0x00, 0x00, 0x07, 0x00, 0xc2, 0x00, 0x49, 0x08, 0x00, 0x00,
  0x00, 0x08, 0x02, 0x20, 0x02, 0x00, 0x00, 0x00, 0x07, 0x00, 0x11, 0x50, 0x20, 0x00, 0x24, 0x05,
  0x00, 0x00, 0x00, 0x00, 0x48, 0x06, 0x08, 0x00, 0x0c, 0x09, 0x2b, 0x05, 0x02, 0x10, 0x00, 0x10,
  0x00, 0x00, 0x02, 0x00, 0x0c, 0x06, 0x00, 0x00, 0x00, 0x05, 0xc3, 0x00, 0x20, 0x00, 0x81, 0x00,
  0x00, 0x00, 0x00, 0x08, 0x48, 0x04, 0x02, 0x00, 0x00, 0x02, 0xce, 0x10, 0x08, 0x01, 0x00, 0x00,
  0x00, 0x00, 0x10, 0x00, 0x0c, 0x26, 0x05, 0x03, 0xf0, 0x00, 0xe3, 0x40, 0x00, 0x00, 0x02, 0x02,
  0x00, 0x00, 0x01, 0x00, 0x0c, 0x06, 0x07, 0x03, 0x78, 0x00, 0x76, 0x14, 0x80, 0x00, 0x00, 0x00,
  0x00, 0x00, 0x00, 0x08, 0x4a, 0x06, 0x0f, 0x04, 0x08, 0x15, 0x3c, 0x00, 0x00, 0x00, 0x84, 0x00,
  0x04, 0x14, 0x00, 0x81, 0x0c, 0x16, 0x0f, 0x06, 0x1c, 0x00, 0x1e, 0x51, 0x00, 0x00, 0x10, 0x10,
  0x00, 0x00, 0x00, 0x00, 0x0c, 0xbe, 0x1b, 0x03, 0x0c, 0xfe, 0x0c, 0x00, 0x00, 0x02, 0x04, 0x08,
  0x00, 0x00, 0x00, 0x01, 0x0f, 0xf6, 0x1b, 0x86, 0x38, 0xfe, 0x5d, 0x04, 0x44, 0x00, 0x80, 0x42,
  0x00, 0x00, 0x00, 0x02, 0x0e, 0x86, 0x7f, 0x83, 0xf0, 0xc2, 0x0c, 0x09, 0x13, 0x00, 0x00, 0x00,
  0x00, 0x10, 0x40, 0x20, 0x0c, 0x0c, 0xb5, 0x83, 0xa0, 0x87, 0x18, 0x18, 0x82, 0x80, 0x00, 0x10,
  0x00, 0x80, 0x00, 0x01, 0x18, 0x26, 0x10, 0xc3, 0x40, 0xe6, 0x3a, 0x1c, 0x0b, 0x00, 0x00, 0x00,
  0x08, 0x00, 0x00, 0x00, 0x8c, 0x06, 0x01, 0xc1, 0x00, 0x7c, 0x30, 0x0c, 0x06, 0x40, 0x00, 0x00,
  0x00, 0x90, 0x00, 0x00, 0x38, 0x04, 0x00, 0xc3, 0x80, 0xf8, 0x38, 0x06, 0x16, 0x00, 0x00, 0x00,
  0x02, 0x00, 0x01, 0x04, 0x0c, 0x06, 0x00, 0x03, 0x00, 0x40, 0x60, 0x03, 0x06, 0x00, 0x00, 0x00,
  0x00, 0x40, 0x00, 0x10, 0x98, 0x06, 0x00, 0x01, 0x00, 0xe0, 0x60, 0x03, 0x94, 0x40, 0x10, 0x00,
  0x00, 0x00, 0x02, 0x0a, 0x18, 0x06, 0x00, 0x01, 0x00, 0xd2, 0x28, 0x01, 0x8c, 0x00, 0x00, 0x50,
  0x00, 0x00, 0x00, 0x00, 0x18, 0x00, 0x00, 0x00, 0x00, 0x00, 0x80, 0xc0, 0xcc, 0x00, 0x00, 0x00,
  0x00, 0x00, 0x00, 0x14, 0x08, 0x20, 0x00, 0x00, 0x10, 0x04, 0x00, 0xe0, 0xec, 0x00, 0x02, 0x00,
  0x00, 0x00, 0x00, 0x01, 0x00, 0x44, 0x71, 0xfc, 0x30, 0x42, 0x01, 0xe0, 0x78, 0x00, 0x40, 0x00,
  0x00, 0x00, 0x00, 0x07, 0xe0, 0x61, 0xf8, 0xf6, 0x60, 0xe0, 0x0a, 0xf0, 0x38, 0x01, 0x00, 0x00,
  0x00, 0x00, 0x00, 0x0e, 0xe0, 0x00, 0x9c, 0x30, 0x30, 0x60, 0x21, 0xb0, 0x18, 0x00, 0x01, 0x04,
  0x00, 0x00, 0x00, 0x04, 0x60, 0x01, 0xcc, 0x30, 0x32, 0xe4, 0x8f, 0xf4, 0x30, 0x00, 0x00, 0x00,
  0x00, 0x00, 0x00, 0x0c, 0xe0, 0x00, 0xd8, 0x30, 0x7f, 0xc2, 0x17, 0xb8, 0x10, 0x00, 0x05, 0x40,
  0x00, 0x02, 0x00, 0x0e, 0xe8, 0x71, 0xf8, 0x10, 0x35, 0x6f, 0xc6, 0x98, 0x30, 0x00, 0x00, 0x00,
  0x00, 0x20, 0x00, 0x07, 0xfc, 0x65, 0xe0, 0x30, 0x60, 0xc6, 0xe5, 0x18, 0x62, 0x10, 0x09, 0x00,
  0x00, 0x00, 0x10, 0x0f, 0x0e, 0x71, 0x7c, 0x30, 0x60, 0x6c, 0xf0, 0x4c, 0x30, 0x00, 0x00, 0x00,
  0x02, 0x40, 0x00, 0x0e, 0x85, 0x21, 0x8e, 0x30, 0x60, 0xc6, 0x68, 0x08, 0x60, 0x00, 0x00, 0x00,
  0x00, 0x00, 0x00, 0x04, 0x0e, 0x71, 0x46, 0x18, 0x30, 0x5e, 0xb2, 0x00, 0xd0, 0x08, 0x00, 0x00,
  0x00, 0x00, 0x00, 0x0e, 0x04, 0x60, 0x00, 0x30, 0x60, 0x44, 0x70, 0x80, 0xc0, 0x00, 0x00, 0x00,
  0x02, 0x10, 0x90, 0x06, 0x1e, 0x20, 0x00, 0x38, 0x00, 0x0e, 0xb2, 0x00, 0xd0, 0x01, 0x00, 0x00,
  0x01, 0x02, 0x00, 0x06, 0x1c, 0x71, 0x08, 0x30, 0x00, 0x0c, 0xe0, 0x20, 0xc4, 0x00, 0x00, 0x00,
  0x04, 0x00, 0x00, 0x0c, 0x38, 0x20, 0x00, 0x10, 0x00, 0x07, 0xc4, 0x00, 0x81, 0x10, 0x00, 0x00,
  0x00, 0x00, 0x00, 0x06, 0x70, 0x00, 0x00, 0x00, 0x00, 0x0f, 0x40, 0x40, 0x10, 0x40, 0x00, 0x00,
  0x00, 0x04, 0x00, 0x0e, 0xe0, 0x00, 0x00, 0x00, 0x00, 0x05, 0x00, 0x01, 0x00, 0x00, 0x00, 0x04,
  0x00, 0x40, 0x90, 0x07, 0xc0, 0x08, 0x00, 0x00, 0x00, 0x00, 0x01, 0x40, 0x04, 0x00, 0x00, 0x40,
  0x00, 0x02, 0x00, 0x07, 0x00, 0x00, 0x00, 0x00, 0x00, 0x04, 0x80, 0x01, 0x00, 0x80, 0x00, 0x00,
  0x02, 0x40, 0x00, 0x00, 0x00, 0x00, 0x60, 0x10, 0x00, 0x10, 0x00, 0x14, 0x10, 0x10, 0x09, 0x00,
  0x08, 0x00, 0x00, 0x21, 0x00, 0x00, 0x40, 0x10, 0x00, 0x00, 0x00, 0x40, 0x00, 0x40, 0x00, 0x40,
  0x10, 0x88, 0x00, 0x08, 0x50, 0x00, 0x00, 0x00, 0x00, 0x00, 0x00, 0x80, 0x80, 0x80, 0x00, 0x00,
  0x00, 0x24, 0x80, 0x40, 0x00, 0x07, 0x00, 0x06, 0x00, 0x00, 0x00, 0x04, 0x04, 0x00, 0x0a, 0x00,
  0x10, 0x01, 0x02, 0x25, 0x52, 0x03, 0x00, 0x0e, 0x00, 0x00, 0x41, 0x00, 0x00, 0x00, 0x00, 0x04,
  0x08, 0x88, 0x00, 0x40, 0x80, 0x01, 0xc0, 0x78, 0x00, 0x00, 0x00, 0x00, 0x24, 0x00, 0x10, 0x00,
  0x00, 0x00, 0x00, 0x0c, 0x04, 0x00, 0xff, 0xe8, 0x00, 0x00, 0x02, 0x04, 0x80, 0x00, 0x00, 0x10,
  0x14, 0x02, 0x08, 0x02, 0x40, 0x00, 0x3f, 0xa0, 0x00, 0x00, 0x00, 0x00, 0x10, 0x40, 0x00, 0x00,
  0x08, 0x10, 0x10, 0x04, 0x90, 0x00, 0x00, 0x00, 0x00, 0x00, 0x00, 0x00, 0x00, 0x10, 0x01, 0x08
};

const uint8_t PROGMEM frame91[1024] = {
  0x00, 0x00, 0x00, 0x00, 0x00, 0x00, 0x00, 0x00, 0x00, 0x00, 0x00, 0x00, 0x00, 0x00, 0x00, 0x00,
  0x01, 0x10, 0x00, 0x00, 0x00, 0x0a, 0x80, 0x00, 0x00, 0x18, 0x00, 0x00, 0x00, 0x00, 0x00, 0x00,
  0x00, 0x00, 0x00, 0x00, 0x00, 0x01, 0x00, 0x00, 0x00, 0x18, 0x00, 0x00, 0x02, 0x00, 0x00, 0x02,
  0x00, 0x08, 0x00, 0x00, 0x00, 0x00, 0x00, 0x00, 0x10, 0x38, 0x00, 0x00, 0x00, 0x22, 0x08, 0x00,
  0x00, 0x50, 0x00, 0x00, 0x00, 0x02, 0x40, 0x00, 0x18, 0x30, 0x00, 0x00, 0x10, 0x00, 0x20, 0x00,
  0x02, 0x00, 0x00, 0x00, 0x01, 0x21, 0x20, 0x00, 0x0c, 0x00, 0x00, 0x00, 0x02, 0x50, 0x02, 0x00,
  0x04, 0x00, 0x80, 0x00, 0x48, 0x08, 0x08, 0x00, 0x00, 0x00, 0x00, 0x00, 0x01, 0x01, 0x00, 0x10,
  0x00, 0x02, 0x00, 0x00, 0x10, 0x40, 0x00, 0x00, 0x01, 0xe0, 0x10, 0x01, 0xa0, 0x10, 0x04, 0x02,
  0x10, 0x00, 0x00, 0x02, 0x01, 0x24, 0x00, 0x00, 0x03, 0xf9, 0xf0, 0x00, 0x02, 0x04, 0x00, 0x00,
  0x00, 0x84, 0x00, 0x00, 0x08, 0x08, 0x00, 0x00, 0x07, 0xf1, 0xf0, 0x00, 0x01, 0x40, 0x00, 0x00,
  0x40, 0x00, 0x00, 0x00, 0x00, 0x82, 0x00, 0x00, 0x07, 0xf8, 0x00, 0x00, 0x08, 0x08, 0x45, 0x40,
  0x01, 0x00, 0x88, 0x04, 0x04, 0x00, 0xa0, 0x01, 0xe7, 0xf8, 0x00, 0x00, 0x20, 0x20, 0x00, 0x08,
  0x00, 0x00, 0x00, 0x00, 0x01, 0x00, 0x00, 0x01, 0xc3, 0xf0, 0x00, 0x00, 0x80, 0x00, 0x02, 0x10,
  0x11, 0x00, 0x00, 0x00, 0x00, 0x00, 0x00, 0x00, 0x01, 0xa2, 0x00, 0x01, 0x00, 0x09, 0x00, 0x00,
  0x02, 0x08, 0x00, 0x20, 0x04, 0x00, 0x00, 0x00, 0x00, 0x03, 0x08, 0x00, 0x00, 0xa4, 0x00, 0xa0,
  0x00, 0x05, 0x00, 0x02, 0x00, 0x80, 0x00, 0x00, 0x04, 0x03, 0xc0, 0x00, 0x00, 0x00, 0x08, 0x00,
  0x24, 0x20, 0x40, 0x00, 0x88, 0x10, 0x00, 0x00, 0x07, 0x00, 0xc2, 0x00, 0x49, 0x08, 0x00, 0x00,
  0x00, 0x08, 0x02, 0x20, 0x02, 0x00, 0x00, 0x00, 0x07, 0x00, 0x11, 0x50, 0x20, 0x00, 0x24, 0x05,
  0x00, 0x00, 0x00, 0x00, 0x48, 0x06, 0x08, 0x00, 0x0c, 0x09, 0x2b, 0x05, 0x02, 0x10, 0x00, 0x10,
  0x00, 0x00, 0x02, 0x00, 0x0c, 0x06, 0x00, 0x00, 0x00, 0x05, 0xc3, 0x00, 0x20, 0x00, 0x81, 0x00,
  0x00, 0x00, 0x00, 0x08, 0x48, 0x04, 0x02, 0x00, 0x00, 0x02, 0xce, 0x10, 0x08, 0x01, 0x00, 0x00,
  0x00, 0x00, 0x10, 0x00, 0x0c, 0x26, 0x05, 0x03, 0xf0, 0x00, 0xe3, 0x40, 0x00, 0x00, 0x02, 0x02,
  0x00, 0x00, 0x01, 0x00, 0x0c, 0x06, 0x07, 0x03, 0x78, 0x00, 0x76, 0x14, 0x80, 0x00, 0x00, 0x00,
  0x00, 0x00, 0x00, 0x08, 0x4a, 0x06, 0x0f, 0x04, 0x08, 0x15, 0x3c, 0x00, 0x00, 0x00, 0x84, 0x00,
  0x04, 0x14, 0x00, 0x81, 0x0c, 0x16, 0x0f, 0x06, 0x1c, 0x00, 0x1e, 0x51, 0x00, 0x00, 0x10, 0x10,
  0x00, 0x00, 0x00, 0x00, 0x0c, 0xbe, 0x1b, 0x03, 0x0c, 0xfe, 0x0c, 0x00, 0x00, 0x02, 0x04, 0x08,
  0x00, 0x00, 0x00, 0x01, 0x0f, 0xf6, 0x1b, 0x86, 0x38, 0xfe, 0x5d, 0x04, 0x44, 0x00, 0x80, 0x42,
  0x00, 0x00, 0x00, 0x02, 0x0e, 0x86, 0x7f, 0x83, 0xf0, 0xc2, 0x0c, 0x09, 0x13, 0x00, 0x00, 0x00,
  0x00, 0x10, 0x40, 0x20, 0x0c, 0x0c, 0xb5, 0x83, 0xa0, 0x87, 0x18, 0x18, 0x82, 0x80, 0x00, 0x10,
  0x00, 0x80, 0x00, 0x01, 0x18, 0x26, 0x10, 0xc3, 0x40, 0xe6, 0x3a, 0x1c, 0x0b, 0x00, 0x00, 0x00,
  0x08, 0x00, 0x00, 0x00, 0x8c, 0x06, 0x01, 0xc1, 0x00, 0x7c, 0x30, 0x0c, 0x06, 0x40, 0x00, 0x00,
  0x00, 0x90, 0x00, 0x00, 0x38, 0x04, 0x00, 0xc3, 0x80, 0xf8, 0x38, 0x06, 0x16, 0x00, 0x00, 0x00,
  0x02, 0x00, 0x01, 0x04, 0x0c, 0x06, 0x00, 0x03, 0x00, 0x40, 0x60, 0x03, 0x06, 0x00, 0x00, 0x00,
  0x00, 0x40, 0x00, 0x10, 0x98, 0x06, 0x00, 0x01, 0x00, 0xe0, 0x60, 0x03, 0x94, 0x40, 0x10, 0x00,
  0x00, 0x00, 0x02, 0x0a, 0x18, 0x06, 0x00, 0x01, 0x00, 0xd2, 0x28, 0x01, 0x8c, 0x00, 0x00, 0x50,
  0x00, 0x00, 0x00, 0x00, 0x18, 0x00, 0x00, 0x00, 0x00, 0x00, 0x80, 0xc0, 0xcc, 0x00, 0x00, 0x00,
  0x00, 0x00, 0x00, 0x14, 0x08, 0x20, 0x00, 0x00, 0x10, 0x04, 0x00, 0xe0, 0xec, 0x00, 0x02, 0x00,
  0x00, 0x00, 0x00, 0x01, 0x00, 0x44, 0x71, 0xfc, 0x30, 0x42, 0x01, 0xe0, 0x78, 0x00, 0x40, 0x00,
  0x00, 0x00, 0x00, 0x07, 0xe0, 0x61, 0xf8, 0xf6, 0x60, 0xe0, 0x0a, 0xf0, 0x38, 0x01, 0x00, 0x00,
  0x00, 0x00, 0x00, 0x0e, 0xe0, 0x00, 0x9c, 0x30, 0x30, 0x60, 0x21, 0xb0, 0x18, 0x00, 0x01, 0x04,
  0x00, 0x00, 0x00, 0x04, 0x60, 0x01, 0xcc, 0x30, 0x32, 0xe4, 0x8f, 0xf4, 0x30, 0x00, 0x00, 0x00,
  0x00, 0x00, 0x00, 0x0c, 0xe0, 0x00, 0xd8, 0x30, 0x7f, 0xc2, 0x17, 0xb8, 0x10, 0x00, 0x05, 0x40,
  0x00, 0x02, 0x00, 0x0e, 0xe8, 0x71, 0xf8, 0x10, 0x35, 0x6f, 0xc6, 0x98, 0x30, 0x00, 0x00, 0x00,
  0x00, 0x20, 0x00, 0x07, 0xfc, 0x65, 0xe0, 0x30, 0x60, 0xc6, 0xe5, 0x18, 0x62, 0x10, 0x09, 0x00,
  0x00, 0x00, 0x10, 0x0f, 0x0e, 0x71, 0x7c, 0x30, 0x60, 0x6c, 0xf0, 0x4c, 0x30, 0x00, 0x00, 0x00,
  0x02, 0x40, 0x00, 0x0e, 0x85, 0x21, 0x8e, 0x30, 0x60, 0xc6, 0x68, 0x08, 0x60, 0x00, 0x00, 0x00,
  0x00, 0x00, 0x00, 0x04, 0x0e, 0x71, 0x46, 0x18, 0x30, 0x5e, 0xb2, 0x00, 0xd0, 0x08, 0x00, 0x00,
  0x00, 0x00, 0x00, 0x0e, 0x04, 0x60, 0x00, 0x30, 0x60, 0x44, 0x70, 0x80, 0xc0, 0x00, 0x00, 0x00,
  0x02, 0x10, 0x90, 0x06, 0x1e, 0x20, 0x00, 0x38, 0x00, 0x0e, 0xb2, 0x00, 0xd0, 0x01, 0x00, 0x00,
  0x01, 0x02, 0x00, 0x06, 0x1c, 0x71, 0x08, 0x30, 0x00, 0x0c, 0xe0, 0x20, 0xc4, 0x00, 0x00, 0x00,
  0x04, 0x00, 0x00, 0x0c, 0x38, 0x20, 0x00, 0x10, 0x00, 0x07, 0xc4, 0x00, 0x81, 0x10, 0x00, 0x00,
  0x00, 0x00, 0x00, 0x06, 0x70, 0x00, 0x00, 0x00, 0x00, 0x0f, 0x40, 0x40, 0x10, 0x40, 0x00, 0x00,
  0x00, 0x04, 0x00, 0x0e, 0xe0, 0x00, 0x00, 0x00, 0x00, 0x05, 0x00, 0x01, 0x00, 0x00, 0x00, 0x04,
  0x00, 0x40, 0x90, 0x07, 0xc0, 0x08, 0x00, 0x00, 0x00, 0x00, 0x01, 0x40, 0x04, 0x00, 0x00, 0x40,
  0x00, 0x02, 0x00, 0x07, 0x00, 0x00, 0x00, 0x00, 0x00, 0x04, 0x80, 0x01, 0x00, 0x80, 0x00, 0x00,
  0x02, 0x40, 0x00, 0x00, 0x00, 0x00, 0x60, 0x10, 0x00, 0x10, 0x00, 0x14, 0x10, 0x10, 0x09, 0x00,
  0x08, 0x00, 0x00, 0x21, 0x00, 0x00, 0x40, 0x10, 0x00, 0x00, 0x00, 0x40, 0x00, 0x40, 0x00, 0x40,
  0x10, 0x88, 0x00, 0x08, 0x50, 0x00, 0x00, 0x00, 0x00, 0x00, 0x00, 0x80, 0x80, 0x80, 0x00, 0x00,
  0x00, 0x24, 0x80, 0x40, 0x00, 0x07, 0x00, 0x06, 0x00, 0x00, 0x00, 0x04, 0x04, 0x00, 0x0a, 0x00,
  0x10, 0x01, 0x02, 0x25, 0x52, 0x03, 0x00, 0x0e, 0x00, 0x00, 0x41, 0x00, 0x00, 0x00, 0x00, 0x04,
  0x08, 0x88, 0x00, 0x40, 0x80, 0x01, 0xc0, 0x78, 0x00, 0x00, 0x00, 0x00, 0x24, 0x00, 0x10, 0x00,
  0x00, 0x00, 0x00, 0x0c, 0x04, 0x00, 0xff, 0xe8, 0x00, 0x00, 0x02, 0x04, 0x80, 0x00, 0x00, 0x10,
  0x14, 0x02, 0x08, 0x02, 0x40, 0x00, 0x3f, 0xa0, 0x00, 0x00, 0x00, 0x00, 0x10, 0x40, 0x00, 0x00,
  0x08, 0x10, 0x10, 0x04, 0x90, 0x00, 0x00, 0x00, 0x00, 0x00, 0x00, 0x00, 0x00, 0x10, 0x01, 0x08
};

const uint8_t PROGMEM frame92[1024] = {
  0x00, 0x00, 0x00, 0x00, 0x00, 0x00, 0x00, 0x00, 0x00, 0x00, 0x00, 0x00, 0x00, 0x00, 0x00, 0x00,
  0x01, 0x10, 0x00, 0x00, 0x00, 0x0a, 0x80, 0x00, 0x00, 0x18, 0x00, 0x00, 0x00, 0x00, 0x00, 0x00,
  0x00, 0x00, 0x00, 0x00, 0x00, 0x01, 0x00, 0x00, 0x00, 0x18, 0x00, 0x00, 0x02, 0x00, 0x00, 0x02,
  0x00, 0x08, 0x00, 0x00, 0x00, 0x00, 0x00, 0x00, 0x10, 0x38, 0x00, 0x00, 0x00, 0x22, 0x08, 0x00,
  0x00, 0x50, 0x00, 0x00, 0x00, 0x02, 0x40, 0x00, 0x18, 0x30, 0x00, 0x00, 0x10, 0x00, 0x20, 0x00,
  0x02, 0x00, 0x00, 0x00, 0x01, 0x21, 0x20, 0x00, 0x0c, 0x00, 0x00, 0x00, 0x02, 0x50, 0x02, 0x00,
  0x04, 0x00, 0x80, 0x00, 0x48, 0x08, 0x08, 0x00, 0x00, 0x00, 0x00, 0x00, 0x01, 0x01, 0x00, 0x10,
  0x00, 0x02, 0x00, 0x00, 0x10, 0x40, 0x00, 0x00, 0x01, 0xe0, 0x10, 0x01, 0xa0, 0x10, 0x04, 0x02,
  0x10, 0x00, 0x00, 0x02, 0x01, 0x24, 0x00, 0x00, 0x03, 0xf9, 0xf0, 0x00, 0x02, 0x04, 0x00, 0x00,
  0x00, 0x84, 0x00, 0x00, 0x08, 0x08, 0x00, 0x00, 0x07, 0xf1, 0xf0, 0x00, 0x01, 0x40, 0x00, 0x00,
  0x40, 0x00, 0x00, 0x00, 0x00, 0x82, 0x00, 0x00, 0x07, 0xf8, 0x00, 0x00, 0x08, 0x08, 0x45, 0x40,
  0x01, 0x00, 0x88, 0x04, 0x04, 0x00, 0xa0, 0x01, 0xe7, 0xf8, 0x00, 0x00, 0x20, 0x20, 0x00, 0x08,
  0x00, 0x00, 0x00, 0x00, 0x01, 0x00, 0x00, 0x01, 0xc3, 0xf0, 0x00, 0x00, 0x80, 0x00, 0x02, 0x10,
  0x11, 0x00, 0x00, 0x00, 0x00, 0x00, 0x00, 0x00, 0x01, 0xa2, 0x00, 0x01, 0x00, 0x09, 0x00, 0x00,
  0x02, 0x08, 0x00, 0x20, 0x04, 0x00, 0x00, 0x00, 0x00, 0x03, 0x08, 0x00, 0x00, 0xa4, 0x00, 0xa0,
  0x00, 0x05, 0x00, 0x02, 0x00, 0x80, 0x00, 0x00, 0x04, 0x03, 0xc0, 0x00, 0x00, 0x00, 0x08, 0x00,
  0x24, 0x20, 0x40, 0x00, 0x88, 0x10, 0x00, 0x00, 0x07, 0x00, 0xc2, 0x00, 0x49, 0x08, 0x00, 0x00,
  0x00, 0x08, 0x02, 0x20, 0x02, 0x02, 0x00, 0x00, 0x07, 0x00, 0x13, 0x50, 0x20, 0x00, 0x24, 0x05,
  0x00, 0x00, 0x00, 0x00, 0x48, 0x06, 0x08, 0x00, 0x0c, 0x0b, 0x2b, 0x02, 0x82, 0x10, 0x00, 0x10,
  0x00, 0x00, 0x02, 0x00, 0x0d, 0x04, 0x00, 0x00, 0x00, 0x03, 0xc6, 0x00, 0x00, 0x00, 0x81, 0x00,
  0x00, 0x00, 0x00, 0x08, 0x4c, 0x06, 0x02, 0x01, 0x40, 0x04, 0xca, 0x10, 0x10, 0x01, 0x00, 0x00,
  0x00, 0x00, 0x10, 0x00, 0x0c, 0x06, 0x04, 0x07, 0xf0, 0x00, 0xe6, 0xa0, 0x40, 0x00, 0x02, 0x02,
  0x00, 0x00, 0x01, 0x00, 0x0c, 0x23, 0x0e, 0x84, 0x38, 0x00, 0x3c, 0x0a, 0x00, 0x00, 0x00, 0x00,
  0x00, 0x00, 0x00, 0x08, 0x4c, 0x06, 0x0e, 0x06, 0x18, 0x14, 0x7c, 0x10, 0x80, 0x00, 0x84, 0x00,
  0x04, 0x14, 0x00, 0x81, 0x0e, 0x16, 0x0f, 0x06, 0x18, 0x55, 0x1c, 0x40, 0x00, 0x00, 0x10, 0x10,
  0x00, 0x00, 0x00, 0x00, 0x0c, 0xff, 0x1b, 0x02, 0x18, 0x7e, 0x18, 0x00, 0x00, 0x02, 0x04, 0x08,
  0x00, 0x00, 0x00, 0x01, 0x0f, 0xea, 0x1b, 0x06, 0x70, 0xe6, 0x5a, 0x8a, 0x42, 0x00, 0x80, 0x42,
  0x00, 0x00, 0x00, 0x02, 0x0e, 0x07, 0x7f, 0x83, 0xe0, 0x43, 0x18, 0x09, 0x05, 0x40, 0x00, 0x00,
  0x00, 0x10, 0x40, 0x20, 0x0c, 0x06, 0x7f, 0x87, 0x80, 0xe7, 0x34, 0x1c, 0x13, 0x00, 0x00, 0x10,
  0x00, 0x80, 0x00, 0x01, 0x0c, 0x22, 0x31, 0x83, 0x00, 0x4e, 0x18, 0x0c, 0x06, 0x80, 0x00, 0x00,
  0x08, 0x00, 0x00, 0x00, 0xac, 0x07, 0x00, 0x83, 0x00, 0x7c, 0x32, 0x06, 0x16, 0x00, 0x00, 0x00,
  0x00, 0x90, 0x00, 0x00, 0x0c, 0x06, 0x01, 0xc3, 0x00, 0x70, 0x70, 0x07, 0x05, 0x00, 0x00, 0x00,
  0x02, 0x00, 0x01, 0x04, 0x4c, 0x02, 0x00, 0x43, 0x00, 0xe0, 0x60, 0x03, 0x86, 0x40, 0x00, 0x00,
  0x00, 0x40, 0x00, 0x10, 0x08, 0x06, 0x00, 0x01, 0x00, 0x40, 0xa0, 0x01, 0x96, 0x00, 0x10, 0x00,
  0x00, 0x00, 0x02, 0x0a, 0x1c, 0x06, 0x00, 0x00, 0x00, 0x68, 0x40, 0x00, 0xcc, 0x00, 0x00, 0x50,
  0x00, 0x00, 0x00, 0x00, 0x08, 0x00, 0x00, 0x00, 0x00, 0x82, 0x08, 0xe0, 0xec, 0x00, 0x00, 0x00,
  0x00, 0x00, 0x00, 0x14, 0x10, 0x40, 0x00, 0x0a, 0x60, 0x00, 0x00, 0xe0, 0x68, 0x00, 0x02, 0x00,
  0x00, 0x00, 0x00, 0x01, 0x00, 0x30, 0x71, 0xfe, 0x20, 0xc5, 0x01, 0xf0, 0x3c, 0x00, 0x40, 0x00,
  0x00, 0x00, 0x00, 0x07, 0x80, 0x01, 0xdc, 0x78, 0x70, 0xc0, 0x12, 0xb0, 0x18, 0x01, 0x00, 0x00,
  0x00, 0x00, 0x00, 0x0e, 0xe0, 0x00, 0xdc, 0x10, 0x60, 0xd0, 0x21, 0xf0, 0x18, 0x00, 0x01, 0x04,
  0x00, 0x00, 0x00, 0x18, 0xc0, 0x80, 0xcc, 0x38, 0x6b, 0xc2, 0x0f, 0xf8, 0x30, 0x00, 0x00, 0x00,
  0x00, 0x00, 0x00, 0x0c, 0xe0, 0x30, 0xdc, 0x10, 0x7f, 0xca, 0xa7, 0xb8, 0x18, 0x00, 0x05, 0x40,
  0x00, 0x02, 0x00, 0x1d, 0xc0, 0x60, 0xf8, 0x38, 0x68, 0xcf, 0xc2, 0x8c, 0x30, 0x00, 0x00, 0x00,
  0x00, 0x20, 0x00, 0x0f, 0xf8, 0x35, 0xf0, 0x10, 0x60, 0xcc, 0xea, 0x98, 0x60, 0x10, 0x09, 0x00,
  0x00, 0x00, 0x10, 0x0f, 0x3d, 0x22, 0xb8, 0x38, 0x60, 0xa6, 0x60, 0x0c, 0x30, 0x00, 0x00, 0x00,
  0x02, 0x40, 0x00, 0x0c, 0x8c, 0x31, 0x8e, 0x10, 0x60, 0xcd, 0x72, 0x04, 0x60, 0x08, 0x00, 0x00,
  0x00, 0x00, 0x00, 0x0c, 0x04, 0x30, 0xc7, 0x38, 0x60, 0x96, 0x60, 0x00, 0xe0, 0x80, 0x00, 0x00,
  0x00, 0x00, 0x00, 0x0c, 0x0e, 0x70, 0x00, 0x10, 0x40, 0x0c, 0xb2, 0x80, 0x50, 0x00, 0x00, 0x00,
  0x02, 0x10, 0x90, 0x0c, 0x1c, 0x20, 0x08, 0x38, 0x00, 0x0d, 0x62, 0x00, 0xc4, 0x01, 0x00, 0x00,
  0x01, 0x02, 0x00, 0x0c, 0x18, 0x31, 0x00, 0x10, 0x00, 0x0c, 0xe8, 0x20, 0xc0, 0x00, 0x00, 0x00,
  0x04, 0x00, 0x00, 0x0c, 0x38, 0x00, 0x00, 0x00, 0x00, 0x07, 0xc0, 0x00, 0x89, 0x10, 0x00, 0x00,
  0x00, 0x00, 0x00, 0x0c, 0x70, 0x10, 0x00, 0x00, 0x00, 0x0f, 0x00, 0x40, 0x00, 0x40, 0x00, 0x00,
  0x00, 0x04, 0x00, 0x0e, 0xe0, 0x00, 0x40, 0x00, 0x00, 0x00, 0x41, 0x00, 0x04, 0x00, 0x00, 0x04,
  0x00, 0x40, 0x90, 0x0f, 0xc0, 0x00, 0x00, 0x00, 0x00, 0x02, 0x00, 0x01, 0x00, 0x00, 0x00, 0x40,
  0x00, 0x02, 0x00, 0x07, 0x00, 0x00, 0x00, 0x00, 0x00, 0x08, 0x00, 0x20, 0x10, 0x00, 0x00, 0x00,
  0x02, 0x40, 0x00, 0x0a, 0x00, 0x04, 0x40, 0x10, 0x00, 0x00, 0x00, 0x0a, 0x00, 0xa0, 0x09, 0x00,
  0x08, 0x00, 0x00, 0x20, 0x00, 0x00, 0x60, 0x10, 0x00, 0x10, 0x01, 0x20, 0x20, 0x00, 0x00, 0x40,
  0x10, 0x88, 0x00, 0x00, 0xa0, 0x00, 0x00, 0x00, 0x00, 0x00, 0x00, 0x00, 0x00, 0x80, 0x00, 0x00,
  0x00, 0x24, 0x80, 0x54, 0x04, 0x06, 0x00, 0x06, 0x00, 0x00, 0x20, 0x80, 0x04, 0x00, 0x0a, 0x00,
  0x10, 0x01, 0x02, 0x20, 0x90, 0x03, 0x80, 0x0e, 0x00, 0x00, 0x40, 0x01, 0x00, 0x00, 0x00, 0x04,
  0x08, 0x88, 0x00, 0x04, 0x40, 0x01, 0xa0, 0x7a, 0x00, 0x00, 0x00, 0x02, 0x24, 0x00, 0x10, 0x00,
  0x00, 0x00, 0x00, 0x84, 0x84, 0x00, 0xff, 0xd0, 0x00, 0x00, 0x02, 0x04, 0x00, 0x40, 0x00, 0x10,
  0x14, 0x02, 0x08, 0x0a, 0x20, 0x00, 0x1f, 0xa0, 0x00, 0x00, 0x00, 0x00, 0x10, 0x00, 0x00, 0x00,
  0x08, 0x10, 0x10, 0x00, 0x82, 0x00, 0x00, 0x00, 0x00, 0x00, 0x00, 0x00, 0x40, 0x28, 0x04, 0x88
};

const uint8_t PROGMEM frame93[1024] = {
  0x00, 0x00, 0x00, 0x00, 0x00, 0x00, 0x00, 0x00, 0x00, 0x00, 0x00, 0x00, 0x00, 0x00, 0x00, 0x00,
  0x02, 0x00, 0x00, 0x00, 0x00, 0x05, 0x80, 0x00, 0x00, 0x18, 0x00, 0x00, 0x00, 0x00, 0x00, 0x00,
  0x00, 0x08, 0x00, 0x00, 0x04, 0x00, 0x40, 0x00, 0x00, 0x18, 0x00, 0x00, 0x00, 0x00, 0x00, 0x02,
  0x00, 0x00, 0x00, 0x00, 0x00, 0x00, 0x00, 0x00, 0x10, 0x38, 0x00, 0x00, 0x02, 0x40, 0x08, 0x00,
  0x00, 0x28, 0x00, 0x00, 0x00, 0x01, 0x00, 0x00, 0x18, 0x30, 0x00, 0x00, 0x08, 0x11, 0x20, 0x00,
  0x00, 0x00, 0x00, 0x00, 0x00, 0x02, 0x50, 0x00, 0x0c, 0x00, 0x00, 0x00, 0x00, 0x40, 0x02, 0x00,
  0x04, 0x00, 0x80, 0x00, 0x50, 0x08, 0x00, 0x00, 0x00, 0x00, 0x00, 0x00, 0x01, 0x10, 0x00, 0x20,
  0x02, 0x00, 0x40, 0x01, 0x04, 0xa0, 0x00, 0x00, 0x01, 0xe0, 0x10, 0x02, 0xa0, 0x00, 0x02, 0x0a,
  0x00, 0x01, 0x00, 0x00, 0x10, 0x10, 0x00, 0x00, 0x03, 0xf9, 0xf0, 0x00, 0x02, 0x04, 0x00, 0x00,
  0x20, 0x84, 0x00, 0x00, 0x00, 0x20, 0x00, 0x00, 0x07, 0xf1, 0xf0, 0x00, 0x01, 0x40, 0x00, 0x00,
  0x00, 0x00, 0x00, 0x00, 0x04, 0x8a, 0x80, 0x00, 0x07, 0xf8, 0x00, 0x00, 0x08, 0x08, 0x95, 0x00,
  0x01, 0x00, 0x00, 0x00, 0x00, 0x00, 0x10, 0x01, 0xe7, 0xf8, 0x00, 0x00, 0x20, 0x00, 0x00, 0x10,
  0x10, 0x00, 0x00, 0x00, 0x01, 0x00, 0x00, 0x03, 0xa3, 0xf0, 0x00, 0x00, 0x80, 0x20, 0x00, 0x00,
  0x00, 0x00, 0x00, 0x00, 0x04, 0x00, 0x00, 0x00, 0x01, 0xa2, 0x00, 0x00, 0x00, 0x01, 0x00, 0x10,
  0x0a, 0x84, 0x00, 0x20, 0x00, 0x00, 0x00, 0x00, 0x00, 0x03, 0x08, 0x00, 0x00, 0x14, 0x00, 0xa0,
  0x00, 0x02, 0x00, 0x02, 0x80, 0x80, 0x00, 0x00, 0x02, 0x03, 0xc0, 0x00, 0x20, 0x80, 0x00, 0x00,
  0x20, 0x10, 0x80, 0x00, 0x24, 0x00, 0x00, 0x00, 0x07, 0x00, 0xc2, 0x20, 0x80, 0x00, 0x08, 0x00,
  0x02, 0x00, 0x02, 0x20, 0x00, 0x12, 0x00, 0x00, 0x06, 0x00, 0x29, 0x48, 0x0a, 0x10, 0x04, 0x02,
  0x00, 0x08, 0x00, 0x00, 0x0c, 0x06, 0x08, 0x00, 0x0e, 0x0b, 0x13, 0x02, 0x40, 0x00, 0x00, 0x00,
  0x00, 0x00, 0x04, 0x00, 0x8d, 0x04, 0x00, 0x00, 0x00, 0x23, 0xc7, 0x00, 0x00, 0x00, 0xa0, 0x08,
  0x00, 0x00, 0x01, 0x00, 0x2c, 0x06, 0x02, 0x01, 0x40, 0x01, 0xce, 0x00, 0x08, 0x01, 0x00, 0x00,
  0x00, 0x00, 0x10, 0x04, 0x0c, 0x03, 0x00, 0x07, 0xf0, 0x00, 0x65, 0x28, 0x00, 0x00, 0x02, 0x00,
  0x00, 0x00, 0x01, 0x00, 0x0c, 0x06, 0x0f, 0x04, 0x38, 0x00, 0x76, 0x04, 0x00, 0x00, 0x00, 0x00,
  0x00, 0x00, 0x00, 0x00, 0x0c, 0x16, 0x0e, 0x46, 0x18, 0x0a, 0x3c, 0x10, 0x80, 0x00, 0xa0, 0x00,
  0x04, 0x08, 0x00, 0x01, 0x0d, 0x0b, 0x0f, 0x06, 0x18, 0x34, 0x1c, 0x10, 0x00, 0x00, 0x04, 0x10,
  0x00, 0x00, 0x00, 0x84, 0x0c, 0xfe, 0x1f, 0x02, 0x18, 0x7e, 0x58, 0x00, 0x00, 0x00, 0x00, 0x48,
  0x00, 0x00, 0x00, 0x00, 0x8f, 0xee, 0x19, 0x06, 0x70, 0xc7, 0x1a, 0x0a, 0x85, 0x00, 0x88, 0x02,
  0x00, 0x00, 0x00, 0x00, 0x0f, 0x03, 0x7f, 0x83, 0xe0, 0x62, 0x29, 0x11, 0x12, 0x00, 0x00, 0x00,
  0x00, 0x10, 0x40, 0x12, 0x0c, 0x06, 0x7f, 0x87, 0x80, 0xc7, 0x18, 0x1c, 0x03, 0x00, 0x00, 0x20,
  0x00, 0x80, 0x00, 0x00, 0x4c, 0x16, 0xa1, 0x83, 0x00, 0x6e, 0x3a, 0x0c, 0x16, 0x80, 0x00, 0x00,
  0x00, 0x00, 0x00, 0x00, 0x0c, 0x02, 0x10, 0x83, 0x00, 0x7c, 0x70, 0x06, 0x06, 0x40, 0x00, 0x00,
  0x02, 0x80, 0x40, 0x00, 0x4c, 0x06, 0x01, 0xc3, 0x00, 0x70, 0x30, 0x07, 0x15, 0x00, 0x00, 0x00,
  0x00, 0x10, 0x01, 0x04, 0x1c, 0x06, 0x00, 0x83, 0x00, 0xc0, 0xe0, 0x03, 0x86, 0x40, 0x00, 0x00,
  0x02, 0x00, 0x00, 0x10, 0x08, 0x02, 0x00, 0x01, 0x00, 0x60, 0x40, 0x01, 0x8c, 0x00, 0x10, 0x00,
  0x00, 0x40, 0x02, 0x00, 0x4c, 0x06, 0x00, 0x00, 0x00, 0x42, 0x20, 0x40, 0xcc, 0x00, 0x04, 0x20,
  0x00, 0x00, 0x00, 0x0d, 0x18, 0x00, 0x00, 0x00, 0x00, 0x90, 0x00, 0xe0, 0xec, 0x00, 0x00, 0x00,
  0x00, 0x00, 0x00, 0x10, 0x00, 0x20, 0x00, 0x14, 0x60, 0x02, 0x00, 0xd0, 0x6c, 0x00, 0x20, 0x00,
  0x00, 0x00, 0x00, 0x00, 0x00, 0x50, 0x71, 0xfe, 0x60, 0xc1, 0x91, 0xe0, 0x38, 0x00, 0x80, 0x00,
  0x00, 0x00, 0x00, 0x07, 0xc0, 0x01, 0xfc, 0x72, 0x20, 0xc0, 0x05, 0xb0, 0x18, 0x00, 0x00, 0x00,
  0x00, 0x00, 0x00, 0x0f, 0xc0, 0x00, 0x98, 0x18, 0x70, 0xc0, 0x12, 0xf8, 0x18, 0x02, 0x01, 0x20,
  0x00, 0x00, 0x00, 0x1c, 0x60, 0x00, 0xcc, 0x30, 0x67, 0xe4, 0x47, 0xf8, 0x30, 0x00, 0x00, 0x02,
  0x00, 0x00, 0x00, 0x08, 0xc0, 0x70, 0xfc, 0x18, 0x7f, 0xc7, 0x17, 0xb8, 0x18, 0x00, 0x01, 0x00,
  0x00, 0x01, 0x00, 0x1d, 0xe0, 0x20, 0xf0, 0x30, 0x68, 0x8d, 0xc2, 0x88, 0x30, 0x00, 0x04, 0x20,
  0x00, 0x20, 0x00, 0x0f, 0xf8, 0x35, 0xf8, 0x18, 0x60, 0xce, 0xea, 0x1c, 0x61, 0x10, 0x01, 0x00,
  0x00, 0x00, 0x00, 0x0f, 0x1c, 0x61, 0xac, 0x30, 0x40, 0xcc, 0x60, 0x8c, 0x30, 0x00, 0x00, 0x00,
  0x00, 0x00, 0x00, 0x0c, 0x8c, 0x31, 0x9e, 0x18, 0x60, 0xd6, 0xb2, 0x04, 0x60, 0x00, 0x01, 0x00,
  0x00, 0xa0, 0x00, 0x0c, 0x0c, 0xb0, 0xc7, 0x30, 0x60, 0x4c, 0x70, 0x00, 0xc0, 0x00, 0x00, 0x00,
  0x02, 0x00, 0x00, 0x0c, 0x0c, 0x30, 0x00, 0x18, 0x40, 0x0e, 0xe2, 0x00, 0x68, 0x04, 0x00, 0x00,
  0x00, 0x04, 0x90, 0x0c, 0x1c, 0x30, 0x00, 0x30, 0x00, 0x0c, 0x60, 0x80, 0xc0, 0x00, 0x00, 0x00,
  0x01, 0x00, 0x00, 0x0c, 0x18, 0x30, 0x00, 0x18, 0x00, 0x25, 0xca, 0x00, 0x44, 0x00, 0x80, 0x00,
  0x04, 0x00, 0x00, 0x0c, 0x38, 0x00, 0x80, 0x00, 0x00, 0x0f, 0xc0, 0x00, 0x80, 0x00, 0x00, 0x00,
  0x00, 0x00, 0x00, 0x0c, 0x70, 0x10, 0x00, 0x00, 0x00, 0x0f, 0x10, 0x00, 0x11, 0x10, 0x00, 0x00,
  0x00, 0x04, 0x80, 0x0e, 0xe0, 0x00, 0x00, 0x00, 0x00, 0x00, 0x00, 0x80, 0x04, 0x00, 0x00, 0x00,
  0x00, 0x00, 0x00, 0x0f, 0xc0, 0x00, 0x00, 0x00, 0x00, 0x00, 0x40, 0x01, 0x00, 0x40, 0x00, 0x40,
  0x00, 0x40, 0x00, 0x07, 0x00, 0x00, 0x00, 0x00, 0x00, 0x04, 0x00, 0x50, 0x10, 0x00, 0x00, 0x00,
  0x00, 0x02, 0x00, 0x04, 0x00, 0x04, 0x60, 0x10, 0x00, 0x10, 0x01, 0x04, 0x00, 0x00, 0x08, 0x00,
  0x00, 0x40, 0x00, 0x20, 0x80, 0x00, 0x40, 0x10, 0x00, 0x00, 0x00, 0x10, 0x80, 0x80, 0x01, 0x40,
  0x11, 0x08, 0x00, 0x08, 0x20, 0x00, 0x00, 0x00, 0x00, 0x00, 0x00, 0x80, 0x00, 0x00, 0x00, 0x00,
  0x00, 0x22, 0x82, 0x50, 0x04, 0x06, 0x00, 0x06, 0x00, 0x08, 0x00, 0x00, 0x04, 0x20, 0x04, 0x01,
  0x10, 0x00, 0x00, 0x21, 0x50, 0x03, 0x80, 0x0e, 0x00, 0x00, 0x40, 0x80, 0x02, 0x00, 0x02, 0x04,
  0x08, 0x89, 0x00, 0x84, 0x00, 0x01, 0xc0, 0x78, 0x00, 0x00, 0x00, 0x00, 0x20, 0x00, 0x10, 0x00,
  0x00, 0x00, 0x00, 0x0a, 0x44, 0x00, 0xff, 0xe8, 0x00, 0x00, 0x02, 0x04, 0x80, 0x10, 0x00, 0x00,
  0x14, 0x04, 0x08, 0x44, 0x01, 0x00, 0x1f, 0xa0, 0x00, 0x00, 0x00, 0x00, 0x10, 0x00, 0x00, 0x12,
  0x08, 0x00, 0x20, 0x01, 0x50, 0x00, 0x00, 0x00, 0x00, 0x00, 0x00, 0x00, 0x40, 0x40, 0x00, 0x80
};

const uint8_t PROGMEM frame94[1024] = {
  0x00, 0x00, 0x00, 0x00, 0x00, 0x00, 0x00, 0x00, 0x00, 0x00, 0x00, 0x00, 0x00, 0x00, 0x00, 0x00,
  0x02, 0x00, 0x00, 0x00, 0x00, 0x05, 0x80, 0x00, 0x00, 0x18, 0x00, 0x00, 0x00, 0x00, 0x00, 0x00,
  0x00, 0x08, 0x00, 0x00, 0x04, 0x00, 0x40, 0x00, 0x00, 0x18, 0x00, 0x00, 0x00, 0x00, 0x00, 0x02,
  0x00, 0x00, 0x00, 0x00, 0x00, 0x00, 0x00, 0x00, 0x10, 0x38, 0x00, 0x00, 0x02, 0x40, 0x08, 0x00,
  0x00, 0x28, 0x00, 0x00, 0x00, 0x01, 0x00, 0x00, 0x18, 0x30, 0x00, 0x00, 0x08, 0x11, 0x20, 0x00,
  0x00, 0x00, 0x00, 0x00, 0x00, 0x02, 0x50, 0x00, 0x0c, 0x00, 0x00, 0x00, 0x00, 0x40, 0x02, 0x00,
  0x04, 0x00, 0x80, 0x00, 0x50, 0x08, 0x00, 0x00, 0x00, 0x00, 0x00, 0x00, 0x01, 0x10, 0x00, 0x20,
  0x02, 0x00, 0x40, 0x01, 0x04, 0xa0, 0x00, 0x00, 0x01, 0xe0, 0x10, 0x02, 0xa0, 0x00, 0x02, 0x0a,
  0x00, 0x01, 0x00, 0x00, 0x10, 0x10, 0x00, 0x00, 0x03, 0xf9, 0xf0, 0x00, 0x02, 0x04, 0x00, 0x00,
  0x20, 0x84, 0x00, 0x00, 0x00, 0x20, 0x00, 0x00, 0x07, 0xf1, 0xf0, 0x00, 0x01, 0x40, 0x00, 0x00,
  0x00, 0x00, 0x00, 0x00, 0x04, 0x8a, 0x80, 0x00, 0x07, 0xf8, 0x00, 0x00, 0x08, 0x08, 0x95, 0x00,
  0x01, 0x00, 0x00, 0x00, 0x00, 0x00, 0x10, 0x01, 0xe7, 0xf8, 0x00, 0x00, 0x20, 0x00, 0x00, 0x10,
  0x10, 0x00, 0x00, 0x00, 0x01, 0x00, 0x00, 0x03, 0xa3, 0xf0, 0x00, 0x00, 0x80, 0x20, 0x00, 0x00,
  0x00, 0x00, 0x00, 0x00, 0x04, 0x00, 0x00, 0x00, 0x01, 0xa2, 0x00, 0x00, 0x00, 0x01, 0x00, 0x10,
  0x0a, 0x84, 0x00, 0x20, 0x00, 0x00, 0x00, 0x00, 0x00, 0x03, 0x08, 0x00, 0x00, 0x14, 0x00, 0xa0,
  0x00, 0x02, 0x00, 0x02, 0x80, 0x80, 0x00, 0x00, 0x02, 0x03, 0xc0, 0x00, 0x20, 0x80, 0x00, 0x00,
  0x20, 0x10, 0x80, 0x00, 0x24, 0x00, 0x00, 0x00, 0x07, 0x00, 0xc2, 0x20, 0x80, 0x00, 0x08, 0x00,
  0x02, 0x00, 0x02, 0x20, 0x00, 0x12, 0x00, 0x00, 0x06, 0x00, 0x29, 0x48, 0x0a, 0x10, 0x04, 0x02,
  0x00, 0x08, 0x00, 0x00, 0x0c, 0x06, 0x08, 0x00, 0x0e, 0x0b, 0x13, 0x02, 0x40, 0x00, 0x00, 0x00,
  0x00, 0x00, 0x04, 0x00, 0x8d, 0x04, 0x00, 0x00, 0x00, 0x23, 0xc7, 0x00, 0x00, 0x00, 0xa0, 0x08,
  0x00, 0x00, 0x01, 0x00, 0x2c, 0x06, 0x02, 0x01, 0x40, 0x01, 0xce, 0x00, 0x08, 0x01, 0x00, 0x00,
  0x00, 0x00, 0x10, 0x04, 0x0c, 0x03, 0x00, 0x07, 0xf0, 0x00, 0x65, 0x28, 0x00, 0x00, 0x02, 0x00,
  0x00, 0x00, 0x01, 0x00, 0x0c, 0x06, 0x0f, 0x04, 0x38, 0x00, 0x76, 0x04, 0x00, 0x00, 0x00, 0x00,
  0x00, 0x00, 0x00, 0x00, 0x0c, 0x16, 0x0e, 0x46, 0x18, 0x0a, 0x3c, 0x10, 0x80, 0x00, 0xa0, 0x00,
  0x04, 0x08, 0x00, 0x01, 0x0d, 0x0b, 0x0f, 0x06, 0x18, 0x34, 0x1c, 0x10, 0x00, 0x00, 0x04, 0x10,
  0x00, 0x00, 0x00, 0x84, 0x0c, 0xfe, 0x1f, 0x02, 0x18, 0x7e, 0x58, 0x00, 0x00, 0x00, 0x00, 0x48,
  0x00, 0x00, 0x00, 0x00, 0x8f, 0xee, 0x19, 0x06, 0x70, 0xc7, 0x1a, 0x0a, 0x85, 0x00, 0x88, 0x02,
  0x00, 0x00, 0x00, 0x00, 0x0f, 0x03, 0x7f, 0x83, 0xe0, 0x62, 0x29, 0x11, 0x12, 0x00, 0x00, 0x00,
  0x00, 0x10, 0x40, 0x12, 0x0c, 0x06, 0x7f, 0x87, 0x80, 0xc7, 0x18, 0x1c, 0x03, 0x00, 0x00, 0x20,
  0x00, 0x80, 0x00, 0x00, 0x4c, 0x16, 0xa1, 0x83, 0x00, 0x6e, 0x3a, 0x0c, 0x16, 0x80, 0x00, 0x00,
  0x00, 0x00, 0x00, 0x00, 0x0c, 0x02, 0x10, 0x83, 0x00, 0x7c, 0x70, 0x06, 0x06, 0x40, 0x00, 0x00,
  0x02, 0x80, 0x40, 0x00, 0x4c, 0x06, 0x01, 0xc3, 0x00, 0x70, 0x30, 0x07, 0x15, 0x00, 0x00, 0x00,
  0x00, 0x10, 0x01, 0x04, 0x1c, 0x06, 0x00, 0x83, 0x00, 0xc0, 0xe0, 0x03, 0x86, 0x40, 0x00, 0x00,
  0x02, 0x00, 0x00, 0x10, 0x08, 0x02, 0x00, 0x01, 0x00, 0x60, 0x40, 0x01, 0x8c, 0x00, 0x10, 0x00,
  0x00, 0x40, 0x02, 0x00, 0x4c, 0x06, 0x00, 0x00, 0x00, 0x42, 0x20, 0x40, 0xcc, 0x00, 0x04, 0x20,
  0x00, 0x00, 0x00, 0x0d, 0x18, 0x00, 0x00, 0x00, 0x00, 0x90, 0x00, 0xe0, 0xec, 0x00, 0x00, 0x00,
  0x00, 0x00, 0x00, 0x10, 0x00, 0x20, 0x00, 0x14, 0x60, 0x02, 0x00, 0xd0, 0x6c, 0x00, 0x20, 0x00,
  0x00, 0x00, 0x00, 0x00, 0x00, 0x50, 0x71, 0xfe, 0x60, 0xc1, 0x91, 0xe0, 0x38, 0x00, 0x80, 0x00,
  0x00, 0x00, 0x00, 0x07, 0xc0, 0x01, 0xfc, 0x72, 0x20, 0xc0, 0x05, 0xb0, 0x18, 0x00, 0x00, 0x00,
  0x00, 0x00, 0x00, 0x0f, 0xc0, 0x00, 0x98, 0x18, 0x70, 0xc0, 0x12, 0xf8, 0x18, 0x02, 0x01, 0x20,
  0x00, 0x00, 0x00, 0x1c, 0x60, 0x00, 0xcc, 0x30, 0x67, 0xe4, 0x47, 0xf8, 0x30, 0x00, 0x00, 0x02,
  0x00, 0x00, 0x00, 0x08, 0xc0, 0x70, 0xfc, 0x18, 0x7f, 0xc7, 0x17, 0xb8, 0x18, 0x00, 0x01, 0x00,
  0x00, 0x01, 0x00, 0x1d, 0xe0, 0x20, 0xf0, 0x30, 0x68, 0x8d, 0xc2, 0x88, 0x30, 0x00, 0x04, 0x20,
  0x00, 0x20, 0x00, 0x0f, 0xf8, 0x35, 0xf8, 0x18, 0x60, 0xce, 0xea, 0x1c, 0x61, 0x10, 0x01, 0x00,
  0x00, 0x00, 0x00, 0x0f, 0x1c, 0x61, 0xac, 0x30, 0x40, 0xcc, 0x60, 0x8c, 0x30, 0x00, 0x00, 0x00,
  0x00, 0x00, 0x00, 0x0c, 0x8c, 0x31, 0x9e, 0x18, 0x60, 0xd6, 0xb2, 0x04, 0x60, 0x00, 0x01, 0x00,
  0x00, 0xa0, 0x00, 0x0c, 0x0c, 0xb0, 0xc7, 0x30, 0x60, 0x4c, 0x70, 0x00, 0xc0, 0x00, 0x00, 0x00,
  0x02, 0x00, 0x00, 0x0c, 0x0c, 0x30, 0x00, 0x18, 0x40, 0x0e, 0xe2, 0x00, 0x68, 0x04, 0x00, 0x00,
  0x00, 0x04, 0x90, 0x0c, 0x1c, 0x30, 0x00, 0x30, 0x00, 0x0c, 0x60, 0x80, 0xc0, 0x00, 0x00, 0x00,
  0x01, 0x00, 0x00, 0x0c, 0x18, 0x30, 0x00, 0x18, 0x00, 0x25, 0xca, 0x00, 0x44, 0x00, 0x80, 0x00,
  0x04, 0x00, 0x00, 0x0c, 0x38, 0x00, 0x80, 0x00, 0x00, 0x0f, 0xc0, 0x00, 0x80, 0x00, 0x00, 0x00,
  0x00, 0x00, 0x00, 0x0c, 0x70, 0x10, 0x00, 0x00, 0x00, 0x0f, 0x10, 0x00, 0x11, 0x10, 0x00, 0x00,
  0x00, 0x04, 0x80, 0x0e, 0xe0, 0x00, 0x00, 0x00, 0x00, 0x00, 0x00, 0x80, 0x04, 0x00, 0x00, 0x00,
  0x00, 0x00, 0x00, 0x0f, 0xc0, 0x00, 0x00, 0x00, 0x00, 0x00, 0x40, 0x01, 0x00, 0x40, 0x00, 0x40,
  0x00, 0x40, 0x00, 0x07, 0x00, 0x00, 0x00, 0x00, 0x00, 0x04, 0x00, 0x50, 0x10, 0x00, 0x00, 0x00,
  0x00, 0x02, 0x00, 0x04, 0x00, 0x04, 0x60, 0x10, 0x00, 0x10, 0x01, 0x04, 0x00, 0x00, 0x08, 0x00,
  0x00, 0x40, 0x00, 0x20, 0x80, 0x00, 0x40, 0x10, 0x00, 0x00, 0x00, 0x10, 0x80, 0x80, 0x01, 0x40,
  0x11, 0x08, 0x00, 0x08, 0x20, 0x00, 0x00, 0x00, 0x00, 0x00, 0x00, 0x80, 0x00, 0x00, 0x00, 0x00,
  0x00, 0x22, 0x82, 0x50, 0x04, 0x06, 0x00, 0x06, 0x00, 0x08, 0x00, 0x00, 0x04, 0x20, 0x04, 0x01,
  0x10, 0x00, 0x00, 0x21, 0x50, 0x03, 0x80, 0x0e, 0x00, 0x00, 0x40, 0x80, 0x02, 0x00, 0x02, 0x04,
  0x08, 0x89, 0x00, 0x84, 0x00, 0x01, 0xc0, 0x78, 0x00, 0x00, 0x00, 0x00, 0x20, 0x00, 0x10, 0x00,
  0x00, 0x00, 0x00, 0x0a, 0x44, 0x00, 0xff, 0xe8, 0x00, 0x00, 0x02, 0x04, 0x80, 0x10, 0x00, 0x00,
  0x14, 0x04, 0x08, 0x44, 0x01, 0x00, 0x1f, 0xa0, 0x00, 0x00, 0x00, 0x00, 0x10, 0x00, 0x00, 0x12,
  0x08, 0x00, 0x20, 0x01, 0x50, 0x00, 0x00, 0x00, 0x00, 0x00, 0x00, 0x00, 0x40, 0x40, 0x00, 0x80
};

const uint8_t PROGMEM frame95[1024] = {
  0x00, 0x00, 0x00, 0x00, 0x00, 0x00, 0x00, 0x00, 0x00, 0x00, 0x00, 0x00, 0x00, 0x00, 0x00, 0x00,
  0x02, 0x00, 0x00, 0x00, 0x00, 0x05, 0x80, 0x00, 0x00, 0x18, 0x00, 0x00, 0x00, 0x00, 0x00, 0x00,
  0x00, 0x08, 0x00, 0x00, 0x04, 0x00, 0x40, 0x00, 0x00, 0x18, 0x00, 0x00, 0x00, 0x00, 0x00, 0x02,
  0x00, 0x00, 0x00, 0x00, 0x00, 0x00, 0x00, 0x00, 0x10, 0x38, 0x00, 0x00, 0x02, 0x40, 0x08, 0x00,
  0x00, 0x28, 0x00, 0x00, 0x00, 0x01, 0x00, 0x00, 0x18, 0x30, 0x00, 0x00, 0x08, 0x11, 0x20, 0x00,
  0x00, 0x00, 0x00, 0x00, 0x00, 0x02, 0x50, 0x00, 0x0c, 0x00, 0x00, 0x00, 0x00, 0x40, 0x02, 0x00,
  0x04, 0x00, 0x80, 0x00, 0x50, 0x08, 0x00, 0x00, 0x00, 0x00, 0x00, 0x00, 0x01, 0x10, 0x00, 0x20,
  0x02, 0x00, 0x40, 0x01, 0x04, 0xa0, 0x00, 0x00, 0x01, 0xe0, 0x10, 0x02, 0xa0, 0x00, 0x02, 0x0a,
  0x00, 0x01, 0x00, 0x00, 0x10, 0x10, 0x00, 0x00, 0x03, 0xf9, 0xf0, 0x00, 0x02, 0x04, 0x00, 0x00,
  0x20, 0x84, 0x00, 0x00, 0x00, 0x20, 0x00, 0x00, 0x07, 0xf1, 0xf0, 0x00, 0x01, 0x40, 0x00, 0x00,
  0x00, 0x00, 0x00, 0x00, 0x04, 0x8a, 0x80, 0x00, 0x07, 0xf8, 0x00, 0x00, 0x08, 0x08, 0x95, 0x00,
  0x01, 0x00, 0x00, 0x00, 0x00, 0x00, 0x10, 0x01, 0xe7, 0xf8, 0x00, 0x00, 0x20, 0x00, 0x00, 0x10,
  0x10, 0x00, 0x00, 0x00, 0x01, 0x00, 0x00, 0x03, 0xa3, 0xf0, 0x00, 0x00, 0x80, 0x20, 0x00, 0x00,
  0x00, 0x00, 0x00, 0x00, 0x04, 0x00, 0x00, 0x00, 0x01, 0xa2, 0x00, 0x00, 0x00, 0x01, 0x00, 0x10,
  0x0a, 0x84, 0x00, 0x20, 0x00, 0x00, 0x00, 0x00, 0x00, 0x03, 0x08, 0x00, 0x00, 0x14, 0x00, 0xa0,
  0x00, 0x02, 0x00, 0x02, 0x80, 0x80, 0x00, 0x00, 0x02, 0x03, 0xc0, 0x00, 0x20, 0x80, 0x00, 0x00,
  0x20, 0x10, 0x80, 0x00, 0x24, 0x00, 0x00, 0x00, 0x07, 0x00, 0xc2, 0x20, 0x80, 0x00, 0x08, 0x00,
  0x02, 0x00, 0x02, 0x20, 0x00, 0x12, 0x00, 0x00, 0x06, 0x00, 0x29, 0x48, 0x0a, 0x10, 0x04, 0x02,
  0x00, 0x08, 0x00, 0x00, 0x0c, 0x06, 0x08, 0x00, 0x0e, 0x0b, 0x13, 0x02, 0x40, 0x00, 0x00, 0x00,
  0x00, 0x00, 0x04, 0x00, 0x8d, 0x04, 0x00, 0x00, 0x00, 0x23, 0xc7, 0x00, 0x00, 0x00, 0xa0, 0x08,
  0x00, 0x00, 0x01, 0x00, 0x2c, 0x06, 0x02, 0x01, 0x40, 0x01, 0xce, 0x00, 0x08, 0x01, 0x00, 0x00,
  0x00, 0x00, 0x10, 0x04, 0x0c, 0x03, 0x00, 0x07, 0xf0, 0x00, 0x65, 0x28, 0x00, 0x00, 0x02, 0x00,
  0x00, 0x00, 0x01, 0x00, 0x0c, 0x06, 0x0f, 0x04, 0x38, 0x00, 0x76, 0x04, 0x00, 0x00, 0x00, 0x00,
  0x00, 0x00, 0x00, 0x00, 0x0c, 0x16, 0x0e, 0x46, 0x18, 0x0a, 0x3c, 0x10, 0x80, 0x00, 0xa0, 0x00,
  0x04, 0x08, 0x00, 0x01, 0x0d, 0x0b, 0x0f, 0x06, 0x18, 0x34, 0x1c, 0x10, 0x00, 0x00, 0x04, 0x10,
  0x00, 0x00, 0x00, 0x84, 0x0c, 0xfe, 0x1f, 0x02, 0x18, 0x7e, 0x58, 0x00, 0x00, 0x00, 0x00, 0x48,
  0x00, 0x00, 0x00, 0x00, 0x8f, 0xee, 0x19, 0x06, 0x70, 0xc7, 0x1a, 0x0a, 0x85, 0x00, 0x88, 0x02,
  0x00, 0x00, 0x00, 0x00, 0x0f, 0x03, 0x7f, 0x83, 0xe0, 0x62, 0x29, 0x11, 0x12, 0x00, 0x00, 0x00,
  0x00, 0x10, 0x40, 0x12, 0x0c, 0x06, 0x7f, 0x87, 0x80, 0xc7, 0x18, 0x1c, 0x03, 0x00, 0x00, 0x20,
  0x00, 0x80, 0x00, 0x00, 0x4c, 0x16, 0xa1, 0x83, 0x00, 0x6e, 0x3a, 0x0c, 0x16, 0x80, 0x00, 0x00,
  0x00, 0x00, 0x00, 0x00, 0x0c, 0x02, 0x10, 0x83, 0x00, 0x7c, 0x70, 0x06, 0x06, 0x40, 0x00, 0x00,
  0x02, 0x80, 0x40, 0x00, 0x4c, 0x06, 0x01, 0xc3, 0x00, 0x70, 0x30, 0x07, 0x15, 0x00, 0x00, 0x00,
  0x00, 0x10, 0x01, 0x04, 0x1c, 0x06, 0x00, 0x83, 0x00, 0xc0, 0xe0, 0x03, 0x86, 0x40, 0x00, 0x00,
  0x02, 0x00, 0x00, 0x10, 0x08, 0x02, 0x00, 0x01, 0x00, 0x60, 0x40, 0x01, 0x8c, 0x00, 0x10, 0x00,
  0x00, 0x40, 0x02, 0x00, 0x4c, 0x06, 0x00, 0x00, 0x00, 0x42, 0x20, 0x40, 0xcc, 0x00, 0x04, 0x20,
  0x00, 0x00, 0x00, 0x0d, 0x18, 0x00, 0x00, 0x00, 0x00, 0x90, 0x00, 0xe0, 0xec, 0x00, 0x00, 0x00,
  0x00, 0x00, 0x00, 0x10, 0x00, 0x20, 0x00, 0x14, 0x60, 0x02, 0x00, 0xd0, 0x6c, 0x00, 0x20, 0x00,
  0x00, 0x00, 0x00, 0x00, 0x00, 0x50, 0x71, 0xfe, 0x60, 0xc1, 0x91, 0xe0, 0x38, 0x00, 0x80, 0x00,
  0x00, 0x00, 0x00, 0x07, 0xc0, 0x01, 0xfc, 0x72, 0x20, 0xc0, 0x05, 0xb0, 0x18, 0x00, 0x00, 0x00,
  0x00, 0x00, 0x00, 0x0f, 0xc0, 0x00, 0x98, 0x18, 0x70, 0xc0, 0x12, 0xf8, 0x18, 0x02, 0x01, 0x20,
  0x00, 0x00, 0x00, 0x1c, 0x60, 0x00, 0xcc, 0x30, 0x67, 0xe4, 0x47, 0xf8, 0x30, 0x00, 0x00, 0x02,
  0x00, 0x00, 0x00, 0x08, 0xc0, 0x70, 0xfc, 0x18, 0x7f, 0xc7, 0x17, 0xb8, 0x18, 0x00, 0x01, 0x00,
  0x00, 0x01, 0x00, 0x1d, 0xe0, 0x20, 0xf0, 0x30, 0x68, 0x8d, 0xc2, 0x88, 0x30, 0x00, 0x04, 0x20,
  0x00, 0x20, 0x00, 0x0f, 0xf8, 0x35, 0xf8, 0x18, 0x60, 0xce, 0xea, 0x1c, 0x61, 0x10, 0x01, 0x00,
  0x00, 0x00, 0x00, 0x0f, 0x1c, 0x61, 0xac, 0x30, 0x40, 0xcc, 0x60, 0x8c, 0x30, 0x00, 0x00, 0x00,
  0x00, 0x00, 0x00, 0x0c, 0x8c, 0x31, 0x9e, 0x18, 0x60, 0xd6, 0xb2, 0x04, 0x60, 0x00, 0x01, 0x00,
  0x00, 0xa0, 0x00, 0x0c, 0x0c, 0xb0, 0xc7, 0x30, 0x60, 0x4c, 0x70, 0x00, 0xc0, 0x00, 0x00, 0x00,
  0x02, 0x00, 0x00, 0x0c, 0x0c, 0x30, 0x00, 0x18, 0x40, 0x0e, 0xe2, 0x00, 0x68, 0x04, 0x00, 0x00,
  0x00, 0x04, 0x90, 0x0c, 0x1c, 0x30, 0x00, 0x30, 0x00, 0x0c, 0x60, 0x80, 0xc0, 0x00, 0x00, 0x00,
  0x01, 0x00, 0x00, 0x0c, 0x18, 0x30, 0x00, 0x18, 0x00, 0x25, 0xca, 0x00, 0x44, 0x00, 0x80, 0x00,
  0x04, 0x00, 0x00, 0x0c, 0x38, 0x00, 0x80, 0x00, 0x00, 0x0f, 0xc0, 0x00, 0x80, 0x00, 0x00, 0x00,
  0x00, 0x00, 0x00, 0x0c, 0x70, 0x10, 0x00, 0x00, 0x00, 0x0f, 0x10, 0x00, 0x11, 0x10, 0x00, 0x00,
  0x00, 0x04, 0x80, 0x0e, 0xe0, 0x00, 0x00, 0x00, 0x00, 0x00, 0x00, 0x80, 0x04, 0x00, 0x00, 0x00,
  0x00, 0x00, 0x00, 0x0f, 0xc0, 0x00, 0x00, 0x00, 0x00, 0x00, 0x40, 0x01, 0x00, 0x40, 0x00, 0x40,
  0x00, 0x40, 0x00, 0x07, 0x00, 0x00, 0x00, 0x00, 0x00, 0x04, 0x00, 0x50, 0x10, 0x00, 0x00, 0x00,
  0x00, 0x02, 0x00, 0x04, 0x00, 0x04, 0x60, 0x10, 0x00, 0x10, 0x01, 0x04, 0x00, 0x00, 0x08, 0x00,
  0x00, 0x40, 0x00, 0x20, 0x80, 0x00, 0x40, 0x10, 0x00, 0x00, 0x00, 0x10, 0x80, 0x80, 0x01, 0x40,
  0x11, 0x08, 0x00, 0x08, 0x20, 0x00, 0x00, 0x00, 0x00, 0x00, 0x00, 0x80, 0x00, 0x00, 0x00, 0x00,
  0x00, 0x22, 0x82, 0x50, 0x04, 0x06, 0x00, 0x06, 0x00, 0x08, 0x00, 0x00, 0x04, 0x20, 0x04, 0x01,
  0x10, 0x00, 0x00, 0x21, 0x50, 0x03, 0x80, 0x0e, 0x00, 0x00, 0x40, 0x80, 0x02, 0x00, 0x02, 0x04,
  0x08, 0x89, 0x00, 0x84, 0x00, 0x01, 0xc0, 0x78, 0x00, 0x00, 0x00, 0x00, 0x20, 0x00, 0x10, 0x00,
  0x00, 0x00, 0x00, 0x0a, 0x44, 0x00, 0xff, 0xe8, 0x00, 0x00, 0x02, 0x04, 0x80, 0x10, 0x00, 0x00,
  0x14, 0x04, 0x08, 0x44, 0x01, 0x00, 0x1f, 0xa0, 0x00, 0x00, 0x00, 0x00, 0x10, 0x00, 0x00, 0x12,
  0x08, 0x00, 0x20, 0x01, 0x50, 0x00, 0x00, 0x00, 0x00, 0x00, 0x00, 0x00, 0x40, 0x40, 0x00, 0x80
};

const uint8_t PROGMEM frame96[1024] = {
  0x00, 0x00, 0x00, 0x00, 0x00, 0x00, 0x00, 0x00, 0x00, 0x00, 0x00, 0x00, 0x00, 0x00, 0x00, 0x00,
  0x01, 0x00, 0x00, 0x00, 0x00, 0x02, 0x80, 0x00, 0x00, 0x18, 0x00, 0x00, 0x00, 0x00, 0x00, 0x00,
  0x00, 0x04, 0x00, 0x00, 0x00, 0x00, 0xa0, 0x00, 0x00, 0x18, 0x00, 0x00, 0x00, 0x00, 0x00, 0x02,
  0x00, 0x00, 0x00, 0x00, 0x00, 0x00, 0x00, 0x00, 0x10, 0x38, 0x00, 0x00, 0x00, 0x20, 0x00, 0x00,
  0x00, 0x10, 0x00, 0x00, 0x00, 0x00, 0x00, 0x00, 0x18, 0x30, 0x00, 0x00, 0x00, 0x01, 0x10, 0x02,
  0x00, 0x00, 0x00, 0x00, 0x00, 0x01, 0x20, 0x00, 0x0c, 0x00, 0x00, 0x00, 0x04, 0x40, 0x02, 0x00,
  0x00, 0x00, 0x00, 0x00, 0x48, 0x00, 0x10, 0x00, 0x00, 0x00, 0x00, 0x00, 0x01, 0x10, 0x00, 0x10,
  0x04, 0x00, 0x80, 0x00, 0x10, 0x50, 0x00, 0x00, 0x01, 0xe0, 0x10, 0x02, 0xa0, 0x00, 0x00, 0x00,
  0x00, 0x00, 0x00, 0x00, 0x81, 0x00, 0x00, 0x00, 0x03, 0xf9, 0xf0, 0x00, 0x00, 0x04, 0x00, 0x00,
  0x00, 0x84, 0x00, 0x00, 0x00, 0x08, 0x00, 0x00, 0x07, 0xf1, 0xf0, 0x00, 0x02, 0x80, 0x02, 0x00,
  0x10, 0x00, 0x00, 0x00, 0x04, 0x05, 0x00, 0x00, 0x07, 0xf8, 0x00, 0x00, 0x00, 0x28, 0x10, 0x10,
  0x00, 0x01, 0x00, 0x00, 0x01, 0x10, 0x94, 0x01, 0xe7, 0xf8, 0x00, 0x00, 0x00, 0x00, 0x04, 0x00,
  0x00, 0x80, 0x04, 0x00, 0x00, 0x40, 0x00, 0x03, 0xa3, 0xf0, 0x00, 0x00, 0x80, 0x20, 0x01, 0x08,
  0x00, 0x00, 0x00, 0x00, 0x00, 0x00, 0x00, 0x00, 0x01, 0xa2, 0x08, 0x00, 0x00, 0x00, 0x00, 0x00,
  0x08, 0x04, 0x00, 0x20, 0x04, 0x00, 0x00, 0x00, 0x00, 0x03, 0x00, 0x00, 0x20, 0x0a, 0x00, 0x20,
  0x00, 0x00, 0x00, 0x01, 0x00, 0x80, 0x00, 0x00, 0x02, 0x03, 0xc0, 0x00, 0x00, 0xa0, 0x00, 0x00,
  0x22, 0x22, 0x80, 0x00, 0xa0, 0x00, 0x00, 0x00, 0x07, 0x00, 0xc2, 0x20, 0x88, 0x00, 0x08, 0x00,
  0x00, 0x08, 0x00, 0x00, 0x04, 0x04, 0x00, 0x00, 0x06, 0x00, 0x10, 0x08, 0x20, 0x84, 0x00, 0x01,
  0x00, 0x00, 0x04, 0x00, 0x08, 0x06, 0x00, 0x00, 0x0e, 0x09, 0x29, 0x82, 0x82, 0x00, 0x00, 0x00,
  0x00, 0x00, 0x01, 0x00, 0x0c, 0x06, 0x04, 0x00, 0x00, 0x23, 0x83, 0x00, 0x00, 0x00, 0x42, 0x08,
  0x00, 0x00, 0x00, 0x08, 0x59, 0x06, 0x00, 0x00, 0x00, 0x01, 0xcb, 0x10, 0x08, 0x00, 0x00, 0x00,
  0x00, 0x00, 0x01, 0x00, 0x0c, 0x06, 0x00, 0x03, 0xe0, 0x00, 0xe3, 0x40, 0x00, 0x00, 0x00, 0x02,
  0x00, 0x00, 0x00, 0x00, 0x0c, 0x16, 0x06, 0x87, 0x70, 0x00, 0x76, 0x14, 0x00, 0x00, 0x20, 0x00,
  0x00, 0x00, 0x02, 0x00, 0x0a, 0x06, 0x0e, 0x0c, 0x38, 0x14, 0x3e, 0x20, 0x80, 0x00, 0x80, 0x00,
  0x04, 0x14, 0x00, 0x09, 0x0c, 0x3e, 0x0f, 0x06, 0x18, 0x7c, 0x9c, 0x00, 0x00, 0x00, 0x01, 0x10,
  0x00, 0x00, 0x00, 0x80, 0x4d, 0xfc, 0x0f, 0x04, 0x18, 0xf6, 0x0c, 0x08, 0x02, 0x00, 0x08, 0x02,
  0x00, 0x00, 0x00, 0x01, 0x0f, 0xc6, 0x1b, 0x06, 0x70, 0xc6, 0x0d, 0x39, 0x03, 0x00, 0x80, 0x08,
  0x00, 0x00, 0x00, 0x00, 0x0c, 0x06, 0x5d, 0x87, 0x60, 0xc6, 0x9c, 0x0c, 0x46, 0x00, 0x04, 0x40,
  0x00, 0x10, 0x00, 0x02, 0x0c, 0x06, 0x7f, 0x87, 0xc0, 0x66, 0x1a, 0x0e, 0x0a, 0x00, 0x00, 0x00,
  0x00, 0x40, 0x20, 0x00, 0x48, 0x16, 0x3b, 0x83, 0x00, 0xee, 0x18, 0x0c, 0x8e, 0x80, 0x00, 0x00,
  0x00, 0x00, 0x00, 0x00, 0x1c, 0x04, 0x50, 0x86, 0x00, 0x7c, 0x38, 0x07, 0x04, 0x40, 0x00, 0x00,
  0x00, 0x80, 0x00, 0x08, 0x18, 0x16, 0x01, 0xc3, 0x00, 0xe0, 0x28, 0x03, 0x1e, 0x00, 0x00, 0x00,
  0x02, 0x00, 0x00, 0x00, 0x0c, 0x06, 0x00, 0xc6, 0x00, 0x40, 0x30, 0x01, 0x88, 0x40, 0x00, 0x00,
  0x00, 0x80, 0x02, 0x00, 0x38, 0x04, 0x00, 0x03, 0x00, 0xe0, 0xb0, 0x01, 0xcd, 0x00, 0x10, 0x00,
  0x02, 0x00, 0x00, 0x09, 0x18, 0x04, 0x00, 0x00, 0x00, 0x40, 0x50, 0x60, 0xec, 0x00, 0x00, 0x20,
  0x00, 0x00, 0x00, 0x08, 0x10, 0x00, 0x00, 0x02, 0x00, 0x02, 0x00, 0xe0, 0x78, 0x00, 0x00, 0x00,
  0x00, 0x00, 0x00, 0x12, 0x00, 0x20, 0x01, 0xfc, 0x00, 0x02, 0x00, 0xf0, 0x38, 0x00, 0x02, 0x00,
  0x00, 0x00, 0x00, 0x02, 0xc0, 0x50, 0x20, 0xfc, 0x60, 0x81, 0x01, 0xf0, 0x18, 0x00, 0x00, 0x00,
  0x00, 0x00, 0x00, 0x17, 0xe0, 0x41, 0x7c, 0x10, 0x60, 0xc4, 0x15, 0x30, 0x30, 0x01, 0x00, 0x00,
  0x00, 0x00, 0x00, 0x06, 0x70, 0x00, 0x6e, 0x30, 0x60, 0x80, 0x07, 0xfc, 0x30, 0x00, 0x00, 0x20,
  0x00, 0x00, 0x00, 0x0c, 0x70, 0x00, 0x64, 0x30, 0x62, 0xe0, 0x27, 0xf8, 0x30, 0x00, 0x01, 0x00,
  0x00, 0x00, 0x00, 0x06, 0x60, 0x60, 0xce, 0x30, 0x6d, 0xcf, 0x83, 0x0c, 0x60, 0x00, 0x21, 0x00,
  0x00, 0x00, 0x80, 0x06, 0xf8, 0x60, 0x7c, 0x30, 0x7f, 0xc7, 0xea, 0x18, 0x20, 0x00, 0x04, 0x00,
  0x00, 0x20, 0x00, 0x07, 0xfe, 0x60, 0xf8, 0x20, 0x60, 0x8a, 0x60, 0x8c, 0x61, 0x00, 0x01, 0x00,
  0x00, 0x00, 0x00, 0x07, 0x06, 0x42, 0xfc, 0x30, 0xe0, 0xce, 0x70, 0x06, 0x60, 0x08, 0x00, 0x00,
  0x00, 0x00, 0x04, 0x0e, 0x86, 0x60, 0xce, 0x30, 0x40, 0x86, 0x32, 0x00, 0xc0, 0x00, 0x00, 0x00,
  0x00, 0x40, 0x00, 0x06, 0x06, 0x60, 0xc3, 0xb0, 0xe0, 0xdd, 0x70, 0x00, 0xc0, 0x00, 0x00, 0x00,
  0x01, 0x00, 0x00, 0x04, 0x0a, 0xe0, 0x02, 0x30, 0x40, 0x86, 0x62, 0x00, 0x90, 0x00, 0x00, 0x00,
  0x00, 0x00, 0x80, 0x06, 0x8e, 0x20, 0x00, 0x30, 0xc0, 0x1d, 0x61, 0x00, 0xc0, 0x00, 0x00, 0x00,
  0x01, 0x02, 0x00, 0x06, 0x1c, 0x60, 0x08, 0x00, 0x00, 0x06, 0xe4, 0x00, 0x04, 0x02, 0x00, 0x00,
  0x04, 0x00, 0x00, 0x06, 0x38, 0x00, 0x80, 0x00, 0x00, 0x0f, 0xc0, 0x00, 0x00, 0x00, 0x00, 0x00,
  0x00, 0x00, 0x00, 0x06, 0x70, 0x10, 0x00, 0x00, 0x00, 0x07, 0x00, 0x00, 0x11, 0x10, 0x00, 0x00,
  0x00, 0x04, 0x00, 0x07, 0xe0, 0x00, 0x00, 0x00, 0x00, 0x10, 0x01, 0x40, 0x00, 0x00, 0x00, 0x00,
  0x00, 0x00, 0x10, 0x07, 0x80, 0x00, 0x20, 0x00, 0x00, 0x00, 0x20, 0x01, 0x00, 0x00, 0x08, 0x40,
  0x00, 0x40, 0x80, 0x02, 0xa0, 0x00, 0x00, 0x00, 0x00, 0x00, 0x01, 0x00, 0x04, 0x40, 0x00, 0x00,
  0x00, 0x00, 0x00, 0x00, 0x00, 0x04, 0x60, 0x10, 0x00, 0x08, 0x00, 0x15, 0x10, 0x00, 0x00, 0x00,
  0x00, 0x01, 0x00, 0x00, 0x80, 0x00, 0x40, 0x10, 0x00, 0x20, 0x00, 0x40, 0x00, 0x40, 0x01, 0x00,
  0x00, 0xa4, 0x00, 0x28, 0x00, 0x00, 0x00, 0x00, 0x00, 0x00, 0x00, 0x00, 0x00, 0x00, 0x00, 0x00,
  0x10, 0x00, 0x00, 0x20, 0x24, 0x07, 0x00, 0x06, 0x00, 0x00, 0x00, 0x80, 0x02, 0x00, 0x04, 0x08,
  0x00, 0x82, 0x00, 0x84, 0x80, 0x03, 0x00, 0x0e, 0x00, 0x00, 0x00, 0x10, 0x04, 0x00, 0x12, 0x00,
  0x10, 0x08, 0x00, 0x20, 0x10, 0x01, 0xc0, 0x5c, 0x00, 0x00, 0x41, 0x00, 0x00, 0x08, 0x00, 0x00,
  0x00, 0x80, 0x00, 0x04, 0x44, 0x00, 0xff, 0xf0, 0x00, 0x00, 0x00, 0x00, 0xa4, 0x00, 0x00, 0x02,
  0x08, 0x05, 0x00, 0x80, 0x20, 0x00, 0x3f, 0xa0, 0x00, 0x00, 0x02, 0x04, 0x00, 0x20, 0x00, 0x10,
  0x00, 0x00, 0x08, 0x04, 0x41, 0x00, 0x00, 0x00, 0x00, 0x00, 0x00, 0x00, 0x20, 0x00, 0x00, 0x00
};

const uint8_t PROGMEM frame97[1024] = {
  0x00, 0x00, 0x00, 0x00, 0x00, 0x00, 0x00, 0x00, 0x00, 0x00, 0x00, 0x00, 0x00, 0x00, 0x00, 0x00,
  0x01, 0x00, 0x00, 0x00, 0x00, 0x02, 0x80, 0x00, 0x00, 0x18, 0x00, 0x00, 0x00, 0x00, 0x00, 0x00,
  0x00, 0x04, 0x00, 0x00, 0x00, 0x00, 0xa0, 0x00, 0x00, 0x18, 0x00, 0x00, 0x00, 0x00, 0x00, 0x02,
  0x00, 0x00, 0x00, 0x00, 0x00, 0x00, 0x00, 0x00, 0x10, 0x38, 0x00, 0x00, 0x00, 0x20, 0x00, 0x00,
  0x00, 0x10, 0x00, 0x00, 0x00, 0x00, 0x00, 0x00, 0x18, 0x30, 0x00, 0x00, 0x00, 0x01, 0x10, 0x02,
  0x00, 0x00, 0x00, 0x00, 0x00, 0x01, 0x20, 0x00, 0x0c, 0x00, 0x00, 0x00, 0x04, 0x40, 0x02, 0x00,
  0x00, 0x00, 0x00, 0x00, 0x48, 0x00, 0x10, 0x00, 0x00, 0x00, 0x00, 0x00, 0x01, 0x10, 0x00, 0x10,
  0x04, 0x00, 0x80, 0x00, 0x10, 0x50, 0x00, 0x00, 0x01, 0xe0, 0x10, 0x02, 0xa0, 0x00, 0x00, 0x00,
  0x00, 0x00, 0x00, 0x00, 0x81, 0x00, 0x00, 0x00, 0x03, 0xf9, 0xf0, 0x00, 0x00, 0x04, 0x00, 0x00,
  0x00, 0x84, 0x00, 0x00, 0x00, 0x08, 0x00, 0x00, 0x07, 0xf1, 0xf0, 0x00, 0x02, 0x80, 0x02, 0x00,
  0x10, 0x00, 0x00, 0x00, 0x04, 0x05, 0x00, 0x00, 0x07, 0xf8, 0x00, 0x00, 0x00, 0x28, 0x10, 0x10,
  0x00, 0x01, 0x00, 0x00, 0x01, 0x10, 0x94, 0x01, 0xe7, 0xf8, 0x00, 0x00, 0x00, 0x00, 0x04, 0x00,
  0x00, 0x80, 0x04, 0x00, 0x00, 0x40, 0x00, 0x03, 0xa3, 0xf0, 0x00, 0x00, 0x80, 0x20, 0x01, 0x08,
  0x00, 0x00, 0x00, 0x00, 0x00, 0x00, 0x00, 0x00, 0x01, 0xa2, 0x08, 0x00, 0x00, 0x00, 0x00, 0x00,
  0x08, 0x04, 0x00, 0x20, 0x04, 0x00, 0x00, 0x00, 0x00, 0x03, 0x00, 0x00, 0x20, 0x0a, 0x00, 0x20,
  0x00, 0x00, 0x00, 0x01, 0x00, 0x80, 0x00, 0x00, 0x02, 0x03, 0xc0, 0x00, 0x00, 0xa0, 0x00, 0x00,
  0x22, 0x22, 0x80, 0x00, 0xa0, 0x00, 0x00, 0x00, 0x07, 0x00, 0xc2, 0x20, 0x88, 0x00, 0x08, 0x00,
  0x00, 0x08, 0x00, 0x00, 0x04, 0x04, 0x00, 0x00, 0x06, 0x00, 0x10, 0x08, 0x20, 0x84, 0x00, 0x01,
  0x00, 0x00, 0x04, 0x00, 0x08, 0x06, 0x00, 0x00, 0x0e, 0x09, 0x29, 0x82, 0x82, 0x00, 0x00, 0x00,
  0x00, 0x00, 0x01, 0x00, 0x0c, 0x06, 0x04, 0x00, 0x00, 0x23, 0x83, 0x00, 0x00, 0x00, 0x42, 0x08,
  0x00, 0x00, 0x00, 0x08, 0x59, 0x06, 0x00, 0x00, 0x00, 0x01, 0xcb, 0x10, 0x08, 0x00, 0x00, 0x00,
  0x00, 0x00, 0x01, 0x00, 0x0c, 0x06, 0x00, 0x03, 0xe0, 0x00, 0xe3, 0x40, 0x00, 0x00, 0x00, 0x02,
  0x00, 0x00, 0x00, 0x00, 0x0c, 0x16, 0x06, 0x87, 0x70, 0x00, 0x76, 0x14, 0x00, 0x00, 0x20, 0x00,
  0x00, 0x00, 0x02, 0x00, 0x0a, 0x06, 0x0e, 0x0c, 0x38, 0x14, 0x3e, 0x20, 0x80, 0x00, 0x80, 0x00,
  0x04, 0x14, 0x00, 0x09, 0x0c, 0x3e, 0x0f, 0x06, 0x18, 0x7c, 0x9c, 0x00, 0x00, 0x00, 0x01, 0x10,
  0x00, 0x00, 0x00, 0x80, 0x4d, 0xfc, 0x0f, 0x04, 0x18, 0xf6, 0x0c, 0x08, 0x02, 0x00, 0x08, 0x02,
  0x00, 0x00, 0x00, 0x01, 0x0f, 0xc6, 0x1b, 0x06, 0x70, 0xc6, 0x0d, 0x39, 0x03, 0x00, 0x80, 0x08,
  0x00, 0x00, 0x00, 0x00, 0x0c, 0x06, 0x5d, 0x87, 0x60, 0xc6, 0x9c, 0x0c, 0x46, 0x00, 0x04, 0x40,
  0x00, 0x10, 0x00, 0x02, 0x0c, 0x06, 0x7f, 0x87, 0xc0, 0x66, 0x1a, 0x0e, 0x0a, 0x00, 0x00, 0x00,
  0x00, 0x40, 0x20, 0x00, 0x48, 0x16, 0x3b, 0x83, 0x00, 0xee, 0x18, 0x0c, 0x8e, 0x80, 0x00, 0x00,
  0x00, 0x00, 0x00, 0x00, 0x1c, 0x04, 0x50, 0x86, 0x00, 0x7c, 0x38, 0x07, 0x04, 0x40, 0x00, 0x00,
  0x00, 0x80, 0x00, 0x08, 0x18, 0x16, 0x01, 0xc3, 0x00, 0xe0, 0x28, 0x03, 0x1e, 0x00, 0x00, 0x00,
  0x02, 0x00, 0x00, 0x00, 0x0c, 0x06, 0x00, 0xc6, 0x00, 0x40, 0x30, 0x01, 0x88, 0x40, 0x00, 0x00,
  0x00, 0x80, 0x02, 0x00, 0x38, 0x04, 0x00, 0x03, 0x00, 0xe0, 0xb0, 0x01, 0xcd, 0x00, 0x10, 0x00,
  0x02, 0x00, 0x00, 0x09, 0x18, 0x04, 0x00, 0x00, 0x00, 0x40, 0x50, 0x60, 0xec, 0x00, 0x00, 0x20,
  0x00, 0x00, 0x00, 0x08, 0x10, 0x00, 0x00, 0x02, 0x00, 0x02, 0x00, 0xe0, 0x78, 0x00, 0x00, 0x00,
  0x00, 0x00, 0x00, 0x12, 0x00, 0x20, 0x01, 0xfc, 0x00, 0x02, 0x00, 0xf0, 0x38, 0x00, 0x02, 0x00,
  0x00, 0x00, 0x00, 0x02, 0xc0, 0x50, 0x20, 0xfc, 0x60, 0x81, 0x01, 0xf0, 0x18, 0x00, 0x00, 0x00,
  0x00, 0x00, 0x00, 0x17, 0xe0, 0x41, 0x7c, 0x10, 0x60, 0xc4, 0x15, 0x30, 0x30, 0x01, 0x00, 0x00,
  0x00, 0x00, 0x00, 0x06, 0x70, 0x00, 0x6e, 0x30, 0x60, 0x80, 0x07, 0xfc, 0x30, 0x00, 0x00, 0x20,
  0x00, 0x00, 0x00, 0x0c, 0x70, 0x00, 0x64, 0x30, 0x62, 0xe0, 0x27, 0xf8, 0x30, 0x00, 0x01, 0x00,
  0x00, 0x00, 0x00, 0x06, 0x60, 0x60, 0xce, 0x30, 0x6d, 0xcf, 0x83, 0x0c, 0x60, 0x00, 0x21, 0x00,
  0x00, 0x00, 0x80, 0x06, 0xf8, 0x60, 0x7c, 0x30, 0x7f, 0xc7, 0xea, 0x18, 0x20, 0x00, 0x04, 0x00,
  0x00, 0x20, 0x00, 0x07, 0xfe, 0x60, 0xf8, 0x20, 0x60, 0x8a, 0x60, 0x8c, 0x61, 0x00, 0x01, 0x00,
  0x00, 0x00, 0x00, 0x07, 0x06, 0x42, 0xfc, 0x30, 0xe0, 0xce, 0x70, 0x06, 0x60, 0x08, 0x00, 0x00,
  0x00, 0x00, 0x04, 0x0e, 0x86, 0x60, 0xce, 0x30, 0x40, 0x86, 0x32, 0x00, 0xc0, 0x00, 0x00, 0x00,
  0x00, 0x40, 0x00, 0x06, 0x06, 0x60, 0xc3, 0xb0, 0xe0, 0xdd, 0x70, 0x00, 0xc0, 0x00, 0x00, 0x00,
  0x01, 0x00, 0x00, 0x04, 0x0a, 0xe0, 0x02, 0x30, 0x40, 0x86, 0x62, 0x00, 0x90, 0x00, 0x00, 0x00,
  0x00, 0x00, 0x80, 0x06, 0x8e, 0x20, 0x00, 0x30, 0xc0, 0x1d, 0x61, 0x00, 0xc0, 0x00, 0x00, 0x00,
  0x01, 0x02, 0x00, 0x06, 0x1c, 0x60, 0x08, 0x00, 0x00, 0x06, 0xe4, 0x00, 0x04, 0x02, 0x00, 0x00,
  0x04, 0x00, 0x00, 0x06, 0x38, 0x00, 0x80, 0x00, 0x00, 0x0f, 0xc0, 0x00, 0x00, 0x00, 0x00, 0x00,
  0x00, 0x00, 0x00, 0x06, 0x70, 0x10, 0x00, 0x00, 0x00, 0x07, 0x00, 0x00, 0x11, 0x10, 0x00, 0x00,
  0x00, 0x04, 0x00, 0x07, 0xe0, 0x00, 0x00, 0x00, 0x00, 0x10, 0x01, 0x40, 0x00, 0x00, 0x00, 0x00,
  0x00, 0x00, 0x10, 0x07, 0x80, 0x00, 0x20, 0x00, 0x00, 0x00, 0x20, 0x01, 0x00, 0x00, 0x08, 0x40,
  0x00, 0x40, 0x80, 0x02, 0xa0, 0x00, 0x00, 0x00, 0x00, 0x00, 0x01, 0x00, 0x04, 0x40, 0x00, 0x00,
  0x00, 0x00, 0x00, 0x00, 0x00, 0x04, 0x60, 0x10, 0x00, 0x08, 0x00, 0x15, 0x10, 0x00, 0x00, 0x00,
  0x00, 0x01, 0x00, 0x00, 0x80, 0x00, 0x40, 0x10, 0x00, 0x20, 0x00, 0x40, 0x00, 0x40, 0x01, 0x00,
  0x00, 0xa4, 0x00, 0x28, 0x00, 0x00, 0x00, 0x00, 0x00, 0x00, 0x00, 0x00, 0x00, 0x00, 0x00, 0x00,
  0x10, 0x00, 0x00, 0x20, 0x24, 0x07, 0x00, 0x06, 0x00, 0x00, 0x00, 0x80, 0x02, 0x00, 0x04, 0x08,
  0x00, 0x82, 0x00, 0x84, 0x80, 0x03, 0x00, 0x0e, 0x00, 0x00, 0x00, 0x10, 0x04, 0x00, 0x12, 0x00,
  0x10, 0x08, 0x00, 0x20, 0x10, 0x01, 0xc0, 0x5c, 0x00, 0x00, 0x41, 0x00, 0x00, 0x08, 0x00, 0x00,
  0x00, 0x80, 0x00, 0x04, 0x44, 0x00, 0xff, 0xf0, 0x00, 0x00, 0x00, 0x00, 0xa4, 0x00, 0x00, 0x02,
  0x08, 0x05, 0x00, 0x80, 0x20, 0x00, 0x3f, 0xa0, 0x00, 0x00, 0x02, 0x04, 0x00, 0x20, 0x00, 0x10,
  0x00, 0x00, 0x08, 0x04, 0x41, 0x00, 0x00, 0x00, 0x00, 0x00, 0x00, 0x00, 0x20, 0x00, 0x00, 0x00
};

const uint8_t PROGMEM frame98[1024] = {
  0x00, 0x00, 0x00, 0x00, 0x00, 0x00, 0x00, 0x00, 0x00, 0x00, 0x00, 0x00, 0x00, 0x00, 0x00, 0x00,
  0x01, 0x00, 0x00, 0x00, 0x00, 0x02, 0x80, 0x00, 0x00, 0x18, 0x00, 0x00, 0x00, 0x00, 0x00, 0x00,
  0x00, 0x04, 0x00, 0x00, 0x00, 0x00, 0xa0, 0x00, 0x00, 0x18, 0x00, 0x00, 0x00, 0x00, 0x00, 0x02,
  0x00, 0x00, 0x00, 0x00, 0x00, 0x00, 0x00, 0x00, 0x10, 0x38, 0x00, 0x00, 0x00, 0x20, 0x00, 0x00,
  0x00, 0x10, 0x00, 0x00, 0x00, 0x00, 0x00, 0x00, 0x18, 0x30, 0x00, 0x00, 0x00, 0x01, 0x10, 0x02,
  0x00, 0x00, 0x00, 0x00, 0x00, 0x01, 0x20, 0x00, 0x0c, 0x00, 0x00, 0x00, 0x04, 0x40, 0x02, 0x00,
  0x00, 0x00, 0x00, 0x00, 0x48, 0x00, 0x10, 0x00, 0x00, 0x00, 0x00, 0x00, 0x01, 0x10, 0x00, 0x10,
  0x04, 0x00, 0x80, 0x00, 0x10, 0x50, 0x00, 0x00, 0x01, 0xe0, 0x10, 0x02, 0xa0, 0x00, 0x00, 0x00,
  0x00, 0x00, 0x00, 0x00, 0x81, 0x00, 0x00, 0x00, 0x03, 0xf9, 0xf0, 0x00, 0x00, 0x04, 0x00, 0x00,
  0x00, 0x84, 0x00, 0x00, 0x00, 0x08, 0x00, 0x00, 0x07, 0xf1, 0xf0, 0x00, 0x02, 0x80, 0x02, 0x00,
  0x10, 0x00, 0x00, 0x00, 0x04, 0x05, 0x00, 0x00, 0x07, 0xf8, 0x00, 0x00, 0x00, 0x28, 0x10, 0x10,
  0x00, 0x01, 0x00, 0x00, 0x01, 0x10, 0x94, 0x01, 0xe7, 0xf8, 0x00, 0x00, 0x00, 0x00, 0x04, 0x00,
  0x00, 0x80, 0x04, 0x00, 0x00, 0x40, 0x00, 0x03, 0xa3, 0xf0, 0x00, 0x00, 0x80, 0x20, 0x01, 0x08,
  0x00, 0x00, 0x00, 0x00, 0x00, 0x00, 0x00, 0x00, 0x01, 0xa2, 0x08, 0x00, 0x00, 0x00, 0x00, 0x00,
  0x08, 0x04, 0x00, 0x20, 0x04, 0x00, 0x00, 0x00, 0x00, 0x03, 0x00, 0x00, 0x20, 0x0a, 0x00, 0x20,
  0x00, 0x00, 0x00, 0x01, 0x00, 0x80, 0x00, 0x00, 0x02, 0x03, 0xc0, 0x00, 0x00, 0xa0, 0x00, 0x00,
  0x22, 0x22, 0x80, 0x00, 0xa0, 0x00, 0x00, 0x00, 0x07, 0x00, 0xc2, 0x20, 0x88, 0x00, 0x08, 0x00,
  0x00, 0x08, 0x00, 0x00, 0x04, 0x04, 0x00, 0x00, 0x06, 0x00, 0x10, 0x08, 0x20, 0x84, 0x00, 0x01,
  0x00, 0x00, 0x04, 0x00, 0x08, 0x06, 0x00, 0x00, 0x0e, 0x09, 0x29, 0x82, 0x82, 0x00, 0x00, 0x00,
  0x00, 0x00, 0x01, 0x00, 0x0c, 0x06, 0x04, 0x00, 0x00, 0x23, 0x83, 0x00, 0x00, 0x00, 0x42, 0x08,
  0x00, 0x00, 0x00, 0x08, 0x59, 0x06, 0x00, 0x00, 0x00, 0x01, 0xcb, 0x10, 0x08, 0x00, 0x00, 0x00,
  0x00, 0x00, 0x01, 0x00, 0x0c, 0x06, 0x00, 0x03, 0xe0, 0x00, 0xe3, 0x40, 0x00, 0x00, 0x00, 0x02,
  0x00, 0x00, 0x00, 0x00, 0x0c, 0x16, 0x06, 0x87, 0x70, 0x00, 0x76, 0x14, 0x00, 0x00, 0x20, 0x00,
  0x00, 0x00, 0x02, 0x00, 0x0a, 0x06, 0x0e, 0x0c, 0x38, 0x14, 0x3e, 0x20, 0x80, 0x00, 0x80, 0x00,
  0x04, 0x14, 0x00, 0x09, 0x0c, 0x3e, 0x0f, 0x06, 0x18, 0x7c, 0x9c, 0x00, 0x00, 0x00, 0x01, 0x10,
  0x00, 0x00, 0x00, 0x80, 0x4d, 0xfc, 0x0f, 0x04, 0x18, 0xf6, 0x0c, 0x08, 0x02, 0x00, 0x08, 0x02,
  0x00, 0x00, 0x00, 0x01, 0x0f, 0xc6, 0x1b, 0x06, 0x70, 0xc6, 0x0d, 0x39, 0x03, 0x00, 0x80, 0x08,
  0x00, 0x00, 0x00, 0x00, 0x0c, 0x06, 0x5d, 0x87, 0x60, 0xc6, 0x9c, 0x0c, 0x46, 0x00, 0x04, 0x40,
  0x00, 0x10, 0x00, 0x02, 0x0c, 0x06, 0x7f, 0x87, 0xc0, 0x66, 0x1a, 0x0e, 0x0a, 0x00, 0x00, 0x00,
  0x00, 0x40, 0x20, 0x00, 0x48, 0x16, 0x3b, 0x83, 0x00, 0xee, 0x18, 0x0c, 0x8e, 0x80, 0x00, 0x00,
  0x00, 0x00, 0x00, 0x00, 0x1c, 0x04, 0x50, 0x86, 0x00, 0x7c, 0x38, 0x07, 0x04, 0x40, 0x00, 0x00,
  0x00, 0x80, 0x00, 0x08, 0x18, 0x16, 0x01, 0xc3, 0x00, 0xe0, 0x28, 0x03, 0x1e, 0x00, 0x00, 0x00,
  0x02, 0x00, 0x00, 0x00, 0x0c, 0x06, 0x00, 0xc6, 0x00, 0x40, 0x30, 0x01, 0x88, 0x40, 0x00, 0x00,
  0x00, 0x80, 0x02, 0x00, 0x38, 0x04, 0x00, 0x03, 0x00, 0xe0, 0xb0, 0x01, 0xcd, 0x00, 0x10, 0x00,
  0x02, 0x00, 0x00, 0x09, 0x18, 0x04, 0x00, 0x00, 0x00, 0x40, 0x50, 0x60, 0xec, 0x00, 0x00, 0x20,
  0x00, 0x00, 0x00, 0x08, 0x10, 0x00, 0x00, 0x02, 0x00, 0x02, 0x00, 0xe0, 0x78, 0x00, 0x00, 0x00,
  0x00, 0x00, 0x00, 0x12, 0x00, 0x20, 0x01, 0xfc, 0x00, 0x02, 0x00, 0xf0, 0x38, 0x00, 0x02, 0x00,
  0x00, 0x00, 0x00, 0x02, 0xc0, 0x50, 0x20, 0xfc, 0x60, 0x81, 0x01, 0xf0, 0x18, 0x00, 0x00, 0x00,
  0x00, 0x00, 0x00, 0x17, 0xe0, 0x41, 0x7c, 0x10, 0x60, 0xc4, 0x15, 0x30, 0x30, 0x01, 0x00, 0x00,
  0x00, 0x00, 0x00, 0x06, 0x70, 0x00, 0x6e, 0x30, 0x60, 0x80, 0x07, 0xfc, 0x30, 0x00, 0x00, 0x20,
  0x00, 0x00, 0x00, 0x0c, 0x70, 0x00, 0x64, 0x30, 0x62, 0xe0, 0x27, 0xf8, 0x30, 0x00, 0x01, 0x00,
  0x00, 0x00, 0x00, 0x06, 0x60, 0x60, 0xce, 0x30, 0x6d, 0xcf, 0x83, 0x0c, 0x60, 0x00, 0x21, 0x00,
  0x00, 0x00, 0x80, 0x06, 0xf8, 0x60, 0x7c, 0x30, 0x7f, 0xc7, 0xea, 0x18, 0x20, 0x00, 0x04, 0x00,
  0x00, 0x20, 0x00, 0x07, 0xfe, 0x60, 0xf8, 0x20, 0x60, 0x8a, 0x60, 0x8c, 0x61, 0x00, 0x01, 0x00,
  0x00, 0x00, 0x00, 0x07, 0x06, 0x42, 0xfc, 0x30, 0xe0, 0xce, 0x70, 0x06, 0x60, 0x08, 0x00, 0x00,
  0x00, 0x00, 0x04, 0x0e, 0x86, 0x60, 0xce, 0x30, 0x40, 0x86, 0x32, 0x00, 0xc0, 0x00, 0x00, 0x00,
  0x00, 0x40, 0x00, 0x06, 0x06, 0x60, 0xc3, 0xb0, 0xe0, 0xdd, 0x70, 0x00, 0xc0, 0x00, 0x00, 0x00,
  0x01, 0x00, 0x00, 0x04, 0x0a, 0xe0, 0x02, 0x30, 0x40, 0x86, 0x62, 0x00, 0x90, 0x00, 0x00, 0x00,
  0x00, 0x00, 0x80, 0x06, 0x8e, 0x20, 0x00, 0x30, 0xc0, 0x1d, 0x61, 0x00, 0xc0, 0x00, 0x00, 0x00,
  0x01, 0x02, 0x00, 0x06, 0x1c, 0x60, 0x08, 0x00, 0x00, 0x06, 0xe4, 0x00, 0x04, 0x02, 0x00, 0x00,
  0x04, 0x00, 0x00, 0x06, 0x38, 0x00, 0x80, 0x00, 0x00, 0x0f, 0xc0, 0x00, 0x00, 0x00, 0x00, 0x00,
  0x00, 0x00, 0x00, 0x06, 0x70, 0x10, 0x00, 0x00, 0x00, 0x07, 0x00, 0x00, 0x11, 0x10, 0x00, 0x00,
  0x00, 0x04, 0x00, 0x07, 0xe0, 0x00, 0x00, 0x00, 0x00, 0x10, 0x01, 0x40, 0x00, 0x00, 0x00, 0x00,
  0x00, 0x00, 0x10, 0x07, 0x80, 0x00, 0x20, 0x00, 0x00, 0x00, 0x20, 0x01, 0x00, 0x00, 0x08, 0x40,
  0x00, 0x40, 0x80, 0x02, 0xa0, 0x00, 0x00, 0x00, 0x00, 0x00, 0x01, 0x00, 0x04, 0x40, 0x00, 0x00,
  0x00, 0x00, 0x00, 0x00, 0x00, 0x04, 0x60, 0x10, 0x00, 0x08, 0x00, 0x15, 0x10, 0x00, 0x00, 0x00,
  0x00, 0x01, 0x00, 0x00, 0x80, 0x00, 0x40, 0x10, 0x00, 0x20, 0x00, 0x40, 0x00, 0x40, 0x01, 0x00,
  0x00, 0xa4, 0x00, 0x28, 0x00, 0x00, 0x00, 0x00, 0x00, 0x00, 0x00, 0x00, 0x00, 0x00, 0x00, 0x00,
  0x10, 0x00, 0x00, 0x20, 0x24, 0x07, 0x00, 0x06, 0x00, 0x00, 0x00, 0x80, 0x02, 0x00, 0x04, 0x08,
  0x00, 0x82, 0x00, 0x84, 0x80, 0x03, 0x00, 0x0e, 0x00, 0x00, 0x00, 0x10, 0x04, 0x00, 0x12, 0x00,
  0x10, 0x08, 0x00, 0x20, 0x10, 0x01, 0xc0, 0x5c, 0x00, 0x00, 0x41, 0x00, 0x00, 0x08, 0x00, 0x00,
  0x00, 0x80, 0x00, 0x04, 0x44, 0x00, 0xff, 0xf0, 0x00, 0x00, 0x00, 0x00, 0xa4, 0x00, 0x00, 0x02,
  0x08, 0x05, 0x00, 0x80, 0x20, 0x00, 0x3f, 0xa0, 0x00, 0x00, 0x02, 0x04, 0x00, 0x20, 0x00, 0x10,
  0x00, 0x00, 0x08, 0x04, 0x41, 0x00, 0x00, 0x00, 0x00, 0x00, 0x00, 0x00, 0x20, 0x00, 0x00, 0x00
};

const uint8_t PROGMEM frame99[1024] = {
  0x00, 0x00, 0x00, 0x00, 0x00, 0x00, 0x00, 0x00, 0x00, 0x00, 0x00, 0x00, 0x00, 0x00, 0x00, 0x00,
  0x01, 0x00, 0x00, 0x00, 0x00, 0x01, 0x40, 0x00, 0x00, 0x18, 0x00, 0x00, 0x00, 0x00, 0x00, 0x01,
  0x00, 0x80, 0x00, 0x00, 0x00, 0x00, 0x20, 0x00, 0x00, 0x18, 0x00, 0x00, 0x00, 0x00, 0x00, 0x00,
  0x00, 0x04, 0x00, 0x00, 0x00, 0x00, 0x00, 0x00, 0x10, 0x38, 0x00, 0x00, 0x00, 0x20, 0x00, 0x00,
  0x00, 0x08, 0x00, 0x00, 0x00, 0x00, 0x00, 0x00, 0x18, 0x30, 0x00, 0x00, 0x00, 0x00, 0x08, 0x00,
  0x00, 0x00, 0x00, 0x00, 0x00, 0x00, 0xa8, 0x00, 0x0c, 0x00, 0x00, 0x00, 0x00, 0x40, 0x00, 0x00,
  0x00, 0x00, 0x00, 0x00, 0x00, 0x00, 0x00, 0x00, 0x00, 0x00, 0x00, 0x00, 0x05, 0x01, 0x01, 0x00,
  0x04, 0x00, 0x80, 0x00, 0x50, 0x42, 0x00, 0x00, 0x01, 0xe0, 0x10, 0x01, 0x40, 0x08, 0x00, 0x02,
  0x00, 0x00, 0x00, 0x00, 0x04, 0x10, 0x00, 0x00, 0x03, 0xf9, 0xf0, 0x00, 0x00, 0x00, 0x00, 0x00,
  0x00, 0x00, 0x00, 0x00, 0x00, 0x00, 0x00, 0x00, 0x07, 0xf1, 0xf0, 0x00, 0x02, 0x40, 0x00, 0x00,
  0x10, 0x40, 0x00, 0x00, 0x08, 0x8a, 0x04, 0x00, 0x07, 0xf8, 0x00, 0x00, 0x00, 0x08, 0x12, 0x08,
  0x00, 0x00, 0x84, 0x02, 0x02, 0x00, 0x90, 0x01, 0xe7, 0xf8, 0x00, 0x04, 0x00, 0x20, 0x04, 0x00,
  0x00, 0x00, 0x00, 0x00, 0x00, 0x40, 0x00, 0x03, 0xa3, 0xf0, 0x00, 0x00, 0x40, 0x00, 0x81, 0x08,
  0x00, 0x00, 0x00, 0x00, 0x00, 0x00, 0x00, 0x00, 0x01, 0xa2, 0x08, 0x01, 0x00, 0x40, 0x00, 0x00,
  0x08, 0x80, 0x00, 0x00, 0x00, 0x00, 0x00, 0x00, 0x00, 0x03, 0x00, 0x00, 0x00, 0x08, 0x00, 0x20,
  0x00, 0x04, 0x80, 0x00, 0x04, 0x00, 0x00, 0x00, 0x02, 0x03, 0xc0, 0x00, 0x08, 0x00, 0x00, 0x00,
  0x04, 0x02, 0x00, 0x04, 0x80, 0x00, 0x00, 0x00, 0x07, 0x00, 0xc2, 0x00, 0x40, 0x88, 0x00, 0x00,
  0x10, 0x08, 0x00, 0x00, 0x02, 0x4a, 0x00, 0x00, 0x06, 0x00, 0x21, 0x28, 0x00, 0x00, 0x10, 0x02,
  0x00, 0x00, 0x02, 0x10, 0x0c, 0x06, 0x00, 0x00, 0x0e, 0x09, 0x11, 0x01, 0x04, 0x80, 0x00, 0x00,
  0x00, 0x00, 0x00, 0x00, 0x08, 0x04, 0x04, 0x00, 0x00, 0x23, 0xc3, 0x00, 0x08, 0x00, 0x80, 0x00,
  0x00, 0x00, 0x01, 0x00, 0x5c, 0x06, 0x00, 0x00, 0x00, 0x00, 0xcf, 0x00, 0x00, 0x00, 0x40, 0x04,
  0x00, 0x00, 0x10, 0x00, 0x0a, 0x06, 0x00, 0x03, 0xe0, 0x00, 0xe2, 0xa0, 0x40, 0x00, 0x00, 0x00,
  0x00, 0x00, 0x00, 0x00, 0x0c, 0x06, 0x06, 0x87, 0xb0, 0x00, 0x76, 0x14, 0x00, 0x00, 0x00, 0x00,
  0x00, 0x00, 0x01, 0x02, 0x08, 0x16, 0x0e, 0x0c, 0x38, 0x14, 0x1e, 0x01, 0x00, 0x00, 0x41, 0x00,
  0x04, 0x14, 0x00, 0x00, 0x0d, 0x3e, 0x0f, 0x06, 0x18, 0x7c, 0xbc, 0x20, 0x00, 0x00, 0x00, 0x08,
  0x00, 0x00, 0x00, 0x84, 0x4d, 0xfc, 0x1f, 0x0a, 0x18, 0xfe, 0x0c, 0x08, 0x02, 0x00, 0x08, 0x00,
  0x00, 0x00, 0x00, 0x00, 0x8f, 0xa6, 0x0b, 0x06, 0x30, 0xc6, 0x0c, 0x19, 0x03, 0x00, 0x84, 0x0a,
  0x00, 0x00, 0x00, 0x00, 0x0c, 0x06, 0x7d, 0x86, 0xf0, 0xc2, 0x5d, 0x1c, 0x06, 0x00, 0x10, 0x40,
  0x00, 0x00, 0x40, 0x00, 0x0c, 0x06, 0x5f, 0x87, 0xc0, 0xc7, 0x0c, 0x0c, 0x06, 0x00, 0x00, 0x10,
  0x00, 0x10, 0x00, 0x04, 0x18, 0x14, 0x3b, 0x83, 0x00, 0x7e, 0x18, 0x0e, 0x96, 0x00, 0x00, 0x00,
  0x00, 0x40, 0x00, 0x00, 0x18, 0x06, 0x61, 0x86, 0x00, 0xf8, 0x3a, 0x07, 0x0a, 0x80, 0x00, 0x00,
  0x00, 0x80, 0x40, 0x00, 0x0c, 0x16, 0x00, 0xc3, 0x00, 0x60, 0x30, 0x03, 0x0c, 0x40, 0x00, 0x00,
  0x02, 0x00, 0x00, 0x04, 0x28, 0x04, 0x00, 0xc6, 0x00, 0xc0, 0x34, 0x01, 0x8c, 0x00, 0x00, 0x00,
  0x00, 0x00, 0x00, 0x00, 0x18, 0x06, 0x00, 0x03, 0x00, 0x60, 0xb0, 0x00, 0xdc, 0x40, 0x10, 0x00,
  0x00, 0x08, 0x02, 0x08, 0x18, 0x02, 0x00, 0x00, 0x00, 0xa0, 0x50, 0x60, 0xe8, 0x00, 0x00, 0x20,
  0x00, 0x40, 0x00, 0x01, 0x18, 0x00, 0x00, 0x02, 0x00, 0x02, 0x00, 0x60, 0x78, 0x00, 0x00, 0x00,
  0x00, 0x00, 0x00, 0x08, 0x00, 0x20, 0x01, 0xfc, 0x00, 0x00, 0x00, 0xf0, 0x38, 0x00, 0x00, 0x00,
  0x00, 0x00, 0x00, 0x12, 0xc0, 0xc8, 0x11, 0x7c, 0x60, 0x42, 0x01, 0xf0, 0x30, 0x00, 0x02, 0x00,
  0x00, 0x00, 0x00, 0x07, 0xe0, 0x00, 0xfc, 0x30, 0x60, 0x80, 0x15, 0x58, 0x18, 0x00, 0x80, 0x00,
  0x00, 0x00, 0x00, 0x06, 0x70, 0x00, 0x6c, 0x30, 0x60, 0xc0, 0x07, 0xf8, 0x30, 0x00, 0x00, 0x00,
  0x00, 0x00, 0x00, 0x0c, 0x60, 0x00, 0x46, 0x20, 0x62, 0xc1, 0x47, 0xf8, 0x70, 0x00, 0x01, 0x00,
  0x00, 0x00, 0x00, 0x06, 0x70, 0x60, 0xee, 0x30, 0x6d, 0xce, 0x83, 0x0c, 0x20, 0x00, 0x00, 0x00,
  0x00, 0x00, 0x00, 0x06, 0xf8, 0x60, 0x7c, 0x30, 0x7f, 0xc7, 0xea, 0x18, 0x60, 0x00, 0x09, 0x00,
  0x00, 0x00, 0x00, 0x07, 0xfe, 0x60, 0xf8, 0x30, 0x60, 0xa6, 0x60, 0x4c, 0x61, 0x08, 0x00, 0x20,
  0x00, 0x10, 0x00, 0x07, 0x84, 0x62, 0xf8, 0x10, 0xc0, 0xcc, 0x70, 0x06, 0x40, 0x00, 0x00, 0x00,
  0x00, 0x40, 0x00, 0x0e, 0x06, 0xa0, 0x8e, 0x30, 0x60, 0x86, 0xb0, 0x00, 0xc0, 0x00, 0x01, 0x00,
  0x00, 0x00, 0x00, 0x06, 0x06, 0x60, 0xc7, 0xb0, 0xe0, 0xce, 0x32, 0x00, 0xc8, 0x00, 0x00, 0x00,
  0x01, 0x00, 0x00, 0x04, 0x86, 0x60, 0x41, 0x30, 0x40, 0x96, 0x70, 0x80, 0x80, 0x00, 0x00, 0x00,
  0x00, 0x00, 0x00, 0x06, 0x0e, 0x60, 0x00, 0x30, 0xc0, 0x0d, 0x62, 0x00, 0xc0, 0x04, 0x00, 0x00,
  0x01, 0x00, 0x10, 0x06, 0x1c, 0x60, 0x04, 0x00, 0x00, 0x0e, 0xe0, 0x00, 0x04, 0x00, 0x80, 0x00,
  0x00, 0x01, 0x00, 0x06, 0x38, 0x00, 0x80, 0x00, 0x00, 0x0f, 0xc4, 0x00, 0x40, 0x00, 0x00, 0x00,
  0x00, 0x00, 0x00, 0x06, 0xf0, 0x00, 0x00, 0x00, 0x00, 0x05, 0x00, 0x00, 0x09, 0x10, 0x00, 0x00,
  0x00, 0x00, 0x00, 0x07, 0x60, 0x08, 0x00, 0x00, 0x00, 0x20, 0x00, 0x40, 0x00, 0x00, 0x00, 0x00,
  0x00, 0x04, 0x00, 0x07, 0xc0, 0x00, 0x20, 0x00, 0x00, 0x00, 0x41, 0x00, 0x00, 0x00, 0x00, 0x00,
  0x00, 0x40, 0x80, 0x03, 0x10, 0x00, 0x00, 0x00, 0x00, 0x00, 0x00, 0x00, 0x00, 0x40, 0x00, 0x20,
  0x00, 0x00, 0x00, 0x00, 0x00, 0x04, 0x40, 0x10, 0x00, 0x00, 0x01, 0x12, 0x10, 0x00, 0x01, 0x00,
  0x00, 0x41, 0x00, 0x20, 0x40, 0x00, 0x60, 0x10, 0x00, 0x00, 0x00, 0x20, 0x01, 0x00, 0x10, 0x00,
  0x00, 0x00, 0x00, 0x00, 0x00, 0x00, 0x00, 0x00, 0x00, 0x08, 0x00, 0x00, 0x80, 0x40, 0x00, 0x00,
  0x00, 0xa4, 0x00, 0x50, 0x40, 0x06, 0x00, 0x06, 0x00, 0x00, 0x00, 0x80, 0x04, 0x00, 0x02, 0x00,
  0x10, 0x00, 0x80, 0x04, 0x00, 0x03, 0x80, 0x0e, 0x00, 0x00, 0x40, 0x00, 0x00, 0x00, 0x02, 0x04,
  0x00, 0x84, 0x01, 0x40, 0x94, 0x01, 0xc0, 0x58, 0x00, 0x00, 0x01, 0x10, 0x08, 0x08, 0x00, 0x00,
  0x08, 0x00, 0x00, 0x08, 0x02, 0x00, 0xbf, 0xf8, 0x00, 0x00, 0x00, 0x00, 0x40, 0x00, 0x10, 0x00,
  0x00, 0x04, 0x00, 0x40, 0x40, 0x00, 0x3f, 0xa0, 0x00, 0x00, 0x00, 0x00, 0x10, 0x00, 0x00, 0x08,
  0x10, 0x10, 0x08, 0x04, 0x52, 0x00, 0x00, 0x00, 0x00, 0x00, 0x00, 0x01, 0x40, 0x40, 0x00, 0x00
};

const uint8_t PROGMEM frame100[1024] = {
  0x00, 0x00, 0x00, 0x00, 0x00, 0x00, 0x00, 0x00, 0x00, 0x00, 0x00, 0x00, 0x00, 0x00, 0x00, 0x00,
  0x01, 0x00, 0x00, 0x00, 0x00, 0x01, 0x40, 0x00, 0x00, 0x18, 0x00, 0x00, 0x00, 0x00, 0x00, 0x01,
  0x00, 0x80, 0x00, 0x00, 0x00, 0x00, 0x20, 0x00, 0x00, 0x18, 0x00, 0x00, 0x00, 0x00, 0x00, 0x00,
  0x00, 0x04, 0x00, 0x00, 0x00, 0x00, 0x00, 0x00, 0x10, 0x38, 0x00, 0x00, 0x00, 0x20, 0x00, 0x00,
  0x00, 0x08, 0x00, 0x00, 0x00, 0x00, 0x00, 0x00, 0x18, 0x30, 0x00, 0x00, 0x00, 0x00, 0x08, 0x00,
  0x00, 0x00, 0x00, 0x00, 0x00, 0x00, 0xa8, 0x00, 0x0c, 0x00, 0x00, 0x00, 0x00, 0x40, 0x00, 0x00,
  0x00, 0x00, 0x00, 0x00, 0x00, 0x00, 0x00, 0x00, 0x00, 0x00, 0x00, 0x00, 0x05, 0x01, 0x01, 0x00,
  0x04, 0x00, 0x80, 0x00, 0x50, 0x42, 0x00, 0x00, 0x01, 0xe0, 0x10, 0x01, 0x40, 0x08, 0x00, 0x02,
  0x00, 0x00, 0x00, 0x00, 0x04, 0x10, 0x00, 0x00, 0x03, 0xf9, 0xf0, 0x00, 0x00, 0x00, 0x00, 0x00,
  0x00, 0x00, 0x00, 0x00, 0x00, 0x00, 0x00, 0x00, 0x07, 0xf1, 0xf0, 0x00, 0x02, 0x40, 0x00, 0x00,
  0x10, 0x40, 0x00, 0x00, 0x08, 0x8a, 0x04, 0x00, 0x07, 0xf8, 0x00, 0x00, 0x00, 0x08, 0x12, 0x08,
  0x00, 0x00, 0x84, 0x02, 0x02, 0x00, 0x90, 0x01, 0xe7, 0xf8, 0x00, 0x04, 0x00, 0x20, 0x04, 0x00,
  0x00, 0x00, 0x00, 0x00, 0x00, 0x40, 0x00, 0x03, 0xa3, 0xf0, 0x00, 0x00, 0x40, 0x00, 0x81, 0x08,
  0x00, 0x00, 0x00, 0x00, 0x00, 0x00, 0x00, 0x00, 0x01, 0xa2, 0x08, 0x01, 0x00, 0x40, 0x00, 0x00,
  0x08, 0x80, 0x00, 0x00, 0x00, 0x00, 0x00, 0x00, 0x00, 0x03, 0x00, 0x00, 0x00, 0x08, 0x00, 0x20,
  0x00, 0x04, 0x80, 0x00, 0x04, 0x00, 0x00, 0x00, 0x02, 0x03, 0xc0, 0x00, 0x08, 0x00, 0x00, 0x00,
  0x04, 0x02, 0x00, 0x04, 0x80, 0x00, 0x00, 0x00, 0x07, 0x00, 0xc2, 0x00, 0x40, 0x88, 0x00, 0x00,
  0x10, 0x08, 0x00, 0x00, 0x02, 0x4a, 0x00, 0x00, 0x06, 0x00, 0x21, 0x28, 0x00, 0x00, 0x10, 0x02,
  0x00, 0x00, 0x02, 0x10, 0x0c, 0x06, 0x00, 0x00, 0x0e, 0x09, 0x11, 0x01, 0x04, 0x80, 0x00, 0x00,
  0x00, 0x00, 0x00, 0x00, 0x08, 0x04, 0x04, 0x00, 0x00, 0x23, 0xc3, 0x00, 0x08, 0x00, 0x80, 0x00,
  0x00, 0x00, 0x01, 0x00, 0x5c, 0x06, 0x00, 0x00, 0x00, 0x00, 0xcf, 0x00, 0x00, 0x00, 0x40, 0x04,
  0x00, 0x00, 0x10, 0x00, 0x0a, 0x06, 0x00, 0x03, 0xe0, 0x00, 0xe2, 0xa0, 0x40, 0x00, 0x00, 0x00,
  0x00, 0x00, 0x00, 0x00, 0x0c, 0x06, 0x06, 0x87, 0xb0, 0x00, 0x76, 0x14, 0x00, 0x00, 0x00, 0x00,
  0x00, 0x00, 0x01, 0x02, 0x08, 0x16, 0x0e, 0x0c, 0x38, 0x14, 0x1e, 0x01, 0x00, 0x00, 0x41, 0x00,
  0x04, 0x14, 0x00, 0x00, 0x0d, 0x3e, 0x0f, 0x06, 0x18, 0x7c, 0xbc, 0x20, 0x00, 0x00, 0x00, 0x08,
  0x00, 0x00, 0x00, 0x84, 0x4d, 0xfc, 0x1f, 0x0a, 0x18, 0xfe, 0x0c, 0x08, 0x02, 0x00, 0x08, 0x00,
  0x00, 0x00, 0x00, 0x00, 0x8f, 0xa6, 0x0b, 0x06, 0x30, 0xc6, 0x0c, 0x19, 0x03, 0x00, 0x84, 0x0a,
  0x00, 0x00, 0x00, 0x00, 0x0c, 0x06, 0x7d, 0x86, 0xf0, 0xc2, 0x5d, 0x1c, 0x06, 0x00, 0x10, 0x40,
  0x00, 0x00, 0x40, 0x00, 0x0c, 0x06, 0x5f, 0x87, 0xc0, 0xc7, 0x0c, 0x0c, 0x06, 0x00, 0x00, 0x10,
  0x00, 0x10, 0x00, 0x04, 0x18, 0x14, 0x3b, 0x83, 0x00, 0x7e, 0x18, 0x0e, 0x96, 0x00, 0x00, 0x00,
  0x00, 0x40, 0x00, 0x00, 0x18, 0x06, 0x61, 0x86, 0x00, 0xf8, 0x3a, 0x07, 0x0a, 0x80, 0x00, 0x00,
  0x00, 0x80, 0x40, 0x00, 0x0c, 0x16, 0x00, 0xc3, 0x00, 0x60, 0x30, 0x03, 0x0c, 0x40, 0x00, 0x00,
  0x02, 0x00, 0x00, 0x04, 0x28, 0x04, 0x00, 0xc6, 0x00, 0xc0, 0x34, 0x01, 0x8c, 0x00, 0x00, 0x00,
  0x00, 0x00, 0x00, 0x00, 0x18, 0x06, 0x00, 0x03, 0x00, 0x60, 0xb0, 0x00, 0xdc, 0x40, 0x10, 0x00,
  0x00, 0x08, 0x02, 0x08, 0x18, 0x02, 0x00, 0x00, 0x00, 0xa0, 0x50, 0x60, 0xe8, 0x00, 0x00, 0x20,
  0x00, 0x40, 0x00, 0x01, 0x18, 0x00, 0x00, 0x02, 0x00, 0x02, 0x00, 0x60, 0x78, 0x00, 0x00, 0x00,
  0x00, 0x00, 0x00, 0x08, 0x00, 0x20, 0x01, 0xfc, 0x00, 0x00, 0x00, 0xf0, 0x38, 0x00, 0x00, 0x00,
  0x00, 0x00, 0x00, 0x12, 0xc0, 0xc8, 0x11, 0x7c, 0x60, 0x42, 0x01, 0xf0, 0x30, 0x00, 0x02, 0x00,
  0x00, 0x00, 0x00, 0x07, 0xe0, 0x00, 0xfc, 0x30, 0x60, 0x80, 0x15, 0x58, 0x18, 0x00, 0x80, 0x00,
  0x00, 0x00, 0x00, 0x06, 0x70, 0x00, 0x6c, 0x30, 0x60, 0xc0, 0x07, 0xf8, 0x30, 0x00, 0x00, 0x00,
  0x00, 0x00, 0x00, 0x0c, 0x60, 0x00, 0x46, 0x20, 0x62, 0xc1, 0x47, 0xf8, 0x70, 0x00, 0x01, 0x00,
  0x00, 0x00, 0x00, 0x06, 0x70, 0x60, 0xee, 0x30, 0x6d, 0xce, 0x83, 0x0c, 0x20, 0x00, 0x00, 0x00,
  0x00, 0x00, 0x00, 0x06, 0xf8, 0x60, 0x7c, 0x30, 0x7f, 0xc7, 0xea, 0x18, 0x60, 0x00, 0x09, 0x00,
  0x00, 0x00, 0x00, 0x07, 0xfe, 0x60, 0xf8, 0x30, 0x60, 0xa6, 0x60, 0x4c, 0x61, 0x08, 0x00, 0x20,
  0x00, 0x10, 0x00, 0x07, 0x84, 0x62, 0xf8, 0x10, 0xc0, 0xcc, 0x70, 0x06, 0x40, 0x00, 0x00, 0x00,
  0x00, 0x40, 0x00, 0x0e, 0x06, 0xa0, 0x8e, 0x30, 0x60, 0x86, 0xb0, 0x00, 0xc0, 0x00, 0x01, 0x00,
  0x00, 0x00, 0x00, 0x06, 0x06, 0x60, 0xc7, 0xb0, 0xe0, 0xce, 0x32, 0x00, 0xc8, 0x00, 0x00, 0x00,
  0x01, 0x00, 0x00, 0x04, 0x86, 0x60, 0x41, 0x30, 0x40, 0x96, 0x70, 0x80, 0x80, 0x00, 0x00, 0x00,
  0x00, 0x00, 0x00, 0x06, 0x0e, 0x60, 0x00, 0x30, 0xc0, 0x0d, 0x62, 0x00, 0xc0, 0x04, 0x00, 0x00,
  0x01, 0x00, 0x10, 0x06, 0x1c, 0x60, 0x04, 0x00, 0x00, 0x0e, 0xe0, 0x00, 0x04, 0x00, 0x80, 0x00,
  0x00, 0x01, 0x00, 0x06, 0x38, 0x00, 0x80, 0x00, 0x00, 0x0f, 0xc4, 0x00, 0x40, 0x00, 0x00, 0x00,
  0x00, 0x00, 0x00, 0x06, 0xf0, 0x00, 0x00, 0x00, 0x00, 0x05, 0x00, 0x00, 0x09, 0x10, 0x00, 0x00,
  0x00, 0x00, 0x00, 0x07, 0x60, 0x08, 0x00, 0x00, 0x00, 0x20, 0x00, 0x40, 0x00, 0x00, 0x00, 0x00,
  0x00, 0x04, 0x00, 0x07, 0xc0, 0x00, 0x20, 0x00, 0x00, 0x00, 0x41, 0x00, 0x00, 0x00, 0x00, 0x00,
  0x00, 0x40, 0x80, 0x03, 0x10, 0x00, 0x00, 0x00, 0x00, 0x00, 0x00, 0x00, 0x00, 0x40, 0x00, 0x20,
  0x00, 0x00, 0x00, 0x00, 0x00, 0x04, 0x40, 0x10, 0x00, 0x00, 0x01, 0x12, 0x10, 0x00, 0x01, 0x00,
  0x00, 0x41, 0x00, 0x20, 0x40, 0x00, 0x60, 0x10, 0x00, 0x00, 0x00, 0x20, 0x01, 0x00, 0x10, 0x00,
  0x00, 0x00, 0x00, 0x00, 0x00, 0x00, 0x00, 0x00, 0x00, 0x08, 0x00, 0x00, 0x80, 0x40, 0x00, 0x00,
  0x00, 0xa4, 0x00, 0x50, 0x40, 0x06, 0x00, 0x06, 0x00, 0x00, 0x00, 0x80, 0x04, 0x00, 0x02, 0x00,
  0x10, 0x00, 0x80, 0x04, 0x00, 0x03, 0x80, 0x0e, 0x00, 0x00, 0x40, 0x00, 0x00, 0x00, 0x02, 0x04,
  0x00, 0x84, 0x01, 0x40, 0x94, 0x01, 0xc0, 0x58, 0x00, 0x00, 0x01, 0x10, 0x08, 0x08, 0x00, 0x00,
  0x08, 0x00, 0x00, 0x08, 0x02, 0x00, 0xbf, 0xf8, 0x00, 0x00, 0x00, 0x00, 0x40, 0x00, 0x10, 0x00,
  0x00, 0x04, 0x00, 0x40, 0x40, 0x00, 0x3f, 0xa0, 0x00, 0x00, 0x00, 0x00, 0x10, 0x00, 0x00, 0x08,
  0x10, 0x10, 0x08, 0x04, 0x52, 0x00, 0x00, 0x00, 0x00, 0x00, 0x00, 0x01, 0x40, 0x40, 0x00, 0x00
};

const uint8_t PROGMEM frame101[1024] = {
  0x00, 0x00, 0x00, 0x00, 0x00, 0x00, 0x00, 0x00, 0x00, 0x00, 0x00, 0x00, 0x00, 0x00, 0x00, 0x00,
  0x01, 0x00, 0x00, 0x00, 0x00, 0x01, 0x40, 0x00, 0x00, 0x18, 0x00, 0x00, 0x00, 0x00, 0x00, 0x01,
  0x00, 0x80, 0x00, 0x00, 0x00, 0x00, 0x20, 0x00, 0x00, 0x18, 0x00, 0x00, 0x00, 0x00, 0x00, 0x00,
  0x00, 0x04, 0x00, 0x00, 0x00, 0x00, 0x00, 0x00, 0x10, 0x38, 0x00, 0x00, 0x00, 0x20, 0x00, 0x00,
  0x00, 0x08, 0x00, 0x00, 0x00, 0x00, 0x00, 0x00, 0x18, 0x30, 0x00, 0x00, 0x00, 0x00, 0x08, 0x00,
  0x00, 0x00, 0x00, 0x00, 0x00, 0x00, 0xa8, 0x00, 0x0c, 0x00, 0x00, 0x00, 0x00, 0x40, 0x00, 0x00,
  0x00, 0x00, 0x00, 0x00, 0x00, 0x00, 0x00, 0x00, 0x00, 0x00, 0x00, 0x00, 0x05, 0x01, 0x01, 0x00,
  0x04, 0x00, 0x80, 0x00, 0x50, 0x42, 0x00, 0x00, 0x01, 0xe0, 0x10, 0x01, 0x40, 0x08, 0x00, 0x02,
  0x00, 0x00, 0x00, 0x00, 0x04, 0x10, 0x00, 0x00, 0x03, 0xf9, 0xf0, 0x00, 0x00, 0x00, 0x00, 0x00,
  0x00, 0x00, 0x00, 0x00, 0x00, 0x00, 0x00, 0x00, 0x07, 0xf1, 0xf0, 0x00, 0x02, 0x40, 0x00, 0x00,
  0x10, 0x40, 0x00, 0x00, 0x08, 0x8a, 0x04, 0x00, 0x07, 0xf8, 0x00, 0x00, 0x00, 0x08, 0x12, 0x08,
  0x00, 0x00, 0x84, 0x02, 0x02, 0x00, 0x90, 0x01, 0xe7, 0xf8, 0x00, 0x04, 0x00, 0x20, 0x04, 0x00,
  0x00, 0x00, 0x00, 0x00, 0x00, 0x40, 0x00, 0x03, 0xa3, 0xf0, 0x00, 0x00, 0x40, 0x00, 0x81, 0x08,
  0x00, 0x00, 0x00, 0x00, 0x00, 0x00, 0x00, 0x00, 0x01, 0xa2, 0x08, 0x01, 0x00, 0x40, 0x00, 0x00,
  0x08, 0x80, 0x00, 0x00, 0x00, 0x00, 0x00, 0x00, 0x00, 0x03, 0x00, 0x00, 0x00, 0x08, 0x00, 0x20,
  0x00, 0x04, 0x80, 0x00, 0x04, 0x00, 0x00, 0x00, 0x02, 0x03, 0xc0, 0x00, 0x08, 0x00, 0x00, 0x00,
  0x04, 0x02, 0x00, 0x04, 0x80, 0x00, 0x00, 0x00, 0x07, 0x00, 0xc2, 0x00, 0x40, 0x88, 0x00, 0x00,
  0x10, 0x08, 0x00, 0x00, 0x00, 0x88, 0x00, 0x00, 0x06, 0x00, 0x21, 0x50, 0x00, 0x00, 0x10, 0x02,
  0x00, 0x00, 0x02, 0x10, 0x0a, 0x06, 0x00, 0x00, 0x0e, 0x0a, 0x13, 0x02, 0x84, 0x80, 0x00, 0x00,
  0x00, 0x00, 0x00, 0x00, 0x0c, 0x04, 0x04, 0x00, 0x00, 0x21, 0xc3, 0x00, 0x00, 0x00, 0x80, 0x00,
  0x00, 0x00, 0x01, 0x00, 0x58, 0x06, 0x00, 0x00, 0x00, 0x01, 0xd6, 0x00, 0x08, 0x00, 0x40, 0x04,
  0x00, 0x00, 0x10, 0x00, 0x0c, 0x06, 0x06, 0x03, 0xf0, 0x00, 0xe7, 0x48, 0x00, 0x00, 0x00, 0x00,
  0x00, 0x00, 0x00, 0x00, 0x08, 0x06, 0x07, 0x03, 0x70, 0x00, 0x34, 0x10, 0x00, 0x00, 0x00, 0x00,
  0x00, 0x00, 0x01, 0x02, 0x0c, 0x16, 0x0f, 0x46, 0x1c, 0x08, 0x3e, 0x02, 0x00, 0x00, 0x41, 0x00,
  0x04, 0x14, 0x00, 0x00, 0x0d, 0x06, 0x0f, 0x02, 0x0c, 0x22, 0x9c, 0x20, 0x00, 0x00, 0x00, 0x08,
  0x00, 0x00, 0x00, 0x84, 0x4c, 0x7e, 0x0d, 0x06, 0x18, 0x7c, 0x0c, 0x08, 0x00, 0x00, 0x08, 0x00,
  0x00, 0x00, 0x00, 0x00, 0x8d, 0xfc, 0x3b, 0x83, 0x28, 0xee, 0x2c, 0x01, 0x02, 0x00, 0x84, 0x0a,
  0x00, 0x00, 0x00, 0x00, 0x0f, 0x86, 0x5f, 0x83, 0xf0, 0xc6, 0x9a, 0x88, 0x05, 0x00, 0x10, 0x40,
  0x00, 0x00, 0x40, 0x00, 0x0c, 0x06, 0x3a, 0xc3, 0xa0, 0xc6, 0x18, 0x18, 0x83, 0x00, 0x00, 0x10,
  0x00, 0x10, 0x00, 0x04, 0x08, 0x16, 0x31, 0x83, 0x40, 0xe6, 0x1a, 0x1c, 0x16, 0x00, 0x00, 0x00,
  0x00, 0x40, 0x00, 0x00, 0x2c, 0x04, 0x00, 0xc1, 0x00, 0x7e, 0x38, 0x0e, 0x06, 0x80, 0x00, 0x00,
  0x00, 0x80, 0x40, 0x00, 0x18, 0x06, 0x20, 0xc3, 0x80, 0xf8, 0x30, 0x06, 0x0a, 0x40, 0x00, 0x00,
  0x02, 0x00, 0x00, 0x04, 0x0c, 0x06, 0x00, 0x03, 0x00, 0x40, 0x74, 0x03, 0x0e, 0x00, 0x00, 0x00,
  0x00, 0x00, 0x00, 0x00, 0x18, 0x06, 0x00, 0x01, 0x00, 0xe0, 0x50, 0x01, 0x84, 0x40, 0x10, 0x00,
  0x00, 0x08, 0x02, 0x08, 0x18, 0x06, 0x00, 0x01, 0x00, 0xc0, 0x20, 0x01, 0xcc, 0x00, 0x00, 0x20,
  0x00, 0x40, 0x00, 0x01, 0x28, 0x00, 0x00, 0x00, 0x00, 0x41, 0x00, 0x60, 0xcc, 0x00, 0x00, 0x00,
  0x00, 0x00, 0x00, 0x08, 0x18, 0x20, 0x00, 0x00, 0x10, 0x02, 0x00, 0xe0, 0xec, 0x00, 0x00, 0x00,
  0x00, 0x00, 0x00, 0x12, 0x80, 0x4a, 0x68, 0xfe, 0x30, 0x40, 0x01, 0xe0, 0x38, 0x00, 0x02, 0x00,
  0x00, 0x00, 0x00, 0x07, 0xc0, 0x20, 0xf9, 0xf4, 0x60, 0xc1, 0x0a, 0xe0, 0x38, 0x00, 0x80, 0x00,
  0x00, 0x00, 0x00, 0x0d, 0x60, 0x01, 0x9c, 0x12, 0x30, 0x60, 0x11, 0xb0, 0x38, 0x02, 0x00, 0x20,
  0x00, 0x00, 0x00, 0x04, 0x70, 0x00, 0xc8, 0x30, 0x32, 0xe0, 0x07, 0xf8, 0x10, 0x00, 0x01, 0x00,
  0x00, 0x00, 0x00, 0x0c, 0xe0, 0x21, 0xbc, 0x30, 0x7f, 0xca, 0x8f, 0xf0, 0x30, 0x00, 0x00, 0x00,
  0x00, 0x00, 0x00, 0x0e, 0xe0, 0x60, 0xf0, 0x30, 0x35, 0x67, 0xd3, 0x18, 0x30, 0x00, 0x01, 0x00,
  0x00, 0x00, 0x00, 0x07, 0xfc, 0x61, 0xf0, 0x10, 0x60, 0x66, 0xe6, 0x18, 0x62, 0x08, 0x08, 0x00,
  0x00, 0x10, 0x00, 0x0f, 0x8e, 0x32, 0xbc, 0x30, 0x60, 0xcc, 0xd0, 0x4c, 0x30, 0x00, 0x00, 0x00,
  0x00, 0x40, 0x00, 0x0e, 0x04, 0x61, 0x8e, 0x30, 0x20, 0x66, 0x70, 0x0c, 0x60, 0x00, 0x01, 0x00,
  0x00, 0x00, 0x00, 0x04, 0x0e, 0x71, 0x86, 0x30, 0x70, 0xcd, 0x30, 0x00, 0xc0, 0x00, 0x00, 0x00,
  0x01, 0x00, 0x00, 0x0e, 0x86, 0x60, 0x10, 0x18, 0x60, 0x16, 0x62, 0x80, 0x68, 0x04, 0x00, 0x00,
  0x00, 0x00, 0x00, 0x06, 0x0c, 0x20, 0x00, 0x30, 0x00, 0x0c, 0x70, 0x00, 0xc0, 0x00, 0x00, 0x00,
  0x01, 0x00, 0x10, 0x06, 0x1c, 0x70, 0x00, 0x38, 0x00, 0x0e, 0xe2, 0x00, 0xc0, 0x02, 0x00, 0x00,
  0x00, 0x01, 0x00, 0x0c, 0x38, 0x20, 0x02, 0x20, 0x00, 0x0d, 0xc8, 0x00, 0x84, 0x00, 0x00, 0x00,
  0x00, 0x00, 0x00, 0x06, 0x70, 0x00, 0x00, 0x00, 0x00, 0x07, 0x80, 0x00, 0x10, 0x50, 0x00, 0x00,
  0x00, 0x00, 0x00, 0x06, 0xe0, 0x00, 0x40, 0x00, 0x00, 0x16, 0x20, 0x40, 0x00, 0x00, 0x00, 0x00,
  0x00, 0x04, 0x00, 0x07, 0xc0, 0x08, 0x00, 0x00, 0x00, 0x00, 0x01, 0x00, 0x00, 0x00, 0x00, 0x00,
  0x00, 0x40, 0x80, 0x07, 0x20, 0x00, 0x00, 0x00, 0x00, 0x00, 0x00, 0x00, 0x00, 0x80, 0x00, 0x20,
  0x00, 0x00, 0x00, 0x01, 0x00, 0x00, 0x60, 0x10, 0x00, 0x00, 0x01, 0x11, 0x10, 0x00, 0x00, 0x80,
  0x00, 0x41, 0x00, 0x20, 0x00, 0x04, 0x40, 0x10, 0x00, 0x00, 0x00, 0x00, 0x01, 0x20, 0x01, 0x00,
  0x00, 0x00, 0x00, 0x08, 0x40, 0x00, 0x00, 0x00, 0x00, 0x08, 0x00, 0x40, 0x80, 0x00, 0x04, 0x00,
  0x00, 0xa4, 0x00, 0x40, 0x00, 0x06, 0x00, 0x06, 0x00, 0x00, 0x00, 0x80, 0x00, 0x00, 0x00, 0x00,
  0x10, 0x00, 0x80, 0x10, 0x48, 0x03, 0x80, 0x0e, 0x00, 0x00, 0x40, 0x00, 0x04, 0x00, 0x02, 0x00,
  0x00, 0x84, 0x01, 0x44, 0x04, 0x01, 0xc0, 0x78, 0x00, 0x00, 0x00, 0x00, 0x00, 0x08, 0x10, 0x02,
  0x08, 0x00, 0x00, 0x00, 0x40, 0x00, 0x7f, 0xd4, 0x00, 0x00, 0x00, 0x04, 0x48, 0x00, 0x00, 0x00,
  0x00, 0x04, 0x00, 0x40, 0x45, 0x00, 0x3f, 0xa0, 0x00, 0x00, 0x02, 0x00, 0x00, 0x20, 0x00, 0x00,
  0x10, 0x10, 0x08, 0x05, 0x20, 0x00, 0x00, 0x00, 0x00, 0x00, 0x00, 0x09, 0x20, 0x00, 0x00, 0x08
};

const uint8_t PROGMEM frame102[1024] = {
  0x00, 0x00, 0x00, 0x00, 0x00, 0x00, 0x00, 0x00, 0x00, 0x00, 0x00, 0x00, 0x00, 0x00, 0x00, 0x00,
  0x01, 0x00, 0x00, 0x00, 0x00, 0x00, 0x80, 0x00, 0x00, 0x18, 0x00, 0x00, 0x00, 0x00, 0x00, 0x00,
  0x00, 0x00, 0x00, 0x00, 0x00, 0x00, 0x20, 0x00, 0x00, 0x18, 0x00, 0x00, 0x00, 0x00, 0x00, 0x00,
  0x00, 0x00, 0x00, 0x00, 0x00, 0x00, 0x00, 0x00, 0x10, 0x38, 0x00, 0x00, 0x00, 0x00, 0x00, 0x00,
  0x00, 0x08, 0x00, 0x00, 0x00, 0x00, 0x00, 0x00, 0x18, 0x30, 0x00, 0x00, 0x00, 0x00, 0x00, 0x00,
  0x00, 0x00, 0x00, 0x00, 0x00, 0x00, 0x90, 0x00, 0x0c, 0x00, 0x00, 0x00, 0x00, 0x20, 0x02, 0x00,
  0x00, 0x04, 0x00, 0x00, 0x00, 0x00, 0x08, 0x00, 0x00, 0x00, 0x00, 0x00, 0x02, 0x41, 0x00, 0x00,
  0x02, 0x00, 0x80, 0x00, 0x48, 0x10, 0x00, 0x00, 0x01, 0xe0, 0x10, 0x01, 0x00, 0x00, 0x00, 0x02,
  0x00, 0x00, 0x00, 0x00, 0x10, 0x00, 0x00, 0x00, 0x03, 0xf9, 0xf0, 0x00, 0x00, 0x04, 0x00, 0x00,
  0x00, 0x00, 0x00, 0x00, 0x04, 0x00, 0x00, 0x00, 0x07, 0xf1, 0xf0, 0x00, 0x04, 0x00, 0x02, 0x00,
  0x00, 0x40, 0x00, 0x00, 0x00, 0x14, 0x80, 0x00, 0x07, 0xf8, 0x00, 0x00, 0x00, 0x48, 0x00, 0x00,
  0x00, 0x00, 0x84, 0x00, 0x05, 0x00, 0x10, 0x01, 0xe7, 0xf8, 0x00, 0x00, 0x20, 0x10, 0x0a, 0x08,
  0x00, 0x00, 0x00, 0x00, 0x00, 0x00, 0x80, 0x03, 0xa3, 0xf0, 0x00, 0x00, 0x80, 0x20, 0x00, 0x00,
  0x10, 0x80, 0x00, 0x00, 0x00, 0x20, 0x00, 0x00, 0x01, 0xa2, 0x10, 0x00, 0x00, 0x00, 0x00, 0x10,
  0x00, 0x00, 0x00, 0x00, 0x00, 0x00, 0x00, 0x00, 0x00, 0x03, 0x00, 0x00, 0x00, 0x00, 0x00, 0x20,
  0x04, 0x02, 0x00, 0x00, 0x04, 0x00, 0x00, 0x00, 0x02, 0x03, 0xc2, 0x00, 0x20, 0x44, 0x00, 0x00,
  0x00, 0x00, 0x80, 0x05, 0x40, 0x00, 0x00, 0x00, 0x07, 0x00, 0xc0, 0x20, 0x80, 0x00, 0x00, 0x00,
  0x12, 0x10, 0x00, 0x00, 0x02, 0x08, 0x00, 0x00, 0x06, 0x00, 0x11, 0x00, 0x00, 0x84, 0x08, 0x02,
  0x00, 0x00, 0x00, 0x10, 0x08, 0x44, 0x00, 0x00, 0x0e, 0x0a, 0x43, 0x05, 0x04, 0x00, 0x00, 0x00,
  0x00, 0x00, 0x04, 0x00, 0x08, 0x06, 0x04, 0x00, 0x00, 0x21, 0x93, 0x00, 0x08, 0x00, 0x02, 0x00,
  0x00, 0x00, 0x01, 0x00, 0x1c, 0x02, 0x00, 0x00, 0x00, 0x01, 0xc6, 0x00, 0x00, 0x00, 0x40, 0x04,
  0x00, 0x00, 0x00, 0x00, 0x08, 0x06, 0x06, 0x03, 0xf0, 0x00, 0xe7, 0x10, 0x00, 0x00, 0x00, 0x00,
  0x00, 0x00, 0x00, 0x00, 0x0c, 0x06, 0x07, 0x43, 0x70, 0x00, 0x34, 0x20, 0x00, 0x00, 0x00, 0x00,
  0x00, 0x00, 0x01, 0x00, 0x0c, 0x16, 0x0f, 0x06, 0x1c, 0x08, 0x3e, 0x09, 0x00, 0x00, 0x40, 0x00,
  0x02, 0x08, 0x00, 0x00, 0x49, 0x0a, 0x0f, 0x02, 0x0c, 0x21, 0x1c, 0x20, 0x00, 0x00, 0x01, 0x00,
  0x00, 0x00, 0x00, 0x05, 0x0c, 0x7e, 0x0b, 0x07, 0x18, 0xfe, 0x4c, 0x00, 0x00, 0x00, 0x08, 0x08,
  0x00, 0x00, 0x00, 0x00, 0x0f, 0xf6, 0x3d, 0x82, 0x18, 0xdc, 0x1c, 0x09, 0x02, 0x00, 0x80, 0x02,
  0x00, 0x00, 0x00, 0x01, 0x0f, 0x06, 0x3f, 0x83, 0xf0, 0xc7, 0x0a, 0x04, 0x01, 0x00, 0x08, 0x40,
  0x00, 0x00, 0x40, 0x40, 0x0c, 0x06, 0x5a, 0xc3, 0xe0, 0xc6, 0x1c, 0x38, 0x07, 0x00, 0x00, 0x00,
  0x00, 0x00, 0x00, 0x04, 0x18, 0x16, 0x31, 0x83, 0x00, 0xe6, 0x18, 0x0c, 0x92, 0x00, 0x00, 0x00,
  0x00, 0x08, 0x00, 0x00, 0x1c, 0x04, 0x00, 0xc3, 0x00, 0x7c, 0x38, 0x0e, 0x06, 0x80, 0x00, 0x00,
  0x00, 0x80, 0x00, 0x00, 0x14, 0x16, 0x00, 0xc1, 0x80, 0xf4, 0x72, 0x06, 0x0a, 0x80, 0x00, 0x00,
  0x00, 0x00, 0x00, 0x00, 0x18, 0x06, 0x00, 0x03, 0x00, 0x40, 0x30, 0x03, 0x06, 0x00, 0x00, 0x00,
  0x02, 0x80, 0x02, 0x02, 0x08, 0x04, 0x00, 0x01, 0x80, 0xe0, 0xa0, 0x03, 0x96, 0x40, 0x00, 0x00,
  0x00, 0x08, 0x00, 0x08, 0x18, 0x06, 0x00, 0x01, 0x00, 0xc0, 0x20, 0x01, 0x8c, 0x00, 0x14, 0x20,
  0x00, 0x40, 0x04, 0x00, 0x38, 0x00, 0x00, 0x00, 0x00, 0x01, 0x00, 0xc0, 0xcc, 0x00, 0x00, 0x00,
  0x00, 0x00, 0x00, 0x09, 0x08, 0x00, 0x00, 0x00, 0x00, 0x04, 0x00, 0xe0, 0x78, 0x00, 0x00, 0x00,
  0x00, 0x00, 0x00, 0x00, 0x80, 0x64, 0xf0, 0xfe, 0x30, 0x40, 0x01, 0xe0, 0x78, 0x00, 0x40, 0x00,
  0x00, 0x00, 0x00, 0x07, 0xc0, 0x20, 0xf9, 0xfa, 0x30, 0xe0, 0x15, 0xb0, 0x38, 0x01, 0x00, 0x00,
  0x00, 0x00, 0x00, 0x0f, 0x70, 0x01, 0x8c, 0x30, 0x70, 0x60, 0x02, 0xb0, 0x18, 0x00, 0x00, 0x00,
  0x00, 0x00, 0x00, 0x0c, 0x60, 0x00, 0xdc, 0x10, 0x22, 0xc0, 0x4f, 0xf4, 0x30, 0x00, 0x00, 0x00,
  0x00, 0x00, 0x00, 0x04, 0xe0, 0x21, 0xb8, 0x30, 0x3f, 0xe2, 0x07, 0xf8, 0x30, 0x00, 0x01, 0x00,
  0x00, 0x00, 0x00, 0x0e, 0xe8, 0x60, 0xf0, 0x30, 0x7a, 0xcf, 0xca, 0x18, 0x30, 0x00, 0x00, 0x00,
  0x00, 0x00, 0x00, 0x0f, 0xfc, 0x71, 0xe8, 0x30, 0x60, 0x67, 0xe6, 0x98, 0x22, 0x00, 0x01, 0x20,
  0x00, 0x00, 0x00, 0x07, 0x4c, 0x21, 0xbc, 0x30, 0x20, 0xcc, 0x60, 0x0c, 0x60, 0x08, 0x08, 0x00,
  0x00, 0x00, 0x04, 0x0e, 0x06, 0x71, 0x9c, 0x10, 0x70, 0x66, 0x70, 0x08, 0x60, 0x00, 0x01, 0x00,
  0x00, 0x40, 0x00, 0x0c, 0x86, 0x61, 0x47, 0x38, 0x60, 0xcc, 0x30, 0x00, 0xa0, 0x00, 0x00, 0x00,
  0x00, 0x00, 0x00, 0x06, 0x0c, 0x20, 0x00, 0x30, 0x40, 0x16, 0xf2, 0x00, 0xc8, 0x00, 0x00, 0x00,
  0x01, 0x00, 0x00, 0x0e, 0x0e, 0x70, 0x00, 0x30, 0x00, 0x0c, 0x60, 0x80, 0xc0, 0x04, 0x00, 0x00,
  0x00, 0x02, 0x10, 0x04, 0x18, 0x20, 0x00, 0x38, 0x00, 0x0e, 0xe2, 0x00, 0xc0, 0x00, 0x80, 0x00,
  0x01, 0x00, 0x00, 0x06, 0x38, 0x60, 0x00, 0x10, 0x00, 0x0b, 0xa0, 0x00, 0x84, 0x00, 0x00, 0x00,
  0x00, 0x00, 0x00, 0x06, 0x70, 0x00, 0x00, 0x00, 0x00, 0x0f, 0x80, 0x00, 0x00, 0x10, 0x00, 0x00,
  0x00, 0x00, 0x00, 0x06, 0xe0, 0x08, 0x40, 0x00, 0x00, 0x05, 0x20, 0x00, 0x10, 0x40, 0x00, 0x00,
  0x00, 0x02, 0x00, 0x0f, 0xc0, 0x00, 0x00, 0x00, 0x00, 0x20, 0x01, 0x00, 0x00, 0x00, 0x00, 0x00,
  0x00, 0x00, 0x10, 0x07, 0x10, 0x00, 0x00, 0x00, 0x00, 0x00, 0x00, 0x40, 0x00, 0x00, 0x00, 0x00,
  0x00, 0x00, 0x00, 0x00, 0x00, 0x04, 0x60, 0x10, 0x00, 0x00, 0x01, 0x02, 0x10, 0x80, 0x00, 0x00,
  0x00, 0x01, 0x00, 0x00, 0x40, 0x00, 0x40, 0x10, 0x00, 0x00, 0x00, 0x10, 0x80, 0x00, 0x01, 0x00,
  0x00, 0x40, 0x00, 0x08, 0x00, 0x00, 0x00, 0x00, 0x00, 0x00, 0x00, 0x00, 0x00, 0x80, 0x00, 0x00,
  0x00, 0x04, 0x00, 0x50, 0x00, 0x06, 0x00, 0x06, 0x00, 0x08, 0x02, 0x80, 0x20, 0x00, 0x04, 0x00,
  0x10, 0x00, 0x80, 0x00, 0x22, 0x03, 0x80, 0x0e, 0x00, 0x00, 0x40, 0x00, 0x84, 0x00, 0x00, 0x04,
  0x00, 0x04, 0x00, 0xa0, 0x48, 0x01, 0xc0, 0x78, 0x00, 0x00, 0x00, 0x00, 0x00, 0x08, 0x12, 0x00,
  0x08, 0x00, 0x00, 0x04, 0x00, 0x00, 0xbf, 0xe8, 0x00, 0x00, 0x00, 0x40, 0x00, 0x00, 0x00, 0x00,
  0x00, 0x09, 0x00, 0x80, 0x42, 0x00, 0x3f, 0xa0, 0x00, 0x00, 0x00, 0x04, 0x00, 0x00, 0x00, 0x00,
  0x00, 0x00, 0x00, 0x04, 0x20, 0x00, 0x00, 0x00, 0x00, 0x00, 0x00, 0x00, 0x50, 0x20, 0x00, 0x08
};

const uint8_t PROGMEM frame103[1024] = {
  0x00, 0x00, 0x00, 0x00, 0x00, 0x00, 0x00, 0x00, 0x00, 0x00, 0x00, 0x00, 0x00, 0x00, 0x00, 0x00,
  0x01, 0x00, 0x00, 0x00, 0x00, 0x00, 0x80, 0x00, 0x00, 0x18, 0x00, 0x00, 0x00, 0x00, 0x00, 0x00,
  0x00, 0x00, 0x00, 0x00, 0x00, 0x00, 0x20, 0x00, 0x00, 0x18, 0x00, 0x00, 0x00, 0x00, 0x00, 0x00,
  0x00, 0x00, 0x00, 0x00, 0x00, 0x00, 0x00, 0x00, 0x10, 0x38, 0x00, 0x00, 0x00, 0x00, 0x00, 0x00,
  0x00, 0x08, 0x00, 0x00, 0x00, 0x00, 0x00, 0x00, 0x18, 0x30, 0x00, 0x00, 0x00, 0x00, 0x00, 0x00,
  0x00, 0x00, 0x00, 0x00, 0x00, 0x00, 0x90, 0x00, 0x0c, 0x00, 0x00, 0x00, 0x00, 0x20, 0x02, 0x00,
  0x00, 0x04, 0x00, 0x00, 0x00, 0x00, 0x08, 0x00, 0x00, 0x00, 0x00, 0x00, 0x02, 0x41, 0x00, 0x00,
  0x02, 0x00, 0x80, 0x00, 0x48, 0x10, 0x00, 0x00, 0x01, 0xe0, 0x10, 0x01, 0x00, 0x00, 0x00, 0x02,
  0x00, 0x00, 0x00, 0x00, 0x10, 0x00, 0x00, 0x00, 0x03, 0xf9, 0xf0, 0x00, 0x00, 0x04, 0x00, 0x00,
  0x00, 0x00, 0x00, 0x00, 0x04, 0x00, 0x00, 0x00, 0x07, 0xf1, 0xf0, 0x00, 0x04, 0x00, 0x02, 0x00,
  0x00, 0x40, 0x00, 0x00, 0x00, 0x14, 0x80, 0x00, 0x07, 0xf8, 0x00, 0x00, 0x00, 0x48, 0x00, 0x00,
  0x00, 0x00, 0x84, 0x00, 0x05, 0x00, 0x10, 0x01, 0xe7, 0xf8, 0x00, 0x00, 0x20, 0x10, 0x0a, 0x08,
  0x00, 0x00, 0x00, 0x00, 0x00, 0x00, 0x80, 0x03, 0xa3, 0xf0, 0x00, 0x00, 0x80, 0x20, 0x00, 0x00,
  0x10, 0x80, 0x00, 0x00, 0x00, 0x20, 0x00, 0x00, 0x01, 0xa2, 0x10, 0x00, 0x00, 0x00, 0x00, 0x10,
  0x00, 0x00, 0x00, 0x00, 0x00, 0x00, 0x00, 0x00, 0x00, 0x03, 0x00, 0x00, 0x00, 0x00, 0x00, 0x20,
  0x04, 0x02, 0x00, 0x00, 0x04, 0x00, 0x00, 0x00, 0x02, 0x03, 0xc2, 0x00, 0x20, 0x44, 0x00, 0x00,
  0x00, 0x00, 0x80, 0x05, 0x40, 0x00, 0x00, 0x00, 0x07, 0x00, 0xc0, 0x20, 0x80, 0x00, 0x00, 0x00,
  0x12, 0x10, 0x00, 0x00, 0x02, 0x08, 0x00, 0x00, 0x06, 0x00, 0x11, 0x00, 0x00, 0x84, 0x08, 0x02,
  0x00, 0x00, 0x00, 0x10, 0x08, 0x44, 0x00, 0x00, 0x0e, 0x0a, 0x43, 0x05, 0x04, 0x00, 0x00, 0x00,
  0x00, 0x00, 0x04, 0x00, 0x08, 0x06, 0x04, 0x00, 0x00, 0x21, 0x93, 0x00, 0x08, 0x00, 0x02, 0x00,
  0x00, 0x00, 0x01, 0x00, 0x1c, 0x02, 0x00, 0x00, 0x00, 0x01, 0xc6, 0x00, 0x00, 0x00, 0x40, 0x04,
  0x00, 0x00, 0x00, 0x00, 0x08, 0x06, 0x06, 0x03, 0xf0, 0x00, 0xe7, 0x10, 0x00, 0x00, 0x00, 0x00,
  0x00, 0x00, 0x00, 0x00, 0x0c, 0x06, 0x07, 0x43, 0x70, 0x00, 0x34, 0x20, 0x00, 0x00, 0x00, 0x00,
  0x00, 0x00, 0x01, 0x00, 0x0c, 0x16, 0x0f, 0x06, 0x1c, 0x08, 0x3e, 0x09, 0x00, 0x00, 0x40, 0x00,
  0x02, 0x08, 0x00, 0x00, 0x49, 0x0a, 0x0f, 0x02, 0x0c, 0x21, 0x1c, 0x20, 0x00, 0x00, 0x01, 0x00,
  0x00, 0x00, 0x00, 0x05, 0x0c, 0x7e, 0x0b, 0x07, 0x18, 0xfe, 0x4c, 0x00, 0x00, 0x00, 0x08, 0x08,
  0x00, 0x00, 0x00, 0x00, 0x0f, 0xf6, 0x3d, 0x82, 0x18, 0xdc, 0x1c, 0x09, 0x02, 0x00, 0x80, 0x02,
  0x00, 0x00, 0x00, 0x01, 0x0f, 0x06, 0x3f, 0x83, 0xf0, 0xc7, 0x0a, 0x04, 0x01, 0x00, 0x08, 0x40,
  0x00, 0x00, 0x40, 0x40, 0x0c, 0x06, 0x5a, 0xc3, 0xe0, 0xc6, 0x1c, 0x38, 0x07, 0x00, 0x00, 0x00,
  0x00, 0x00, 0x00, 0x04, 0x18, 0x16, 0x31, 0x83, 0x00, 0xe6, 0x18, 0x0c, 0x92, 0x00, 0x00, 0x00,
  0x00, 0x08, 0x00, 0x00, 0x1c, 0x04, 0x00, 0xc3, 0x00, 0x7c, 0x38, 0x0e, 0x06, 0x80, 0x00, 0x00,
  0x00, 0x80, 0x00, 0x00, 0x14, 0x16, 0x00, 0xc1, 0x80, 0xf4, 0x72, 0x06, 0x0a, 0x80, 0x00, 0x00,
  0x00, 0x00, 0x00, 0x00, 0x18, 0x06, 0x00, 0x03, 0x00, 0x40, 0x30, 0x03, 0x06, 0x00, 0x00, 0x00,
  0x02, 0x80, 0x02, 0x02, 0x08, 0x04, 0x00, 0x01, 0x80, 0xe0, 0xa0, 0x03, 0x96, 0x40, 0x00, 0x00,
  0x00, 0x08, 0x00, 0x08, 0x18, 0x06, 0x00, 0x01, 0x00, 0xc0, 0x20, 0x01, 0x8c, 0x00, 0x14, 0x20,
  0x00, 0x40, 0x04, 0x00, 0x38, 0x00, 0x00, 0x00, 0x00, 0x01, 0x00, 0xc0, 0xcc, 0x00, 0x00, 0x00,
  0x00, 0x00, 0x00, 0x09, 0x08, 0x00, 0x00, 0x00, 0x00, 0x04, 0x00, 0xe0, 0x78, 0x00, 0x00, 0x00,
  0x00, 0x00, 0x00, 0x00, 0x80, 0x64, 0xf0, 0xfe, 0x30, 0x40, 0x01, 0xe0, 0x78, 0x00, 0x40, 0x00,
  0x00, 0x00, 0x00, 0x07, 0xc0, 0x20, 0xf9, 0xfa, 0x30, 0xe0, 0x15, 0xb0, 0x38, 0x01, 0x00, 0x00,
  0x00, 0x00, 0x00, 0x0f, 0x70, 0x01, 0x8c, 0x30, 0x70, 0x60, 0x02, 0xb0, 0x18, 0x00, 0x00, 0x00,
  0x00, 0x00, 0x00, 0x0c, 0x60, 0x00, 0xdc, 0x10, 0x22, 0xc0, 0x4f, 0xf4, 0x30, 0x00, 0x00, 0x00,
  0x00, 0x00, 0x00, 0x04, 0xe0, 0x21, 0xb8, 0x30, 0x3f, 0xe2, 0x07, 0xf8, 0x30, 0x00, 0x01, 0x00,
  0x00, 0x00, 0x00, 0x0e, 0xe8, 0x60, 0xf0, 0x30, 0x7a, 0xcf, 0xca, 0x18, 0x30, 0x00, 0x00, 0x00,
  0x00, 0x00, 0x00, 0x0f, 0xfc, 0x71, 0xe8, 0x30, 0x60, 0x67, 0xe6, 0x98, 0x22, 0x00, 0x01, 0x20,
  0x00, 0x00, 0x00, 0x07, 0x4c, 0x21, 0xbc, 0x30, 0x20, 0xcc, 0x60, 0x0c, 0x60, 0x08, 0x08, 0x00,
  0x00, 0x00, 0x04, 0x0e, 0x06, 0x71, 0x9c, 0x10, 0x70, 0x66, 0x70, 0x08, 0x60, 0x00, 0x01, 0x00,
  0x00, 0x40, 0x00, 0x0c, 0x86, 0x61, 0x47, 0x38, 0x60, 0xcc, 0x30, 0x00, 0xa0, 0x00, 0x00, 0x00,
  0x00, 0x00, 0x00, 0x06, 0x0c, 0x20, 0x00, 0x30, 0x40, 0x16, 0xf2, 0x00, 0xc8, 0x00, 0x00, 0x00,
  0x01, 0x00, 0x00, 0x0e, 0x0e, 0x70, 0x00, 0x30, 0x00, 0x0c, 0x60, 0x80, 0xc0, 0x04, 0x00, 0x00,
  0x00, 0x02, 0x10, 0x04, 0x18, 0x20, 0x00, 0x38, 0x00, 0x0e, 0xe2, 0x00, 0xc0, 0x00, 0x80, 0x00,
  0x01, 0x00, 0x00, 0x06, 0x38, 0x60, 0x00, 0x10, 0x00, 0x0b, 0xa0, 0x00, 0x84, 0x00, 0x00, 0x00,
  0x00, 0x00, 0x00, 0x06, 0x70, 0x00, 0x00, 0x00, 0x00, 0x0f, 0x80, 0x00, 0x00, 0x10, 0x00, 0x00,
  0x00, 0x00, 0x00, 0x06, 0xe0, 0x08, 0x40, 0x00, 0x00, 0x05, 0x20, 0x00, 0x10, 0x40, 0x00, 0x00,
  0x00, 0x02, 0x00, 0x0f, 0xc0, 0x00, 0x00, 0x00, 0x00, 0x20, 0x01, 0x00, 0x00, 0x00, 0x00, 0x00,
  0x00, 0x00, 0x10, 0x07, 0x10, 0x00, 0x00, 0x00, 0x00, 0x00, 0x00, 0x40, 0x00, 0x00, 0x00, 0x00,
  0x00, 0x00, 0x00, 0x00, 0x00, 0x04, 0x60, 0x10, 0x00, 0x00, 0x01, 0x02, 0x10, 0x80, 0x00, 0x00,
  0x00, 0x01, 0x00, 0x00, 0x40, 0x00, 0x40, 0x10, 0x00, 0x00, 0x00, 0x10, 0x80, 0x00, 0x01, 0x00,
  0x00, 0x40, 0x00, 0x08, 0x00, 0x00, 0x00, 0x00, 0x00, 0x00, 0x00, 0x00, 0x00, 0x80, 0x00, 0x00,
  0x00, 0x04, 0x00, 0x50, 0x00, 0x06, 0x00, 0x06, 0x00, 0x08, 0x02, 0x80, 0x20, 0x00, 0x04, 0x00,
  0x10, 0x00, 0x80, 0x00, 0x22, 0x03, 0x80, 0x0e, 0x00, 0x00, 0x40, 0x00, 0x84, 0x00, 0x00, 0x04,
  0x00, 0x04, 0x00, 0xa0, 0x48, 0x01, 0xc0, 0x78, 0x00, 0x00, 0x00, 0x00, 0x00, 0x08, 0x12, 0x00,
  0x08, 0x00, 0x00, 0x04, 0x00, 0x00, 0xbf, 0xe8, 0x00, 0x00, 0x00, 0x40, 0x00, 0x00, 0x00, 0x00,
  0x00, 0x09, 0x00, 0x80, 0x42, 0x00, 0x3f, 0xa0, 0x00, 0x00, 0x00, 0x04, 0x00, 0x00, 0x00, 0x00,
  0x00, 0x00, 0x00, 0x04, 0x20, 0x00, 0x00, 0x00, 0x00, 0x00, 0x00, 0x00, 0x50, 0x20, 0x00, 0x08
};

const uint8_t PROGMEM frame104[1024] = {
  0x00, 0x00, 0x00, 0x00, 0x00, 0x00, 0x00, 0x00, 0x00, 0x00, 0x00, 0x00, 0x00, 0x00, 0x00, 0x00,
  0x01, 0x00, 0x00, 0x00, 0x00, 0x00, 0x80, 0x00, 0x00, 0x18, 0x00, 0x00, 0x00, 0x00, 0x00, 0x00,
  0x00, 0x00, 0x00, 0x00, 0x00, 0x00, 0x20, 0x00, 0x00, 0x18, 0x00, 0x00, 0x00, 0x00, 0x00, 0x00,
  0x00, 0x00, 0x00, 0x00, 0x00, 0x00, 0x00, 0x00, 0x10, 0x38, 0x00, 0x00, 0x00, 0x00, 0x00, 0x00,
  0x00, 0x08, 0x00, 0x00, 0x00, 0x00, 0x00, 0x00, 0x18, 0x30, 0x00, 0x00, 0x00, 0x00, 0x00, 0x00,
  0x00, 0x00, 0x00, 0x00, 0x00, 0x00, 0x90, 0x00, 0x0c, 0x00, 0x00, 0x00, 0x00, 0x20, 0x02, 0x00,
  0x00, 0x04, 0x00, 0x00, 0x00, 0x00, 0x08, 0x00, 0x00, 0x00, 0x00, 0x00, 0x02, 0x41, 0x00, 0x00,
  0x02, 0x00, 0x80, 0x00, 0x48, 0x10, 0x00, 0x00, 0x01, 0xe0, 0x10, 0x01, 0x00, 0x00, 0x00, 0x02,
  0x00, 0x00, 0x00, 0x00, 0x10, 0x00, 0x00, 0x00, 0x03, 0xf9, 0xf0, 0x00, 0x00, 0x04, 0x00, 0x00,
  0x00, 0x00, 0x00, 0x00, 0x04, 0x00, 0x00, 0x00, 0x07, 0xf1, 0xf0, 0x00, 0x04, 0x00, 0x02, 0x00,
  0x00, 0x40, 0x00, 0x00, 0x00, 0x14, 0x80, 0x00, 0x07, 0xf8, 0x00, 0x00, 0x00, 0x48, 0x00, 0x00,
  0x00, 0x00, 0x84, 0x00, 0x05, 0x00, 0x10, 0x01, 0xe7, 0xf8, 0x00, 0x00, 0x20, 0x10, 0x0a, 0x08,
  0x00, 0x00, 0x00, 0x00, 0x00, 0x00, 0x80, 0x03, 0xa3, 0xf0, 0x00, 0x00, 0x80, 0x20, 0x00, 0x00,
  0x10, 0x80, 0x00, 0x00, 0x00, 0x20, 0x00, 0x00, 0x01, 0xa2, 0x10, 0x00, 0x00, 0x00, 0x00, 0x10,
  0x00, 0x00, 0x00, 0x00, 0x00, 0x00, 0x00, 0x00, 0x00, 0x03, 0x00, 0x00, 0x00, 0x00, 0x00, 0x20,
  0x04, 0x02, 0x00, 0x00, 0x04, 0x00, 0x00, 0x00, 0x02, 0x03, 0xc2, 0x00, 0x20, 0x44, 0x00, 0x00,
  0x00, 0x00, 0x80, 0x05, 0x40, 0x00, 0x00, 0x00, 0x07, 0x00, 0xc0, 0x20, 0x80, 0x00, 0x00, 0x00,
  0x12, 0x10, 0x00, 0x00, 0x02, 0x08, 0x00, 0x00, 0x06, 0x00, 0x11, 0x00, 0x00, 0x84, 0x08, 0x02,
  0x00, 0x00, 0x00, 0x10, 0x08, 0x44, 0x00, 0x00, 0x0e, 0x0a, 0x43, 0x05, 0x04, 0x00, 0x00, 0x00,
  0x00, 0x00, 0x04, 0x00, 0x08, 0x06, 0x04, 0x00, 0x00, 0x21, 0x93, 0x00, 0x08, 0x00, 0x02, 0x00,
  0x00, 0x00, 0x01, 0x00, 0x1c, 0x02, 0x00, 0x00, 0x00, 0x01, 0xc6, 0x00, 0x00, 0x00, 0x40, 0x04,
  0x00, 0x00, 0x00, 0x00, 0x08, 0x06, 0x06, 0x03, 0xf0, 0x00, 0xe7, 0x10, 0x00, 0x00, 0x00, 0x00,
  0x00, 0x00, 0x00, 0x00, 0x0c, 0x06, 0x07, 0x43, 0x70, 0x00, 0x34, 0x20, 0x00, 0x00, 0x00, 0x00,
  0x00, 0x00, 0x01, 0x00, 0x0c, 0x16, 0x0f, 0x06, 0x1c, 0x08, 0x3e, 0x09, 0x00, 0x00, 0x40, 0x00,
  0x02, 0x08, 0x00, 0x00, 0x49, 0x0a, 0x0f, 0x02, 0x0c, 0x21, 0x1c, 0x20, 0x00, 0x00, 0x01, 0x00,
  0x00, 0x00, 0x00, 0x05, 0x0c, 0x7e, 0x0b, 0x07, 0x18, 0xfe, 0x4c, 0x00, 0x00, 0x00, 0x08, 0x08,
  0x00, 0x00, 0x00, 0x00, 0x0f, 0xf6, 0x3d, 0x82, 0x18, 0xdc, 0x1c, 0x09, 0x02, 0x00, 0x80, 0x02,
  0x00, 0x00, 0x00, 0x01, 0x0f, 0x06, 0x3f, 0x83, 0xf0, 0xc7, 0x0a, 0x04, 0x01, 0x00, 0x08, 0x40,
  0x00, 0x00, 0x40, 0x40, 0x0c, 0x06, 0x5a, 0xc3, 0xe0, 0xc6, 0x1c, 0x38, 0x07, 0x00, 0x00, 0x00,
  0x00, 0x00, 0x00, 0x04, 0x18, 0x16, 0x31, 0x83, 0x00, 0xe6, 0x18, 0x0c, 0x92, 0x00, 0x00, 0x00,
  0x00, 0x08, 0x00, 0x00, 0x1c, 0x04, 0x00, 0xc3, 0x00, 0x7c, 0x38, 0x0e, 0x06, 0x80, 0x00, 0x00,
  0x00, 0x80, 0x00, 0x00, 0x14, 0x16, 0x00, 0xc1, 0x80, 0xf4, 0x72, 0x06, 0x0a, 0x80, 0x00, 0x00,
  0x00, 0x00, 0x00, 0x00, 0x18, 0x06, 0x00, 0x03, 0x00, 0x40, 0x30, 0x03, 0x06, 0x00, 0x00, 0x00,
  0x02, 0x80, 0x02, 0x02, 0x08, 0x04, 0x00, 0x01, 0x80, 0xe0, 0xa0, 0x03, 0x96, 0x40, 0x00, 0x00,
  0x00, 0x08, 0x00, 0x08, 0x18, 0x06, 0x00, 0x01, 0x00, 0xc0, 0x20, 0x01, 0x8c, 0x00, 0x14, 0x20,
  0x00, 0x40, 0x04, 0x00, 0x38, 0x00, 0x00, 0x00, 0x00, 0x01, 0x00, 0xc0, 0xcc, 0x00, 0x00, 0x00,
  0x00, 0x00, 0x00, 0x09, 0x08, 0x00, 0x00, 0x00, 0x00, 0x04, 0x00, 0xe0, 0x78, 0x00, 0x00, 0x00,
  0x00, 0x00, 0x00, 0x00, 0x80, 0x64, 0xf0, 0xfe, 0x30, 0x40, 0x01, 0xe0, 0x78, 0x00, 0x40, 0x00,
  0x00, 0x00, 0x00, 0x07, 0xc0, 0x20, 0xf9, 0xfa, 0x30, 0xe0, 0x15, 0xb0, 0x38, 0x01, 0x00, 0x00,
  0x00, 0x00, 0x00, 0x0f, 0x70, 0x01, 0x8c, 0x30, 0x70, 0x60, 0x02, 0xb0, 0x18, 0x00, 0x00, 0x00,
  0x00, 0x00, 0x00, 0x0c, 0x60, 0x00, 0xdc, 0x10, 0x22, 0xc0, 0x4f, 0xf4, 0x30, 0x00, 0x00, 0x00,
  0x00, 0x00, 0x00, 0x04, 0xe0, 0x21, 0xb8, 0x30, 0x3f, 0xe2, 0x07, 0xf8, 0x30, 0x00, 0x01, 0x00,
  0x00, 0x00, 0x00, 0x0e, 0xe8, 0x60, 0xf0, 0x30, 0x7a, 0xcf, 0xca, 0x18, 0x30, 0x00, 0x00, 0x00,
  0x00, 0x00, 0x00, 0x0f, 0xfc, 0x71, 0xe8, 0x30, 0x60, 0x67, 0xe6, 0x98, 0x22, 0x00, 0x01, 0x20,
  0x00, 0x00, 0x00, 0x07, 0x4c, 0x21, 0xbc, 0x30, 0x20, 0xcc, 0x60, 0x0c, 0x60, 0x08, 0x08, 0x00,
  0x00, 0x00, 0x04, 0x0e, 0x06, 0x71, 0x9c, 0x10, 0x70, 0x66, 0x70, 0x08, 0x60, 0x00, 0x01, 0x00,
  0x00, 0x40, 0x00, 0x0c, 0x86, 0x61, 0x47, 0x38, 0x60, 0xcc, 0x30, 0x00, 0xa0, 0x00, 0x00, 0x00,
  0x00, 0x00, 0x00, 0x06, 0x0c, 0x20, 0x00, 0x30, 0x40, 0x16, 0xf2, 0x00, 0xc8, 0x00, 0x00, 0x00,
  0x01, 0x00, 0x00, 0x0e, 0x0e, 0x70, 0x00, 0x30, 0x00, 0x0c, 0x60, 0x80, 0xc0, 0x04, 0x00, 0x00,
  0x00, 0x02, 0x10, 0x04, 0x18, 0x20, 0x00, 0x38, 0x00, 0x0e, 0xe2, 0x00, 0xc0, 0x00, 0x80, 0x00,
  0x01, 0x00, 0x00, 0x06, 0x38, 0x60, 0x00, 0x10, 0x00, 0x0b, 0xa0, 0x00, 0x84, 0x00, 0x00, 0x00,
  0x00, 0x00, 0x00, 0x06, 0x70, 0x00, 0x00, 0x00, 0x00, 0x0f, 0x80, 0x00, 0x00, 0x10, 0x00, 0x00,
  0x00, 0x00, 0x00, 0x06, 0xe0, 0x08, 0x40, 0x00, 0x00, 0x05, 0x20, 0x00, 0x10, 0x40, 0x00, 0x00,
  0x00, 0x02, 0x00, 0x0f, 0xc0, 0x00, 0x00, 0x00, 0x00, 0x20, 0x01, 0x00, 0x00, 0x00, 0x00, 0x00,
  0x00, 0x00, 0x10, 0x07, 0x10, 0x00, 0x00, 0x00, 0x00, 0x00, 0x00, 0x40, 0x00, 0x00, 0x00, 0x00,
  0x00, 0x00, 0x00, 0x00, 0x00, 0x04, 0x60, 0x10, 0x00, 0x00, 0x01, 0x02, 0x10, 0x80, 0x00, 0x00,
  0x00, 0x01, 0x00, 0x00, 0x40, 0x00, 0x40, 0x10, 0x00, 0x00, 0x00, 0x10, 0x80, 0x00, 0x01, 0x00,
  0x00, 0x40, 0x00, 0x08, 0x00, 0x00, 0x00, 0x00, 0x00, 0x00, 0x00, 0x00, 0x00, 0x80, 0x00, 0x00,
  0x00, 0x04, 0x00, 0x50, 0x00, 0x06, 0x00, 0x06, 0x00, 0x08, 0x02, 0x80, 0x20, 0x00, 0x04, 0x00,
  0x10, 0x00, 0x80, 0x00, 0x22, 0x03, 0x80, 0x0e, 0x00, 0x00, 0x40, 0x00, 0x84, 0x00, 0x00, 0x04,
  0x00, 0x04, 0x00, 0xa0, 0x48, 0x01, 0xc0, 0x78, 0x00, 0x00, 0x00, 0x00, 0x00, 0x08, 0x12, 0x00,
  0x08, 0x00, 0x00, 0x04, 0x00, 0x00, 0xbf, 0xe8, 0x00, 0x00, 0x00, 0x40, 0x00, 0x00, 0x00, 0x00,
  0x00, 0x09, 0x00, 0x80, 0x42, 0x00, 0x3f, 0xa0, 0x00, 0x00, 0x00, 0x04, 0x00, 0x00, 0x00, 0x00,
  0x00, 0x00, 0x00, 0x04, 0x20, 0x00, 0x00, 0x00, 0x00, 0x00, 0x00, 0x00, 0x50, 0x20, 0x00, 0x08
};

const uint8_t PROGMEM frame105[1024] = {
  0x00, 0x00, 0x00, 0x00, 0x00, 0x00, 0x00, 0x00, 0x00, 0x00, 0x00, 0x00, 0x00, 0x00, 0x00, 0x00,
  0x01, 0x00, 0x00, 0x00, 0x00, 0x00, 0x80, 0x00, 0x00, 0x18, 0x00, 0x00, 0x00, 0x00, 0x00, 0x00,
  0x00, 0x00, 0x00, 0x00, 0x00, 0x00, 0x20, 0x00, 0x00, 0x18, 0x00, 0x00, 0x00, 0x00, 0x00, 0x00,
  0x00, 0x00, 0x00, 0x00, 0x00, 0x00, 0x00, 0x00, 0x10, 0x38, 0x00, 0x00, 0x00, 0x00, 0x00, 0x00,
  0x00, 0x08, 0x00, 0x00, 0x00, 0x00, 0x00, 0x00, 0x18, 0x30, 0x00, 0x00, 0x00, 0x00, 0x01, 0x00,
  0x00, 0x00, 0x00, 0x00, 0x00, 0x00, 0x10, 0x00, 0x0c, 0x00, 0x00, 0x00, 0x00, 0x00, 0x00, 0x00,
  0x00, 0x00, 0x00, 0x00, 0x00, 0x00, 0x24, 0x00, 0x00, 0x00, 0x00, 0x00, 0x02, 0x41, 0x00, 0x00,
  0x02, 0x00, 0x80, 0x00, 0x40, 0x10, 0x00, 0x00, 0x01, 0xe0, 0x10, 0x01, 0x00, 0x08, 0x00, 0x00,
  0x00, 0x00, 0x00, 0x00, 0x14, 0x00, 0x00, 0x00, 0x03, 0xf9, 0xf0, 0x04, 0x00, 0x00, 0x00, 0x00,
  0x00, 0x00, 0x40, 0x00, 0x00, 0x00, 0x00, 0x00, 0x07, 0xf1, 0xf0, 0x00, 0x02, 0x00, 0x02, 0x00,
  0x00, 0x02, 0x00, 0x00, 0x00, 0x10, 0x00, 0x00, 0x07, 0xf8, 0x00, 0x00, 0x00, 0x20, 0x00, 0x00,
  0x00, 0x00, 0x00, 0x00, 0x05, 0x05, 0x48, 0x01, 0xe7, 0xf8, 0x00, 0x00, 0x00, 0x08, 0x0a, 0x00,
  0x00, 0x00, 0x00, 0x00, 0x00, 0x00, 0x00, 0x03, 0xa3, 0xf0, 0x00, 0x00, 0x40, 0x00, 0x00, 0x08,
  0x00, 0x00, 0x00, 0x00, 0x00, 0x00, 0x00, 0x00, 0x01, 0xa2, 0x08, 0x00, 0x00, 0x20, 0x00, 0x10,
  0x10, 0x00, 0x00, 0x00, 0x00, 0x00, 0x00, 0x00, 0x00, 0x03, 0x00, 0x00, 0x00, 0x00, 0x00, 0x00,
  0x02, 0x02, 0x00, 0x00, 0x00, 0x00, 0x00, 0x00, 0x02, 0x03, 0xc0, 0x00, 0x20, 0x00, 0x00, 0x10,
  0x00, 0x00, 0x80, 0x02, 0xa2, 0x00, 0x00, 0x00, 0x07, 0x00, 0xc0, 0x20, 0x40, 0x44, 0x00, 0x00,
  0x02, 0x12, 0x00, 0x10, 0x00, 0x48, 0x00, 0x00, 0x06, 0x00, 0x23, 0x00, 0x04, 0x00, 0x08, 0x00,
  0x00, 0x00, 0x02, 0x00, 0x04, 0x04, 0x00, 0x00, 0x0e, 0x0a, 0x11, 0x02, 0x80, 0x80, 0x00, 0x00,
  0x00, 0x00, 0x00, 0x00, 0x08, 0x06, 0x02, 0x00, 0x00, 0x21, 0xc3, 0x00, 0x02, 0x00, 0x00, 0x01,
  0x00, 0x00, 0x00, 0x00, 0x1c, 0x02, 0x00, 0x00, 0x00, 0x01, 0xc7, 0x08, 0x08, 0x00, 0x81, 0x00,
  0x00, 0x00, 0x00, 0x00, 0x09, 0x06, 0x05, 0x03, 0xf0, 0x00, 0x66, 0x00, 0x00, 0x00, 0x00, 0x00,
  0x00, 0x00, 0x01, 0x02, 0x0c, 0x06, 0x07, 0x02, 0xd8, 0x00, 0x76, 0x20, 0x00, 0x00, 0x00, 0x00,
  0x00, 0x00, 0x00, 0x00, 0x08, 0x0c, 0x8f, 0x26, 0x18, 0x00, 0x3c, 0x04, 0x00, 0x00, 0x00, 0x00,
  0x04, 0x08, 0x00, 0x80, 0x0c, 0x06, 0x0f, 0x02, 0x0c, 0x29, 0x1e, 0x21, 0x00, 0x00, 0x20, 0x00,
  0x00, 0x00, 0x00, 0x00, 0x4c, 0xfe, 0x0d, 0x07, 0x18, 0xfc, 0x0c, 0x00, 0x00, 0x00, 0x00, 0x08,
  0x00, 0x00, 0x00, 0x01, 0x0f, 0xfe, 0x1b, 0x82, 0x38, 0xde, 0x9c, 0x08, 0x00, 0x00, 0x08, 0x02,
  0x00, 0x00, 0x00, 0x00, 0x0f, 0x04, 0x7f, 0x83, 0xd0, 0xc6, 0x08, 0x04, 0x02, 0x00, 0x04, 0x00,
  0x00, 0x00, 0x00, 0x21, 0x0c, 0x06, 0x3a, 0xc3, 0xe0, 0xc3, 0x1c, 0x18, 0x13, 0x00, 0x00, 0x10,
  0x00, 0x08, 0x20, 0x02, 0x08, 0x06, 0x11, 0x83, 0x00, 0xee, 0x18, 0x1c, 0x82, 0x00, 0x00, 0x00,
  0x00, 0x00, 0x00, 0x00, 0x2c, 0x16, 0x00, 0xc1, 0x80, 0x7c, 0x39, 0x0e, 0x06, 0x80, 0x00, 0x00,
  0x00, 0x40, 0x00, 0x00, 0x18, 0x04, 0x20, 0xc3, 0x00, 0xe8, 0x34, 0x06, 0x16, 0x00, 0x00, 0x00,
  0x00, 0x00, 0x00, 0x00, 0x0c, 0x06, 0x00, 0x01, 0x00, 0x60, 0x70, 0x03, 0x0d, 0x80, 0x00, 0x00,
  0x02, 0x88, 0x00, 0x00, 0x18, 0x06, 0x00, 0x03, 0x80, 0xc0, 0xa0, 0x03, 0x86, 0x00, 0x00, 0x00,
  0x00, 0x00, 0x02, 0x00, 0x18, 0x06, 0x00, 0x00, 0x00, 0xe0, 0x20, 0x01, 0x8c, 0x00, 0x08, 0x20,
  0x00, 0x40, 0x00, 0x09, 0x14, 0x00, 0x00, 0x00, 0x00, 0x02, 0x00, 0x40, 0xcc, 0x00, 0x00, 0x00,
  0x00, 0x00, 0x04, 0x00, 0x10, 0x00, 0x00, 0x00, 0x10, 0x00, 0x00, 0xe0, 0x78, 0x00, 0x00, 0x00,
  0x00, 0x00, 0x00, 0x05, 0x40, 0x52, 0x70, 0xfe, 0x60, 0xc2, 0x09, 0xe0, 0x78, 0x00, 0x02, 0x00,
  0x00, 0x00, 0x00, 0x17, 0xc0, 0x40, 0xf9, 0xfa, 0x30, 0x60, 0x01, 0xf0, 0x38, 0x00, 0x00, 0x00,
  0x00, 0x00, 0x00, 0x0d, 0xe0, 0x01, 0x9c, 0x20, 0x30, 0xc0, 0x02, 0xb0, 0x18, 0x02, 0x00, 0x00,
  0x00, 0x00, 0x00, 0x04, 0x60, 0x00, 0xc8, 0x30, 0x60, 0xe0, 0x4f, 0xf4, 0x30, 0x00, 0x00, 0x00,
  0x00, 0x00, 0x00, 0x0c, 0x60, 0x01, 0xdc, 0x30, 0x3f, 0xc2, 0x07, 0xd8, 0x30, 0x00, 0x01, 0x00,
  0x00, 0x00, 0x00, 0x06, 0xf0, 0x70, 0xf0, 0x30, 0x7e, 0xeb, 0xca, 0x38, 0x30, 0x00, 0x00, 0x00,
  0x00, 0x00, 0x00, 0x0f, 0xfc, 0x61, 0xf0, 0x10, 0x60, 0x4f, 0xe6, 0x88, 0x20, 0x00, 0x09, 0x20,
  0x00, 0x00, 0x00, 0x07, 0x8e, 0x31, 0xbc, 0x30, 0x20, 0x64, 0x60, 0x1c, 0x60, 0x08, 0x00, 0x00,
  0x00, 0x00, 0x00, 0x0e, 0x04, 0x61, 0x8e, 0x30, 0x60, 0xce, 0x70, 0x08, 0x60, 0x00, 0x01, 0x00,
  0x00, 0x00, 0x00, 0x0e, 0x86, 0x61, 0x26, 0x38, 0x60, 0x6c, 0x60, 0x00, 0xa0, 0x80, 0x00, 0x00,
  0x00, 0x00, 0x00, 0x04, 0x0e, 0x30, 0x00, 0x30, 0x60, 0x06, 0x74, 0x80, 0xc8, 0x00, 0x00, 0x00,
  0x00, 0x10, 0x00, 0x0e, 0x0c, 0x60, 0x00, 0x30, 0x00, 0x1d, 0x60, 0x00, 0x60, 0x00, 0x00, 0x00,
  0x00, 0x80, 0x08, 0x06, 0x1c, 0x30, 0x04, 0x38, 0x00, 0x06, 0x62, 0x00, 0xc0, 0x02, 0x00, 0x00,
  0x00, 0x01, 0x00, 0x06, 0x38, 0x60, 0x00, 0x10, 0x00, 0x0d, 0xd0, 0x00, 0x80, 0x00, 0x00, 0x00,
  0x00, 0x00, 0x00, 0x06, 0x70, 0x00, 0x00, 0x00, 0x00, 0x0f, 0x84, 0x00, 0x00, 0x00, 0x00, 0x00,
  0x00, 0x00, 0x00, 0x06, 0xe8, 0x00, 0x40, 0x00, 0x00, 0x05, 0x20, 0x00, 0x10, 0x00, 0x00, 0x00,
  0x00, 0x00, 0x00, 0x0f, 0x80, 0x00, 0x00, 0x00, 0x00, 0x00, 0x40, 0x00, 0x00, 0x40, 0x00, 0x00,
  0x00, 0x00, 0x10, 0x07, 0x50, 0x00, 0x00, 0x00, 0x00, 0x00, 0x01, 0x00, 0x00, 0x00, 0x00, 0x20,
  0x00, 0x00, 0x00, 0x00, 0x00, 0x04, 0x60, 0x10, 0x00, 0x00, 0x00, 0x01, 0x00, 0x40, 0x00, 0x00,
  0x00, 0x00, 0x00, 0x00, 0x00, 0x00, 0x40, 0x28, 0x00, 0x20, 0x00, 0x50, 0x11, 0x00, 0x01, 0x00,
  0x00, 0x01, 0x00, 0x00, 0x20, 0x00, 0x00, 0x00, 0x00, 0x00, 0x00, 0x00, 0x00, 0x00, 0x00, 0x00,
  0x00, 0x24, 0x00, 0x30, 0x00, 0x06, 0x00, 0x06, 0x00, 0x00, 0x00, 0x80, 0x80, 0x00, 0x04, 0x00,
  0x10, 0x00, 0x00, 0x00, 0x20, 0x03, 0x80, 0x0c, 0x00, 0x00, 0x00, 0x00, 0x04, 0x10, 0x00, 0x00,
  0x00, 0x00, 0x00, 0x90, 0x41, 0x01, 0xc0, 0x5c, 0x00, 0x00, 0x40, 0x00, 0x00, 0x00, 0x00, 0x04,
  0x00, 0x80, 0x00, 0x40, 0x04, 0x00, 0xff, 0xf0, 0x00, 0x00, 0x00, 0x40, 0x00, 0x00, 0x00, 0x00,
  0x08, 0x04, 0x00, 0x00, 0x00, 0x00, 0x1f, 0xa0, 0x00, 0x00, 0x00, 0x00, 0x88, 0x00, 0x10, 0x00,
  0x00, 0x00, 0x80, 0x44, 0x51, 0x00, 0x00, 0x00, 0x00, 0x00, 0x00, 0x08, 0x20, 0x00, 0x00, 0x00
};

const uint8_t PROGMEM frame106[1024] = {
  0x00, 0x00, 0x00, 0x00, 0x00, 0x00, 0x00, 0x00, 0x00, 0x00, 0x00, 0x00, 0x00, 0x00, 0x00, 0x00,
  0x01, 0x00, 0x00, 0x00, 0x00, 0x00, 0x80, 0x00, 0x00, 0x18, 0x00, 0x00, 0x00, 0x00, 0x00, 0x00,
  0x00, 0x00, 0x00, 0x00, 0x00, 0x00, 0x20, 0x00, 0x00, 0x18, 0x00, 0x00, 0x00, 0x00, 0x00, 0x00,
  0x00, 0x00, 0x00, 0x00, 0x00, 0x00, 0x00, 0x00, 0x10, 0x38, 0x00, 0x00, 0x00, 0x00, 0x00, 0x00,
  0x00, 0x08, 0x00, 0x00, 0x00, 0x00, 0x00, 0x00, 0x18, 0x30, 0x00, 0x00, 0x00, 0x00, 0x01, 0x00,
  0x00, 0x00, 0x00, 0x00, 0x00, 0x00, 0x10, 0x00, 0x0c, 0x00, 0x00, 0x00, 0x00, 0x00, 0x00, 0x00,
  0x00, 0x00, 0x00, 0x00, 0x00, 0x00, 0x24, 0x00, 0x00, 0x00, 0x00, 0x00, 0x02, 0x41, 0x00, 0x00,
  0x02, 0x00, 0x80, 0x00, 0x40, 0x10, 0x00, 0x00, 0x01, 0xe0, 0x10, 0x01, 0x00, 0x08, 0x00, 0x00,
  0x00, 0x00, 0x00, 0x00, 0x14, 0x00, 0x00, 0x00, 0x03, 0xf9, 0xf0, 0x04, 0x00, 0x00, 0x00, 0x00,
  0x00, 0x00, 0x40, 0x00, 0x00, 0x00, 0x00, 0x00, 0x07, 0xf1, 0xf0, 0x00, 0x02, 0x00, 0x02, 0x00,
  0x00, 0x02, 0x00, 0x00, 0x00, 0x10, 0x00, 0x00, 0x07, 0xf8, 0x00, 0x00, 0x00, 0x20, 0x00, 0x00,
  0x00, 0x00, 0x00, 0x00, 0x05, 0x05, 0x48, 0x01, 0xe7, 0xf8, 0x00, 0x00, 0x00, 0x08, 0x0a, 0x00,
  0x00, 0x00, 0x00, 0x00, 0x00, 0x00, 0x00, 0x03, 0xa3, 0xf0, 0x00, 0x00, 0x40, 0x00, 0x00, 0x08,
  0x00, 0x00, 0x00, 0x00, 0x00, 0x00, 0x00, 0x00, 0x01, 0xa2, 0x08, 0x00, 0x00, 0x20, 0x00, 0x10,
  0x10, 0x00, 0x00, 0x00, 0x00, 0x00, 0x00, 0x00, 0x00, 0x03, 0x00, 0x00, 0x00, 0x00, 0x00, 0x00,
  0x02, 0x02, 0x00, 0x00, 0x00, 0x00, 0x00, 0x00, 0x02, 0x03, 0xc0, 0x00, 0x20, 0x00, 0x00, 0x10,
  0x00, 0x00, 0x80, 0x02, 0xa2, 0x00, 0x00, 0x00, 0x07, 0x00, 0xc1, 0x00, 0x40, 0x44, 0x00, 0x00,
  0x02, 0x12, 0x00, 0x10, 0x00, 0x48, 0x00, 0x00, 0x06, 0x00, 0x23, 0x10, 0x04, 0x00, 0x08, 0x00,
  0x00, 0x00, 0x02, 0x00, 0x04, 0x06, 0x00, 0x00, 0x0e, 0x0b, 0x12, 0x02, 0x80, 0x80, 0x00, 0x00,
  0x00, 0x00, 0x00, 0x00, 0x0c, 0x02, 0x02, 0x00, 0x00, 0x21, 0x87, 0x00, 0x02, 0x00, 0x00, 0x01,
  0x00, 0x00, 0x00, 0x00, 0x1c, 0x06, 0x00, 0x01, 0x40, 0x01, 0xca, 0x00, 0x08, 0x00, 0x81, 0x00,
  0x00, 0x00, 0x00, 0x00, 0x0d, 0x06, 0x00, 0x07, 0xf0, 0x00, 0x66, 0x00, 0x00, 0x00, 0x00, 0x00,
  0x00, 0x00, 0x01, 0x02, 0x0c, 0x03, 0x0f, 0x04, 0x38, 0x00, 0x7c, 0x28, 0x00, 0x00, 0x00, 0x00,
  0x00, 0x00, 0x00, 0x00, 0x0c, 0x06, 0x0e, 0x26, 0x18, 0x00, 0x3c, 0x02, 0x00, 0x00, 0x00, 0x00,
  0x04, 0x08, 0x00, 0x80, 0x0c, 0x1e, 0x0f, 0x04, 0x18, 0x3c, 0x9c, 0x20, 0x80, 0x00, 0x20, 0x00,
  0x00, 0x00, 0x00, 0x00, 0x4d, 0xfe, 0x1f, 0x06, 0x18, 0x7e, 0x18, 0x00, 0x00, 0x00, 0x00, 0x08,
  0x00, 0x00, 0x00, 0x01, 0x0f, 0xd7, 0x19, 0x03, 0x70, 0xe6, 0x98, 0x08, 0x00, 0x00, 0x08, 0x02,
  0x00, 0x00, 0x00, 0x00, 0x0e, 0x04, 0x7f, 0x87, 0xe0, 0x43, 0x18, 0x14, 0x03, 0x00, 0x04, 0x00,
  0x00, 0x00, 0x00, 0x21, 0x0c, 0x07, 0x7f, 0x83, 0x40, 0xe6, 0x19, 0x1c, 0x03, 0x00, 0x00, 0x10,
  0x00, 0x08, 0x20, 0x02, 0x0c, 0x06, 0x21, 0x83, 0x00, 0x6f, 0x30, 0x0d, 0x12, 0x00, 0x00, 0x00,
  0x00, 0x00, 0x00, 0x00, 0x0c, 0x12, 0x10, 0xc3, 0x00, 0x7a, 0x34, 0x06, 0x06, 0x80, 0x00, 0x00,
  0x00, 0x40, 0x00, 0x00, 0x1c, 0x06, 0x01, 0x83, 0x00, 0x68, 0x30, 0x07, 0x06, 0x00, 0x00, 0x00,
  0x00, 0x00, 0x00, 0x00, 0x0c, 0x06, 0x00, 0x83, 0x00, 0x60, 0x64, 0x03, 0x16, 0x80, 0x00, 0x00,
  0x02, 0x88, 0x00, 0x00, 0x08, 0x02, 0x00, 0x01, 0x00, 0xc0, 0xb0, 0x01, 0x8c, 0x40, 0x00, 0x00,
  0x00, 0x00, 0x02, 0x00, 0x1c, 0x06, 0x00, 0x00, 0x00, 0x60, 0x00, 0x20, 0xca, 0x00, 0x08, 0x20,
  0x00, 0x40, 0x00, 0x09, 0x08, 0x00, 0x00, 0x00, 0x00, 0x01, 0x00, 0xc0, 0xec, 0x00, 0x00, 0x00,
  0x00, 0x00, 0x04, 0x00, 0x10, 0x00, 0x00, 0x14, 0x60, 0x02, 0x00, 0xe0, 0x7c, 0x00, 0x00, 0x00,
  0x00, 0x00, 0x00, 0x09, 0x00, 0x70, 0x71, 0xff, 0x20, 0xc0, 0x00, 0xf0, 0x38, 0x00, 0x02, 0x00,
  0x00, 0x00, 0x00, 0x07, 0xc0, 0x01, 0xfc, 0x78, 0x70, 0xc0, 0x09, 0xb0, 0x18, 0x00, 0x00, 0x00,
  0x00, 0x00, 0x00, 0x1f, 0x60, 0x00, 0x98, 0x10, 0x60, 0xc1, 0x03, 0xf0, 0x18, 0x00, 0x00, 0x00,
  0x00, 0x00, 0x00, 0x08, 0xc0, 0x00, 0xcc, 0x38, 0x37, 0xe0, 0x27, 0xfa, 0x30, 0x00, 0x00, 0x00,
  0x00, 0x00, 0x00, 0x1c, 0x60, 0x20, 0xfc, 0x10, 0x7d, 0xc5, 0x07, 0x38, 0x18, 0x00, 0x01, 0x00,
  0x00, 0x00, 0x00, 0x0d, 0xc0, 0x70, 0xf0, 0x38, 0x64, 0xcf, 0xc2, 0x18, 0x30, 0x00, 0x40, 0x00,
  0x00, 0x00, 0x00, 0x0f, 0xf8, 0x21, 0xf4, 0x10, 0x60, 0xac, 0xea, 0x8c, 0x30, 0x00, 0x05, 0x20,
  0x00, 0x00, 0x00, 0x0f, 0x5c, 0x31, 0x5c, 0x38, 0x60, 0xc6, 0x60, 0x0c, 0x60, 0x00, 0x00, 0x00,
  0x00, 0x00, 0x00, 0x0c, 0x0c, 0x31, 0x9e, 0x10, 0x60, 0xcc, 0x60, 0x08, 0x40, 0x08, 0x00, 0x00,
  0x00, 0x00, 0x00, 0x0c, 0x8c, 0x30, 0xc3, 0x38, 0x60, 0x8e, 0x30, 0x00, 0x60, 0x00, 0x00, 0x00,
  0x00, 0x00, 0x00, 0x0c, 0x0c, 0x70, 0x00, 0x10, 0xa0, 0x15, 0x72, 0x00, 0xd0, 0x00, 0x00, 0x00,
  0x00, 0x10, 0x00, 0x0c, 0x1c, 0x30, 0x00, 0x38, 0x00, 0x0c, 0xe0, 0x80, 0x40, 0x00, 0x00, 0x00,
  0x00, 0x80, 0x08, 0x0c, 0x18, 0x20, 0x04, 0x10, 0x00, 0x0d, 0xc2, 0x00, 0xc4, 0x02, 0x00, 0x00,
  0x00, 0x01, 0x00, 0x0c, 0x38, 0x00, 0x00, 0x00, 0x00, 0x0f, 0xa8, 0x00, 0x80, 0x00, 0x00, 0x00,
  0x00, 0x00, 0x00, 0x0c, 0x70, 0x00, 0x00, 0x00, 0x00, 0x06, 0x80, 0x00, 0x00, 0x00, 0x00, 0x00,
  0x00, 0x00, 0x00, 0x0e, 0xe0, 0x08, 0x00, 0x00, 0x00, 0x02, 0x00, 0x00, 0x00, 0x00, 0x00, 0x00,
  0x00, 0x00, 0x00, 0x0f, 0xc8, 0x00, 0x20, 0x00, 0x00, 0x00, 0x00, 0x00, 0x04, 0x40, 0x00, 0x00,
  0x00, 0x00, 0x10, 0x07, 0x00, 0x00, 0x00, 0x00, 0x00, 0x00, 0x41, 0x00, 0x00, 0x00, 0x00, 0x20,
  0x00, 0x00, 0x00, 0x04, 0x08, 0x04, 0x40, 0x10, 0x00, 0x00, 0x00, 0x00, 0x10, 0x00, 0x00, 0x80,
  0x00, 0x00, 0x00, 0x00, 0x40, 0x00, 0x60, 0x10, 0x00, 0x08, 0x00, 0x50, 0x80, 0xa0, 0x01, 0x00,
  0x00, 0x01, 0x00, 0x10, 0x00, 0x00, 0x00, 0x00, 0x00, 0x20, 0x02, 0x00, 0x00, 0x00, 0x00, 0x00,
  0x00, 0x24, 0x00, 0x20, 0x00, 0x07, 0x00, 0x06, 0x00, 0x00, 0x00, 0x00, 0x80, 0x00, 0x00, 0x00,
  0x10, 0x00, 0x00, 0x00, 0x20, 0x03, 0x00, 0x0e, 0x00, 0x00, 0x00, 0x10, 0x04, 0x00, 0x02, 0x00,
  0x00, 0x00, 0x00, 0x90, 0x40, 0x81, 0xc0, 0x7c, 0x00, 0x00, 0x00, 0x40, 0x00, 0x00, 0x00, 0x02,
  0x00, 0x80, 0x00, 0x40, 0x04, 0x00, 0xff, 0xe8, 0x00, 0x00, 0x00, 0x00, 0x00, 0x00, 0x00, 0x00,
  0x08, 0x04, 0x00, 0x00, 0x00, 0x00, 0x1f, 0xa0, 0x00, 0x00, 0x00, 0x00, 0x08, 0x00, 0x20, 0x00,
  0x00, 0x00, 0x80, 0x84, 0x52, 0x00, 0x00, 0x00, 0x00, 0x00, 0x00, 0x01, 0x40, 0x20, 0x00, 0x00
};

const uint8_t PROGMEM frame107[1024] = {
  0x00, 0x00, 0x00, 0x00, 0x00, 0x00, 0x00, 0x00, 0x00, 0x00, 0x00, 0x00, 0x00, 0x00, 0x00, 0x00,
  0x01, 0x00, 0x00, 0x00, 0x00, 0x00, 0x80, 0x00, 0x00, 0x18, 0x00, 0x00, 0x00, 0x00, 0x00, 0x00,
  0x00, 0x00, 0x00, 0x00, 0x00, 0x00, 0x20, 0x00, 0x00, 0x18, 0x00, 0x00, 0x00, 0x00, 0x00, 0x00,
  0x00, 0x00, 0x00, 0x00, 0x00, 0x00, 0x00, 0x00, 0x10, 0x38, 0x00, 0x00, 0x00, 0x00, 0x00, 0x00,
  0x00, 0x08, 0x00, 0x00, 0x00, 0x00, 0x00, 0x00, 0x18, 0x30, 0x00, 0x00, 0x00, 0x00, 0x01, 0x00,
  0x00, 0x00, 0x00, 0x00, 0x00, 0x00, 0x10, 0x00, 0x0c, 0x00, 0x00, 0x00, 0x00, 0x00, 0x00, 0x00,
  0x00, 0x00, 0x00, 0x00, 0x00, 0x00, 0x24, 0x00, 0x00, 0x00, 0x00, 0x00, 0x02, 0x41, 0x00, 0x00,
  0x02, 0x00, 0x80, 0x00, 0x40, 0x10, 0x00, 0x00, 0x01, 0xe0, 0x10, 0x01, 0x00, 0x08, 0x00, 0x00,
  0x00, 0x00, 0x00, 0x00, 0x14, 0x00, 0x00, 0x00, 0x03, 0xf9, 0xf0, 0x04, 0x00, 0x00, 0x00, 0x00,
  0x00, 0x00, 0x40, 0x00, 0x00, 0x00, 0x00, 0x00, 0x07, 0xf1, 0xf0, 0x00, 0x02, 0x00, 0x02, 0x00,
  0x00, 0x02, 0x00, 0x00, 0x00, 0x10, 0x00, 0x00, 0x07, 0xf8, 0x00, 0x00, 0x00, 0x20, 0x00, 0x00,
  0x00, 0x00, 0x00, 0x00, 0x05, 0x05, 0x48, 0x01, 0xe7, 0xf8, 0x00, 0x00, 0x00, 0x08, 0x0a, 0x00,
  0x00, 0x00, 0x00, 0x00, 0x00, 0x00, 0x00, 0x03, 0xa3, 0xf0, 0x00, 0x00, 0x40, 0x00, 0x00, 0x08,
  0x00, 0x00, 0x00, 0x00, 0x00, 0x00, 0x00, 0x00, 0x01, 0xa2, 0x08, 0x00, 0x00, 0x20, 0x00, 0x10,
  0x10, 0x00, 0x00, 0x00, 0x00, 0x00, 0x00, 0x00, 0x00, 0x03, 0x00, 0x00, 0x00, 0x00, 0x00, 0x00,
  0x02, 0x02, 0x00, 0x00, 0x00, 0x00, 0x00, 0x00, 0x02, 0x03, 0xc0, 0x00, 0x20, 0x00, 0x00, 0x10,
  0x00, 0x00, 0x80, 0x02, 0xa2, 0x00, 0x00, 0x00, 0x07, 0x00, 0xc1, 0x00, 0x40, 0x44, 0x00, 0x00,
  0x02, 0x12, 0x00, 0x10, 0x00, 0x48, 0x00, 0x00, 0x06, 0x00, 0x23, 0x10, 0x04, 0x00, 0x08, 0x00,
  0x00, 0x00, 0x02, 0x00, 0x04, 0x06, 0x00, 0x00, 0x0e, 0x0b, 0x12, 0x02, 0x80, 0x80, 0x00, 0x00,
  0x00, 0x00, 0x00, 0x00, 0x0c, 0x02, 0x02, 0x00, 0x00, 0x21, 0x87, 0x00, 0x02, 0x00, 0x00, 0x01,
  0x00, 0x00, 0x00, 0x00, 0x1c, 0x06, 0x00, 0x01, 0x40, 0x01, 0xca, 0x00, 0x08, 0x00, 0x81, 0x00,
  0x00, 0x00, 0x00, 0x00, 0x0d, 0x06, 0x00, 0x07, 0xf0, 0x00, 0x66, 0x00, 0x00, 0x00, 0x00, 0x00,
  0x00, 0x00, 0x01, 0x02, 0x0c, 0x03, 0x0f, 0x04, 0x38, 0x00, 0x7c, 0x28, 0x00, 0x00, 0x00, 0x00,
  0x00, 0x00, 0x00, 0x00, 0x0c, 0x06, 0x0e, 0x26, 0x18, 0x00, 0x3c, 0x02, 0x00, 0x00, 0x00, 0x00,
  0x04, 0x08, 0x00, 0x80, 0x0c, 0x1e, 0x0f, 0x04, 0x18, 0x3c, 0x9c, 0x20, 0x80, 0x00, 0x20, 0x00,
  0x00, 0x00, 0x00, 0x00, 0x4d, 0xfe, 0x1f, 0x06, 0x18, 0x7e, 0x18, 0x00, 0x00, 0x00, 0x00, 0x08,
  0x00, 0x00, 0x00, 0x01, 0x0f, 0xd7, 0x19, 0x03, 0x70, 0xe6, 0x98, 0x08, 0x00, 0x00, 0x08, 0x02,
  0x00, 0x00, 0x00, 0x00, 0x0e, 0x04, 0x7f, 0x87, 0xe0, 0x43, 0x18, 0x14, 0x03, 0x00, 0x04, 0x00,
  0x00, 0x00, 0x00, 0x21, 0x0c, 0x07, 0x7f, 0x83, 0x40, 0xe6, 0x19, 0x1c, 0x03, 0x00, 0x00, 0x10,
  0x00, 0x08, 0x20, 0x02, 0x0c, 0x06, 0x21, 0x83, 0x00, 0x6f, 0x30, 0x0d, 0x12, 0x00, 0x00, 0x00,
  0x00, 0x00, 0x00, 0x00, 0x0c, 0x12, 0x10, 0xc3, 0x00, 0x7a, 0x34, 0x06, 0x06, 0x80, 0x00, 0x00,
  0x00, 0x40, 0x00, 0x00, 0x1c, 0x06, 0x01, 0x83, 0x00, 0x68, 0x30, 0x07, 0x06, 0x00, 0x00, 0x00,
  0x00, 0x00, 0x00, 0x00, 0x0c, 0x06, 0x00, 0x83, 0x00, 0x60, 0x64, 0x03, 0x16, 0x80, 0x00, 0x00,
  0x02, 0x88, 0x00, 0x00, 0x08, 0x02, 0x00, 0x01, 0x00, 0xc0, 0xb0, 0x01, 0x8c, 0x40, 0x00, 0x00,
  0x00, 0x00, 0x02, 0x00, 0x1c, 0x06, 0x00, 0x00, 0x00, 0x60, 0x00, 0x20, 0xca, 0x00, 0x08, 0x20,
  0x00, 0x40, 0x00, 0x09, 0x08, 0x00, 0x00, 0x00, 0x00, 0x01, 0x00, 0xc0, 0xec, 0x00, 0x00, 0x00,
  0x00, 0x00, 0x04, 0x00, 0x10, 0x00, 0x00, 0x14, 0x60, 0x02, 0x00, 0xe0, 0x7c, 0x00, 0x00, 0x00,
  0x00, 0x00, 0x00, 0x09, 0x00, 0x70, 0x71, 0xff, 0x20, 0xc0, 0x00, 0xf0, 0x38, 0x00, 0x02, 0x00,
  0x00, 0x00, 0x00, 0x07, 0xc0, 0x01, 0xfc, 0x78, 0x70, 0xc0, 0x09, 0xb0, 0x18, 0x00, 0x00, 0x00,
  0x00, 0x00, 0x00, 0x1f, 0x60, 0x00, 0x98, 0x10, 0x60, 0xc1, 0x03, 0xf0, 0x18, 0x00, 0x00, 0x00,
  0x00, 0x00, 0x00, 0x08, 0xc0, 0x00, 0xcc, 0x38, 0x37, 0xe0, 0x27, 0xfa, 0x30, 0x00, 0x00, 0x00,
  0x00, 0x00, 0x00, 0x1c, 0x60, 0x20, 0xfc, 0x10, 0x7d, 0xc5, 0x07, 0x38, 0x18, 0x00, 0x01, 0x00,
  0x00, 0x00, 0x00, 0x0d, 0xc0, 0x70, 0xf0, 0x38, 0x64, 0xcf, 0xc2, 0x18, 0x30, 0x00, 0x40, 0x00,
  0x00, 0x00, 0x00, 0x0f, 0xf8, 0x21, 0xf4, 0x10, 0x60, 0xac, 0xea, 0x8c, 0x30, 0x00, 0x05, 0x20,
  0x00, 0x00, 0x00, 0x0f, 0x5c, 0x31, 0x5c, 0x38, 0x60, 0xc6, 0x60, 0x0c, 0x60, 0x00, 0x00, 0x00,
  0x00, 0x00, 0x00, 0x0c, 0x0c, 0x31, 0x9e, 0x10, 0x60, 0xcc, 0x60, 0x08, 0x40, 0x08, 0x00, 0x00,
  0x00, 0x00, 0x00, 0x0c, 0x8c, 0x30, 0xc3, 0x38, 0x60, 0x8e, 0x30, 0x00, 0x60, 0x00, 0x00, 0x00,
  0x00, 0x00, 0x00, 0x0c, 0x0c, 0x70, 0x00, 0x10, 0xa0, 0x15, 0x72, 0x00, 0xd0, 0x00, 0x00, 0x00,
  0x00, 0x10, 0x00, 0x0c, 0x1c, 0x30, 0x00, 0x38, 0x00, 0x0c, 0xe0, 0x80, 0x40, 0x00, 0x00, 0x00,
  0x00, 0x80, 0x08, 0x0c, 0x18, 0x20, 0x04, 0x10, 0x00, 0x0d, 0xc2, 0x00, 0xc4, 0x02, 0x00, 0x00,
  0x00, 0x01, 0x00, 0x0c, 0x38, 0x00, 0x00, 0x00, 0x00, 0x0f, 0xa8, 0x00, 0x80, 0x00, 0x00, 0x00,
  0x00, 0x00, 0x00, 0x0c, 0x70, 0x00, 0x00, 0x00, 0x00, 0x06, 0x80, 0x00, 0x00, 0x00, 0x00, 0x00,
  0x00, 0x00, 0x00, 0x0e, 0xe0, 0x08, 0x00, 0x00, 0x00, 0x02, 0x00, 0x00, 0x00, 0x00, 0x00, 0x00,
  0x00, 0x00, 0x00, 0x0f, 0xc8, 0x00, 0x20, 0x00, 0x00, 0x00, 0x00, 0x00, 0x04, 0x40, 0x00, 0x00,
  0x00, 0x00, 0x10, 0x07, 0x00, 0x00, 0x00, 0x00, 0x00, 0x00, 0x41, 0x00, 0x00, 0x00, 0x00, 0x20,
  0x00, 0x00, 0x00, 0x04, 0x08, 0x04, 0x40, 0x10, 0x00, 0x00, 0x00, 0x00, 0x10, 0x00, 0x00, 0x80,
  0x00, 0x00, 0x00, 0x00, 0x40, 0x00, 0x60, 0x10, 0x00, 0x08, 0x00, 0x50, 0x80, 0xa0, 0x01, 0x00,
  0x00, 0x01, 0x00, 0x10, 0x00, 0x00, 0x00, 0x00, 0x00, 0x20, 0x02, 0x00, 0x00, 0x00, 0x00, 0x00,
  0x00, 0x24, 0x00, 0x20, 0x00, 0x07, 0x00, 0x06, 0x00, 0x00, 0x00, 0x00, 0x80, 0x00, 0x00, 0x00,
  0x10, 0x00, 0x00, 0x00, 0x20, 0x03, 0x00, 0x0e, 0x00, 0x00, 0x00, 0x10, 0x04, 0x00, 0x02, 0x00,
  0x00, 0x00, 0x00, 0x90, 0x40, 0x81, 0xc0, 0x7c, 0x00, 0x00, 0x00, 0x40, 0x00, 0x00, 0x00, 0x02,
  0x00, 0x80, 0x00, 0x40, 0x04, 0x00, 0xff, 0xe8, 0x00, 0x00, 0x00, 0x00, 0x00, 0x00, 0x00, 0x00,
  0x08, 0x04, 0x00, 0x00, 0x00, 0x00, 0x1f, 0xa0, 0x00, 0x00, 0x00, 0x00, 0x08, 0x00, 0x20, 0x00,
  0x00, 0x00, 0x80, 0x84, 0x52, 0x00, 0x00, 0x00, 0x00, 0x00, 0x00, 0x01, 0x40, 0x20, 0x00, 0x00
};

const uint8_t PROGMEM frame108[1024] = {
  0x00, 0x00, 0x00, 0x00, 0x00, 0x00, 0x00, 0x00, 0x00, 0x00, 0x00, 0x00, 0x00, 0x00, 0x00, 0x00,
  0x00, 0x80, 0x00, 0x00, 0x00, 0x00, 0x80, 0x00, 0x00, 0x18, 0x00, 0x00, 0x00, 0x00, 0x00, 0x00,
  0x00, 0x00, 0x00, 0x00, 0x00, 0x00, 0x20, 0x00, 0x00, 0x18, 0x00, 0x00, 0x00, 0x00, 0x00, 0x00,
  0x00, 0x00, 0x00, 0x00, 0x00, 0x00, 0x00, 0x00, 0x10, 0x38, 0x00, 0x00, 0x00, 0x00, 0x00, 0x00,
  0x00, 0x00, 0x00, 0x00, 0x00, 0x00, 0x00, 0x00, 0x18, 0x30, 0x00, 0x00, 0x00, 0x00, 0x09, 0x00,
  0x00, 0x04, 0x00, 0x00, 0x00, 0x00, 0x08, 0x00, 0x0c, 0x00, 0x00, 0x00, 0x00, 0x00, 0x00, 0x00,
  0x00, 0x00, 0x00, 0x00, 0x00, 0x00, 0x04, 0x00, 0x00, 0x00, 0x00, 0x00, 0x00, 0x40, 0x00, 0x00,
  0x02, 0x00, 0x40, 0x00, 0x20, 0x00, 0x00, 0x00, 0x01, 0xe0, 0x10, 0x00, 0x80, 0x00, 0x00, 0x00,
  0x00, 0x00, 0x00, 0x00, 0x02, 0x10, 0x00, 0x00, 0x03, 0xf9, 0xf0, 0x00, 0x02, 0x08, 0x00, 0x00,
  0x00, 0x00, 0x40, 0x00, 0x10, 0x00, 0x00, 0x00, 0x07, 0xf1, 0xf0, 0x00, 0x00, 0x00, 0x00, 0x00,
  0x00, 0x00, 0x00, 0x00, 0x00, 0x00, 0x00, 0x00, 0x07, 0xf8, 0x00, 0x00, 0x00, 0x00, 0x02, 0x00,
  0x00, 0x00, 0x00, 0x00, 0x04, 0x05, 0x48, 0x01, 0xe7, 0xf8, 0x00, 0x00, 0x00, 0x28, 0x08, 0x00,
  0x00, 0x00, 0x40, 0x00, 0x00, 0x40, 0x00, 0x03, 0xa3, 0xf0, 0x00, 0x00, 0x20, 0x00, 0x01, 0x08,
  0x00, 0x00, 0x00, 0x00, 0x00, 0x00, 0x20, 0x00, 0x01, 0xa2, 0x08, 0x01, 0x00, 0x00, 0x00, 0x00,
  0x10, 0x00, 0x00, 0x00, 0x00, 0x00, 0x00, 0x00, 0x00, 0x03, 0x00, 0x00, 0x00, 0x00, 0x00, 0x00,
  0x00, 0x02, 0x00, 0x00, 0x00, 0x00, 0x00, 0x00, 0x02, 0x03, 0xc0, 0x00, 0x00, 0x44, 0x00, 0x10,
  0x02, 0x00, 0x80, 0x00, 0x84, 0x00, 0x00, 0x00, 0x07, 0x00, 0xc1, 0x20, 0x48, 0x00, 0x00, 0x00,
  0x00, 0x10, 0x00, 0x00, 0x00, 0x40, 0x00, 0x00, 0x06, 0x00, 0x13, 0x00, 0x00, 0x00, 0x08, 0x01,
  0x00, 0x00, 0x00, 0x00, 0x0c, 0x06, 0x00, 0x00, 0x0e, 0x0b, 0x02, 0x02, 0x82, 0x00, 0x00, 0x00,
  0x00, 0x10, 0x02, 0x00, 0x0c, 0x06, 0x00, 0x00, 0x00, 0x21, 0xc7, 0x00, 0x00, 0x00, 0x00, 0x00,
  0x00, 0x00, 0x00, 0x00, 0x0c, 0x02, 0x00, 0x01, 0x40, 0x01, 0xc6, 0x00, 0x08, 0x00, 0x80, 0x00,
  0x00, 0x00, 0x00, 0x04, 0x4d, 0x06, 0x01, 0x07, 0xf0, 0x00, 0x6a, 0x00, 0x00, 0x00, 0x00, 0x00,
  0x00, 0x00, 0x00, 0x00, 0x0c, 0x06, 0x8e, 0x04, 0x38, 0x00, 0x76, 0x20, 0x00, 0x00, 0x00, 0x00,
  0x00, 0x00, 0x01, 0x00, 0x0c, 0x06, 0x0e, 0x26, 0x18, 0x00, 0x1c, 0x02, 0x00, 0x00, 0x40, 0x00,
  0x04, 0x08, 0x00, 0x00, 0x0c, 0x1a, 0x0f, 0x04, 0x18, 0x3c, 0x1c, 0x20, 0x80, 0x00, 0x01, 0x00,
  0x00, 0x00, 0x00, 0x00, 0x4d, 0xff, 0x1b, 0x06, 0x18, 0x7e, 0x5c, 0x00, 0x00, 0x00, 0x00, 0x04,
  0x00, 0x00, 0x00, 0x00, 0x0f, 0xd6, 0x1b, 0x03, 0x70, 0xe7, 0x18, 0x04, 0x00, 0x00, 0x08, 0x00,
  0x00, 0x00, 0x00, 0x01, 0x0e, 0x06, 0x7f, 0x87, 0xe0, 0x43, 0x18, 0x18, 0x03, 0x00, 0x04, 0x04,
  0x00, 0x00, 0x00, 0x10, 0x0c, 0x03, 0x7f, 0x83, 0x40, 0xe6, 0x30, 0x0c, 0x03, 0x00, 0x20, 0x20,
  0x00, 0x00, 0x20, 0x00, 0x0c, 0x06, 0x11, 0x83, 0x00, 0x6e, 0x18, 0x0e, 0x12, 0x00, 0x00, 0x00,
  0x00, 0x08, 0x00, 0x00, 0x2c, 0x16, 0x20, 0x83, 0x00, 0x7a, 0x31, 0x0e, 0x06, 0x00, 0x00, 0x00,
  0x00, 0x40, 0x00, 0x00, 0x0c, 0x02, 0x01, 0xc3, 0x00, 0x68, 0x72, 0x03, 0x16, 0x80, 0x00, 0x00,
  0x00, 0x00, 0x00, 0x00, 0x0c, 0x06, 0x00, 0x43, 0x00, 0x60, 0x64, 0x03, 0x84, 0x80, 0x00, 0x00,
  0x00, 0x40, 0x00, 0x02, 0x08, 0x06, 0x00, 0x01, 0x00, 0xc0, 0xa0, 0x01, 0x8e, 0x00, 0x00, 0x00,
  0x00, 0x00, 0x02, 0x00, 0x1c, 0x02, 0x00, 0x00, 0x00, 0x60, 0x10, 0x00, 0xca, 0x40, 0x08, 0x10,
  0x00, 0x40, 0x00, 0x08, 0x08, 0x00, 0x00, 0x00, 0x00, 0x00, 0x00, 0x60, 0xec, 0x00, 0x00, 0x00,
  0x00, 0x00, 0x04, 0x00, 0x88, 0x00, 0x00, 0x0a, 0x61, 0x02, 0x00, 0xe0, 0x6c, 0x00, 0x00, 0x00,
  0x00, 0x00, 0x00, 0x04, 0x00, 0x71, 0x71, 0xfe, 0x20, 0xc0, 0x00, 0xf0, 0x38, 0x00, 0x00, 0x00,
  0x00, 0x00, 0x00, 0x17, 0xc0, 0x00, 0xdc, 0x78, 0x70, 0xc0, 0x09, 0xf0, 0x18, 0x00, 0x00, 0x00,
  0x00, 0x00, 0x00, 0x0e, 0xc0, 0x00, 0xdc, 0x10, 0x60, 0xc1, 0x01, 0xb0, 0x18, 0x00, 0x00, 0x00,
  0x00, 0x00, 0x00, 0x18, 0xe0, 0x00, 0xcc, 0x38, 0x66, 0xc0, 0x07, 0xf8, 0x38, 0x00, 0x00, 0x00,
  0x00, 0x00, 0x00, 0x0c, 0x40, 0x20, 0xdc, 0x10, 0x7f, 0xc5, 0x47, 0xb8, 0x10, 0x00, 0x21, 0x00,
  0x00, 0x00, 0x00, 0x19, 0xe0, 0x70, 0xf8, 0x38, 0x68, 0xd7, 0x83, 0x0c, 0x30, 0x00, 0x00, 0x00,
  0x00, 0x00, 0x00, 0x0f, 0xf8, 0x21, 0xf0, 0x10, 0x60, 0xce, 0xea, 0x18, 0x70, 0x00, 0x01, 0x00,
  0x00, 0x00, 0x00, 0x0f, 0x9c, 0x30, 0xbc, 0x18, 0x60, 0x8c, 0x60, 0x0c, 0x20, 0x00, 0x00, 0x10,
  0x00, 0x00, 0x00, 0x0e, 0x0c, 0x31, 0xce, 0x30, 0x60, 0xcc, 0x70, 0x08, 0x60, 0x04, 0x01, 0x00,
  0x00, 0x00, 0x00, 0x0c, 0x0c, 0x30, 0x87, 0x18, 0x60, 0xa6, 0x30, 0x00, 0xc0, 0x00, 0x00, 0x00,
  0x00, 0x00, 0x00, 0x0c, 0x4c, 0x70, 0x00, 0x30, 0xa0, 0x0c, 0xe0, 0x00, 0x60, 0x00, 0x00, 0x00,
  0x00, 0x10, 0x00, 0x0c, 0x1c, 0x20, 0x00, 0x18, 0x00, 0x0d, 0x61, 0x00, 0xc0, 0x00, 0x00, 0x00,
  0x00, 0x00, 0x40, 0x0c, 0x18, 0x30, 0x00, 0x18, 0x00, 0x14, 0xe0, 0x00, 0x84, 0x00, 0x00, 0x00,
  0x00, 0x81, 0x00, 0x0c, 0x30, 0x00, 0x02, 0x00, 0x00, 0x0f, 0xc4, 0x00, 0x80, 0x00, 0x00, 0x00,
  0x00, 0x00, 0x00, 0x0c, 0x70, 0x00, 0x00, 0x00, 0x00, 0x07, 0x00, 0x00, 0x00, 0x00, 0x00, 0x00,
  0x00, 0x00, 0x00, 0x0d, 0xe8, 0x00, 0x00, 0x00, 0x00, 0x04, 0x00, 0x00, 0x10, 0x10, 0x00, 0x00,
  0x00, 0x00, 0x00, 0x0f, 0x80, 0x08, 0x20, 0x00, 0x00, 0x00, 0x40, 0x40, 0x00, 0x40, 0x00, 0x00,
  0x00, 0x00, 0x00, 0x07, 0x00, 0x00, 0x00, 0x00, 0x00, 0x00, 0x01, 0x00, 0x00, 0x00, 0x00, 0x00,
  0x00, 0x00, 0x00, 0x0a, 0x08, 0x00, 0x60, 0x10, 0x00, 0x00, 0x00, 0x00, 0x00, 0x40, 0x00, 0x00,
  0x00, 0x00, 0x00, 0x00, 0x00, 0x02, 0x40, 0x10, 0x00, 0x00, 0x00, 0x20, 0x80, 0x00, 0x01, 0x00,
  0x00, 0x01, 0x00, 0x00, 0x20, 0x00, 0x00, 0x00, 0x00, 0x00, 0x02, 0x00, 0x00, 0x80, 0x00, 0x00,
  0x00, 0x00, 0x00, 0x20, 0x00, 0x06, 0x00, 0x06, 0x00, 0x00, 0x00, 0x00, 0x20, 0x00, 0x00, 0x00,
  0x00, 0x00, 0x00, 0x10, 0x00, 0x03, 0x80, 0x0e, 0x00, 0x00, 0x00, 0x00, 0x02, 0x00, 0x02, 0x00,
  0x00, 0x81, 0x00, 0x80, 0x20, 0x81, 0xc0, 0x5c, 0x00, 0x00, 0x00, 0x20, 0x00, 0x00, 0x00, 0x02,
  0x08, 0x04, 0x00, 0x00, 0x00, 0x00, 0xff, 0xf0, 0x00, 0x00, 0x00, 0x00, 0x00, 0x00, 0x00, 0x00,
  0x00, 0x00, 0x00, 0xa4, 0x04, 0x00, 0x1f, 0xa0, 0x00, 0x00, 0x00, 0x00, 0x08, 0x00, 0x10, 0x00,
  0x00, 0x00, 0x00, 0x00, 0x50, 0x80, 0x00, 0x00, 0x00, 0x00, 0x00, 0x09, 0x20, 0x00, 0x00, 0x00
};

const uint8_t PROGMEM frame109[1024] = {
  0x00, 0x00, 0x00, 0x00, 0x00, 0x00, 0x00, 0x00, 0x00, 0x00, 0x00, 0x00, 0x00, 0x00, 0x00, 0x00,
  0x00, 0x80, 0x00, 0x00, 0x00, 0x00, 0x80, 0x00, 0x00, 0x18, 0x00, 0x00, 0x00, 0x00, 0x00, 0x00,
  0x00, 0x00, 0x00, 0x00, 0x00, 0x00, 0x20, 0x00, 0x00, 0x18, 0x00, 0x00, 0x00, 0x00, 0x00, 0x00,
  0x00, 0x00, 0x00, 0x00, 0x00, 0x00, 0x00, 0x00, 0x10, 0x38, 0x00, 0x00, 0x00, 0x00, 0x00, 0x00,
  0x00, 0x00, 0x00, 0x00, 0x00, 0x00, 0x00, 0x00, 0x18, 0x30, 0x00, 0x00, 0x00, 0x00, 0x09, 0x00,
  0x00, 0x04, 0x00, 0x00, 0x00, 0x00, 0x08, 0x00, 0x0c, 0x00, 0x00, 0x00, 0x00, 0x00, 0x00, 0x00,
  0x00, 0x00, 0x00, 0x00, 0x00, 0x00, 0x04, 0x00, 0x00, 0x00, 0x00, 0x00, 0x00, 0x40, 0x00, 0x00,
  0x02, 0x00, 0x40, 0x00, 0x20, 0x00, 0x00, 0x00, 0x01, 0xe0, 0x10, 0x00, 0x80, 0x00, 0x00, 0x00,
  0x00, 0x00, 0x00, 0x00, 0x02, 0x10, 0x00, 0x00, 0x03, 0xf9, 0xf0, 0x00, 0x02, 0x08, 0x00, 0x00,
  0x00, 0x00, 0x40, 0x00, 0x10, 0x00, 0x00, 0x00, 0x07, 0xf1, 0xf0, 0x00, 0x00, 0x00, 0x00, 0x00,
  0x00, 0x00, 0x00, 0x00, 0x00, 0x00, 0x00, 0x00, 0x07, 0xf8, 0x00, 0x00, 0x00, 0x00, 0x02, 0x00,
  0x00, 0x00, 0x00, 0x00, 0x04, 0x05, 0x48, 0x01, 0xe7, 0xf8, 0x00, 0x00, 0x00, 0x28, 0x08, 0x00,
  0x00, 0x00, 0x40, 0x00, 0x00, 0x40, 0x00, 0x03, 0xa3, 0xf0, 0x00, 0x00, 0x20, 0x00, 0x01, 0x08,
  0x00, 0x00, 0x00, 0x00, 0x00, 0x00, 0x20, 0x00, 0x01, 0xa2, 0x08, 0x01, 0x00, 0x00, 0x00, 0x00,
  0x10, 0x00, 0x00, 0x00, 0x00, 0x00, 0x00, 0x00, 0x00, 0x03, 0x00, 0x00, 0x00, 0x00, 0x00, 0x00,
  0x00, 0x02, 0x00, 0x00, 0x00, 0x00, 0x00, 0x00, 0x02, 0x03, 0xc0, 0x00, 0x00, 0x44, 0x00, 0x10,
  0x02, 0x00, 0x80, 0x00, 0x84, 0x00, 0x00, 0x00, 0x07, 0x00, 0xc1, 0x20, 0x48, 0x00, 0x00, 0x00,
  0x00, 0x10, 0x00, 0x00, 0x00, 0x40, 0x00, 0x00, 0x06, 0x00, 0x13, 0x00, 0x00, 0x00, 0x08, 0x01,
  0x00, 0x00, 0x00, 0x00, 0x0c, 0x06, 0x00, 0x00, 0x0e, 0x0b, 0x02, 0x02, 0x82, 0x00, 0x00, 0x00,
  0x00, 0x10, 0x02, 0x00, 0x0c, 0x06, 0x00, 0x00, 0x00, 0x21, 0xc7, 0x00, 0x00, 0x00, 0x00, 0x00,
  0x00, 0x00, 0x00, 0x00, 0x0c, 0x02, 0x00, 0x01, 0x40, 0x01, 0xc6, 0x00, 0x08, 0x00, 0x80, 0x00,
  0x00, 0x00, 0x00, 0x04, 0x4d, 0x06, 0x01, 0x07, 0xf0, 0x00, 0x6a, 0x00, 0x00, 0x00, 0x00, 0x00,
  0x00, 0x00, 0x00, 0x00, 0x0c, 0x06, 0x8e, 0x04, 0x38, 0x00, 0x76, 0x20, 0x00, 0x00, 0x00, 0x00,
  0x00, 0x00, 0x01, 0x00, 0x0c, 0x06, 0x0e, 0x26, 0x18, 0x00, 0x1c, 0x02, 0x00, 0x00, 0x40, 0x00,
  0x04, 0x08, 0x00, 0x00, 0x0c, 0x1a, 0x0f, 0x04, 0x18, 0x3c, 0x1c, 0x20, 0x80, 0x00, 0x01, 0x00,
  0x00, 0x00, 0x00, 0x00, 0x4d, 0xff, 0x1b, 0x06, 0x18, 0x7e, 0x5c, 0x00, 0x00, 0x00, 0x00, 0x04,
  0x00, 0x00, 0x00, 0x00, 0x0f, 0xd6, 0x1b, 0x03, 0x70, 0xe7, 0x18, 0x04, 0x00, 0x00, 0x08, 0x00,
  0x00, 0x00, 0x00, 0x01, 0x0e, 0x06, 0x7f, 0x87, 0xe0, 0x43, 0x18, 0x18, 0x03, 0x00, 0x04, 0x04,
  0x00, 0x00, 0x00, 0x10, 0x0c, 0x03, 0x7f, 0x83, 0x40, 0xe6, 0x30, 0x0c, 0x03, 0x00, 0x20, 0x20,
  0x00, 0x00, 0x20, 0x00, 0x0c, 0x06, 0x11, 0x83, 0x00, 0x6e, 0x18, 0x0e, 0x12, 0x00, 0x00, 0x00,
  0x00, 0x08, 0x00, 0x00, 0x2c, 0x16, 0x20, 0x83, 0x00, 0x7a, 0x31, 0x0e, 0x06, 0x00, 0x00, 0x00,
  0x00, 0x40, 0x00, 0x00, 0x0c, 0x02, 0x01, 0xc3, 0x00, 0x68, 0x72, 0x03, 0x16, 0x80, 0x00, 0x00,
  0x00, 0x00, 0x00, 0x00, 0x0c, 0x06, 0x00, 0x43, 0x00, 0x60, 0x64, 0x03, 0x84, 0x80, 0x00, 0x00,
  0x00, 0x40, 0x00, 0x02, 0x08, 0x06, 0x00, 0x01, 0x00, 0xc0, 0xa0, 0x01, 0x8e, 0x00, 0x00, 0x00,
  0x00, 0x00, 0x02, 0x00, 0x1c, 0x02, 0x00, 0x00, 0x00, 0x60, 0x10, 0x00, 0xca, 0x40, 0x08, 0x10,
  0x00, 0x40, 0x00, 0x08, 0x08, 0x00, 0x00, 0x00, 0x00, 0x00, 0x00, 0x60, 0xec, 0x00, 0x00, 0x00,
  0x00, 0x00, 0x04, 0x00, 0x88, 0x00, 0x00, 0x0a, 0x61, 0x02, 0x00, 0xe0, 0x6c, 0x00, 0x00, 0x00,
  0x00, 0x00, 0x00, 0x04, 0x00, 0x71, 0x71, 0xfe, 0x20, 0xc0, 0x00, 0xf0, 0x38, 0x00, 0x00, 0x00,
  0x00, 0x00, 0x00, 0x17, 0xc0, 0x00, 0xdc, 0x78, 0x70, 0xc0, 0x09, 0xf0, 0x18, 0x00, 0x00, 0x00,
  0x00, 0x00, 0x00, 0x0e, 0xc0, 0x00, 0xdc, 0x10, 0x60, 0xc1, 0x01, 0xb0, 0x18, 0x00, 0x00, 0x00,
  0x00, 0x00, 0x00, 0x18, 0xe0, 0x00, 0xcc, 0x38, 0x66, 0xc0, 0x07, 0xf8, 0x38, 0x00, 0x00, 0x00,
  0x00, 0x00, 0x00, 0x0c, 0x40, 0x20, 0xdc, 0x10, 0x7f, 0xc5, 0x47, 0xb8, 0x10, 0x00, 0x21, 0x00,
  0x00, 0x00, 0x00, 0x19, 0xe0, 0x70, 0xf8, 0x38, 0x68, 0xd7, 0x83, 0x0c, 0x30, 0x00, 0x00, 0x00,
  0x00, 0x00, 0x00, 0x0f, 0xf8, 0x21, 0xf0, 0x10, 0x60, 0xce, 0xea, 0x18, 0x70, 0x00, 0x01, 0x00,
  0x00, 0x00, 0x00, 0x0f, 0x9c, 0x30, 0xbc, 0x18, 0x60, 0x8c, 0x60, 0x0c, 0x20, 0x00, 0x00, 0x10,
  0x00, 0x00, 0x00, 0x0e, 0x0c, 0x31, 0xce, 0x30, 0x60, 0xcc, 0x70, 0x08, 0x60, 0x04, 0x01, 0x00,
  0x00, 0x00, 0x00, 0x0c, 0x0c, 0x30, 0x87, 0x18, 0x60, 0xa6, 0x30, 0x00, 0xc0, 0x00, 0x00, 0x00,
  0x00, 0x00, 0x00, 0x0c, 0x4c, 0x70, 0x00, 0x30, 0xa0, 0x0c, 0xe0, 0x00, 0x60, 0x00, 0x00, 0x00,
  0x00, 0x10, 0x00, 0x0c, 0x1c, 0x20, 0x00, 0x18, 0x00, 0x0d, 0x61, 0x00, 0xc0, 0x00, 0x00, 0x00,
  0x00, 0x00, 0x40, 0x0c, 0x18, 0x30, 0x00, 0x18, 0x00, 0x14, 0xe0, 0x00, 0x84, 0x00, 0x00, 0x00,
  0x00, 0x81, 0x00, 0x0c, 0x30, 0x00, 0x02, 0x00, 0x00, 0x0f, 0xc4, 0x00, 0x80, 0x00, 0x00, 0x00,
  0x00, 0x00, 0x00, 0x0c, 0x70, 0x00, 0x00, 0x00, 0x00, 0x07, 0x00, 0x00, 0x00, 0x00, 0x00, 0x00,
  0x00, 0x00, 0x00, 0x0d, 0xe8, 0x00, 0x00, 0x00, 0x00, 0x04, 0x00, 0x00, 0x10, 0x10, 0x00, 0x00,
  0x00, 0x00, 0x00, 0x0f, 0x80, 0x08, 0x20, 0x00, 0x00, 0x00, 0x40, 0x40, 0x00, 0x40, 0x00, 0x00,
  0x00, 0x00, 0x00, 0x07, 0x00, 0x00, 0x00, 0x00, 0x00, 0x00, 0x01, 0x00, 0x00, 0x00, 0x00, 0x00,
  0x00, 0x00, 0x00, 0x0a, 0x08, 0x00, 0x60, 0x10, 0x00, 0x00, 0x00, 0x00, 0x00, 0x40, 0x00, 0x00,
  0x00, 0x00, 0x00, 0x00, 0x00, 0x02, 0x40, 0x10, 0x00, 0x00, 0x00, 0x20, 0x80, 0x00, 0x01, 0x00,
  0x00, 0x01, 0x00, 0x00, 0x20, 0x00, 0x00, 0x00, 0x00, 0x00, 0x02, 0x00, 0x00, 0x80, 0x00, 0x00,
  0x00, 0x00, 0x00, 0x20, 0x00, 0x06, 0x00, 0x06, 0x00, 0x00, 0x00, 0x00, 0x20, 0x00, 0x00, 0x00,
  0x00, 0x00, 0x00, 0x10, 0x00, 0x03, 0x80, 0x0e, 0x00, 0x00, 0x00, 0x00, 0x02, 0x00, 0x02, 0x00,
  0x00, 0x81, 0x00, 0x80, 0x20, 0x81, 0xc0, 0x5c, 0x00, 0x00, 0x00, 0x20, 0x00, 0x00, 0x00, 0x02,
  0x08, 0x04, 0x00, 0x00, 0x00, 0x00, 0xff, 0xf0, 0x00, 0x00, 0x00, 0x00, 0x00, 0x00, 0x00, 0x00,
  0x00, 0x00, 0x00, 0xa4, 0x04, 0x00, 0x1f, 0xa0, 0x00, 0x00, 0x00, 0x00, 0x08, 0x00, 0x10, 0x00,
  0x00, 0x00, 0x00, 0x00, 0x50, 0x80, 0x00, 0x00, 0x00, 0x00, 0x00, 0x09, 0x20, 0x00, 0x00, 0x00
};

const uint8_t PROGMEM frame110[1024] = {
  0x00, 0x00, 0x00, 0x00, 0x00, 0x00, 0x00, 0x00, 0x00, 0x00, 0x00, 0x00, 0x00, 0x00, 0x00, 0x00,
  0x00, 0x80, 0x00, 0x00, 0x00, 0x00, 0x80, 0x00, 0x00, 0x18, 0x00, 0x00, 0x00, 0x00, 0x00, 0x00,
  0x00, 0x00, 0x00, 0x00, 0x00, 0x00, 0x20, 0x00, 0x00, 0x18, 0x00, 0x00, 0x00, 0x00, 0x00, 0x00,
  0x00, 0x00, 0x00, 0x00, 0x00, 0x00, 0x00, 0x00, 0x10, 0x38, 0x00, 0x00, 0x00, 0x00, 0x00, 0x00,
  0x00, 0x00, 0x00, 0x00, 0x00, 0x00, 0x00, 0x00, 0x18, 0x30, 0x00, 0x00, 0x00, 0x00, 0x09, 0x00,
  0x00, 0x04, 0x00, 0x00, 0x00, 0x00, 0x08, 0x00, 0x0c, 0x00, 0x00, 0x00, 0x00, 0x00, 0x00, 0x00,
  0x00, 0x00, 0x00, 0x00, 0x00, 0x00, 0x04, 0x00, 0x00, 0x00, 0x00, 0x00, 0x00, 0x40, 0x00, 0x00,
  0x02, 0x00, 0x40, 0x00, 0x20, 0x00, 0x00, 0x00, 0x01, 0xe0, 0x10, 0x00, 0x80, 0x00, 0x00, 0x00,
  0x00, 0x00, 0x00, 0x00, 0x02, 0x10, 0x00, 0x00, 0x03, 0xf9, 0xf0, 0x00, 0x02, 0x08, 0x00, 0x00,
  0x00, 0x00, 0x40, 0x00, 0x10, 0x00, 0x00, 0x00, 0x07, 0xf1, 0xf0, 0x00, 0x00, 0x00, 0x00, 0x00,
  0x00, 0x00, 0x00, 0x00, 0x00, 0x00, 0x00, 0x00, 0x07, 0xf8, 0x00, 0x00, 0x00, 0x00, 0x02, 0x00,
  0x00, 0x00, 0x00, 0x00, 0x04, 0x05, 0x48, 0x01, 0xe7, 0xf8, 0x00, 0x00, 0x00, 0x28, 0x08, 0x00,
  0x00, 0x00, 0x40, 0x00, 0x00, 0x40, 0x00, 0x03, 0xa3, 0xf0, 0x00, 0x00, 0x20, 0x00, 0x01, 0x08,
  0x00, 0x00, 0x00, 0x00, 0x00, 0x00, 0x20, 0x00, 0x01, 0xa2, 0x08, 0x01, 0x00, 0x00, 0x00, 0x00,
  0x10, 0x00, 0x00, 0x00, 0x00, 0x00, 0x00, 0x00, 0x00, 0x03, 0x00, 0x00, 0x00, 0x00, 0x00, 0x00,
  0x00, 0x02, 0x00, 0x00, 0x00, 0x00, 0x00, 0x00, 0x02, 0x03, 0xc0, 0x00, 0x00, 0x44, 0x00, 0x10,
  0x02, 0x00, 0x80, 0x00, 0x84, 0x00, 0x00, 0x00, 0x07, 0x00, 0xc1, 0x20, 0x48, 0x00, 0x00, 0x00,
  0x00, 0x10, 0x00, 0x00, 0x00, 0x40, 0x00, 0x00, 0x06, 0x00, 0x13, 0x00, 0x00, 0x00, 0x08, 0x01,
  0x00, 0x00, 0x00, 0x00, 0x0c, 0x06, 0x00, 0x00, 0x0e, 0x0b, 0x02, 0x02, 0x82, 0x00, 0x00, 0x00,
  0x00, 0x10, 0x02, 0x00, 0x0c, 0x06, 0x00, 0x00, 0x00, 0x21, 0xc7, 0x00, 0x00, 0x00, 0x00, 0x00,
  0x00, 0x00, 0x00, 0x00, 0x0c, 0x02, 0x00, 0x01, 0x40, 0x01, 0xc6, 0x00, 0x08, 0x00, 0x80, 0x00,
  0x00, 0x00, 0x00, 0x04, 0x4d, 0x06, 0x01, 0x07, 0xf0, 0x00, 0x6a, 0x00, 0x00, 0x00, 0x00, 0x00,
  0x00, 0x00, 0x00, 0x00, 0x0c, 0x06, 0x8e, 0x04, 0x38, 0x00, 0x76, 0x20, 0x00, 0x00, 0x00, 0x00,
  0x00, 0x00, 0x01, 0x00, 0x0c, 0x06, 0x0e, 0x26, 0x18, 0x00, 0x1c, 0x02, 0x00, 0x00, 0x40, 0x00,
  0x04, 0x08, 0x00, 0x00, 0x0c, 0x1a, 0x0f, 0x04, 0x18, 0x3c, 0x1c, 0x20, 0x80, 0x00, 0x01, 0x00,
  0x00, 0x00, 0x00, 0x00, 0x4d, 0xff, 0x1b, 0x06, 0x18, 0x7e, 0x5c, 0x00, 0x00, 0x00, 0x00, 0x04,
  0x00, 0x00, 0x00, 0x00, 0x0f, 0xd6, 0x1b, 0x03, 0x70, 0xe7, 0x18, 0x04, 0x00, 0x00, 0x08, 0x00,
  0x00, 0x00, 0x00, 0x01, 0x0e, 0x06, 0x7f, 0x87, 0xe0, 0x43, 0x18, 0x18, 0x03, 0x00, 0x04, 0x04,
  0x00, 0x00, 0x00, 0x10, 0x0c, 0x03, 0x7f, 0x83, 0x40, 0xe6, 0x30, 0x0c, 0x03, 0x00, 0x20, 0x20,
  0x00, 0x00, 0x20, 0x00, 0x0c, 0x06, 0x11, 0x83, 0x00, 0x6e, 0x18, 0x0e, 0x12, 0x00, 0x00, 0x00,
  0x00, 0x08, 0x00, 0x00, 0x2c, 0x16, 0x20, 0x83, 0x00, 0x7a, 0x31, 0x0e, 0x06, 0x00, 0x00, 0x00,
  0x00, 0x40, 0x00, 0x00, 0x0c, 0x02, 0x01, 0xc3, 0x00, 0x68, 0x72, 0x03, 0x16, 0x80, 0x00, 0x00,
  0x00, 0x00, 0x00, 0x00, 0x0c, 0x06, 0x00, 0x43, 0x00, 0x60, 0x64, 0x03, 0x84, 0x80, 0x00, 0x00,
  0x00, 0x40, 0x00, 0x02, 0x08, 0x06, 0x00, 0x01, 0x00, 0xc0, 0xa0, 0x01, 0x8e, 0x00, 0x00, 0x00,
  0x00, 0x00, 0x02, 0x00, 0x1c, 0x02, 0x00, 0x00, 0x00, 0x60, 0x10, 0x00, 0xca, 0x40, 0x08, 0x10,
  0x00, 0x40, 0x00, 0x08, 0x08, 0x00, 0x00, 0x00, 0x00, 0x00, 0x00, 0x60, 0xec, 0x00, 0x00, 0x00,
  0x00, 0x00, 0x04, 0x00, 0x88, 0x00, 0x00, 0x0a, 0x61, 0x02, 0x00, 0xe0, 0x6c, 0x00, 0x00, 0x00,
  0x00, 0x00, 0x00, 0x04, 0x00, 0x71, 0x71, 0xfe, 0x20, 0xc0, 0x00, 0xf0, 0x38, 0x00, 0x00, 0x00,
  0x00, 0x00, 0x00, 0x17, 0xc0, 0x00, 0xdc, 0x78, 0x70, 0xc0, 0x09, 0xf0, 0x18, 0x00, 0x00, 0x00,
  0x00, 0x00, 0x00, 0x0e, 0xc0, 0x00, 0xdc, 0x10, 0x60, 0xc1, 0x01, 0xb0, 0x18, 0x00, 0x00, 0x00,
  0x00, 0x00, 0x00, 0x18, 0xe0, 0x00, 0xcc, 0x38, 0x66, 0xc0, 0x07, 0xf8, 0x38, 0x00, 0x00, 0x00,
  0x00, 0x00, 0x00, 0x0c, 0x40, 0x20, 0xdc, 0x10, 0x7f, 0xc5, 0x47, 0xb8, 0x10, 0x00, 0x21, 0x00,
  0x00, 0x00, 0x00, 0x19, 0xe0, 0x70, 0xf8, 0x38, 0x68, 0xd7, 0x83, 0x0c, 0x30, 0x00, 0x00, 0x00,
  0x00, 0x00, 0x00, 0x0f, 0xf8, 0x21, 0xf0, 0x10, 0x60, 0xce, 0xea, 0x18, 0x70, 0x00, 0x01, 0x00,
  0x00, 0x00, 0x00, 0x0f, 0x9c, 0x30, 0xbc, 0x18, 0x60, 0x8c, 0x60, 0x0c, 0x20, 0x00, 0x00, 0x10,
  0x00, 0x00, 0x00, 0x0e, 0x0c, 0x31, 0xce, 0x30, 0x60, 0xcc, 0x70, 0x08, 0x60, 0x04, 0x01, 0x00,
  0x00, 0x00, 0x00, 0x0c, 0x0c, 0x30, 0x87, 0x18, 0x60, 0xa6, 0x30, 0x00, 0xc0, 0x00, 0x00, 0x00,
  0x00, 0x00, 0x00, 0x0c, 0x4c, 0x70, 0x00, 0x30, 0xa0, 0x0c, 0xe0, 0x00, 0x60, 0x00, 0x00, 0x00,
  0x00, 0x10, 0x00, 0x0c, 0x1c, 0x20, 0x00, 0x18, 0x00, 0x0d, 0x61, 0x00, 0xc0, 0x00, 0x00, 0x00,
  0x00, 0x00, 0x40, 0x0c, 0x18, 0x30, 0x00, 0x18, 0x00, 0x14, 0xe0, 0x00, 0x84, 0x00, 0x00, 0x00,
  0x00, 0x81, 0x00, 0x0c, 0x30, 0x00, 0x02, 0x00, 0x00, 0x0f, 0xc4, 0x00, 0x80, 0x00, 0x00, 0x00,
  0x00, 0x00, 0x00, 0x0c, 0x70, 0x00, 0x00, 0x00, 0x00, 0x07, 0x00, 0x00, 0x00, 0x00, 0x00, 0x00,
  0x00, 0x00, 0x00, 0x0d, 0xe8, 0x00, 0x00, 0x00, 0x00, 0x04, 0x00, 0x00, 0x10, 0x10, 0x00, 0x00,
  0x00, 0x00, 0x00, 0x0f, 0x80, 0x08, 0x20, 0x00, 0x00, 0x00, 0x40, 0x40, 0x00, 0x40, 0x00, 0x00,
  0x00, 0x00, 0x00, 0x07, 0x00, 0x00, 0x00, 0x00, 0x00, 0x00, 0x01, 0x00, 0x00, 0x00, 0x00, 0x00,
  0x00, 0x00, 0x00, 0x0a, 0x08, 0x00, 0x60, 0x10, 0x00, 0x00, 0x00, 0x00, 0x00, 0x40, 0x00, 0x00,
  0x00, 0x00, 0x00, 0x00, 0x00, 0x02, 0x40, 0x10, 0x00, 0x00, 0x00, 0x20, 0x80, 0x00, 0x01, 0x00,
  0x00, 0x01, 0x00, 0x00, 0x20, 0x00, 0x00, 0x00, 0x00, 0x00, 0x02, 0x00, 0x00, 0x80, 0x00, 0x00,
  0x00, 0x00, 0x00, 0x20, 0x00, 0x06, 0x00, 0x06, 0x00, 0x00, 0x00, 0x00, 0x20, 0x00, 0x00, 0x00,
  0x00, 0x00, 0x00, 0x10, 0x00, 0x03, 0x80, 0x0e, 0x00, 0x00, 0x00, 0x00, 0x02, 0x00, 0x02, 0x00,
  0x00, 0x81, 0x00, 0x80, 0x20, 0x81, 0xc0, 0x5c, 0x00, 0x00, 0x00, 0x20, 0x00, 0x00, 0x00, 0x02,
  0x08, 0x04, 0x00, 0x00, 0x00, 0x00, 0xff, 0xf0, 0x00, 0x00, 0x00, 0x00, 0x00, 0x00, 0x00, 0x00,
  0x00, 0x00, 0x00, 0xa4, 0x04, 0x00, 0x1f, 0xa0, 0x00, 0x00, 0x00, 0x00, 0x08, 0x00, 0x10, 0x00,
  0x00, 0x00, 0x00, 0x00, 0x50, 0x80, 0x00, 0x00, 0x00, 0x00, 0x00, 0x09, 0x20, 0x00, 0x00, 0x00
};

const uint8_t PROGMEM frame111[1024] = {
  0x00, 0x00, 0x00, 0x00, 0x00, 0x00, 0x00, 0x00, 0x00, 0x00, 0x00, 0x00, 0x00, 0x00, 0x00, 0x00,
  0x01, 0x00, 0x00, 0x00, 0x00, 0x00, 0x40, 0x00, 0x00, 0x18, 0x00, 0x00, 0x00, 0x00, 0x00, 0x00,
  0x00, 0x00, 0x00, 0x00, 0x00, 0x00, 0x10, 0x00, 0x00, 0x18, 0x00, 0x00, 0x00, 0x00, 0x00, 0x00,
  0x00, 0x00, 0x00, 0x00, 0x00, 0x00, 0x00, 0x00, 0x10, 0x38, 0x00, 0x00, 0x00, 0x00, 0x00, 0x00,
  0x00, 0x00, 0x00, 0x00, 0x00, 0x00, 0x00, 0x00, 0x18, 0x30, 0x00, 0x00, 0x00, 0x00, 0x00, 0x00,
  0x00, 0x04, 0x00, 0x00, 0x00, 0x00, 0x00, 0x00, 0x0c, 0x00, 0x00, 0x00, 0x00, 0x00, 0x01, 0x00,
  0x00, 0x00, 0x00, 0x00, 0x00, 0x00, 0x24, 0x00, 0x00, 0x00, 0x00, 0x00, 0x00, 0x00, 0x00, 0x00,
  0x00, 0x00, 0x00, 0x00, 0x20, 0x00, 0x00, 0x00, 0x01, 0xe0, 0x10, 0x00, 0x00, 0x00, 0x00, 0x00,
  0x00, 0x00, 0x40, 0x00, 0x02, 0x00, 0x00, 0x00, 0x03, 0xf9, 0xf0, 0x00, 0x00, 0x08, 0x00, 0x00,
  0x00, 0x00, 0x00, 0x00, 0x08, 0x00, 0x00, 0x00, 0x07, 0xf1, 0xf0, 0x00, 0x02, 0x00, 0x00, 0x00,
  0x00, 0x00, 0x00, 0x00, 0x00, 0x08, 0x00, 0x00, 0x07, 0xf8, 0x00, 0x00, 0x00, 0x00, 0x02, 0x00,
  0x00, 0x00, 0x00, 0x00, 0x00, 0x02, 0x40, 0x01, 0xe7, 0xf8, 0x00, 0x00, 0x00, 0x28, 0x08, 0x80,
  0x00, 0x00, 0x40, 0x00, 0x00, 0x00, 0x00, 0x03, 0xa3, 0xf0, 0x00, 0x00, 0x40, 0x00, 0x00, 0x00,
  0x00, 0x00, 0x00, 0x00, 0x00, 0x20, 0x40, 0x00, 0x01, 0xa2, 0x10, 0x01, 0x00, 0x00, 0x00, 0x08,
  0x00, 0x40, 0x00, 0x00, 0x00, 0x00, 0x00, 0x00, 0x00, 0x03, 0x00, 0x00, 0x00, 0x00, 0x00, 0x00,
  0x00, 0x00, 0x00, 0x00, 0x00, 0x00, 0x00, 0x00, 0x02, 0x03, 0xc0, 0x00, 0x00, 0x20, 0x00, 0x00,
  0x04, 0x02, 0x80, 0x00, 0x02, 0x00, 0x00, 0x00, 0x07, 0x00, 0xc0, 0x20, 0x20, 0x00, 0x00, 0x08,
  0x00, 0x00, 0x00, 0x00, 0x00, 0x42, 0x00, 0x00, 0x06, 0x00, 0x01, 0x00, 0x00, 0x80, 0x08, 0x00,
  0x02, 0x10, 0x00, 0x00, 0x0c, 0x06, 0x00, 0x00, 0x0e, 0x11, 0x23, 0x01, 0x04, 0x00, 0x00, 0x00,
  0x00, 0x00, 0x00, 0x00, 0x0c, 0x04, 0x00, 0x00, 0x00, 0x03, 0x83, 0x00, 0x00, 0x00, 0x00, 0x00,
  0x00, 0x00, 0x02, 0x00, 0x18, 0x06, 0x00, 0x00, 0x00, 0x40, 0xcb, 0x00, 0x08, 0x00, 0x80, 0x00,
  0x00, 0x00, 0x00, 0x00, 0x2c, 0x06, 0x00, 0x07, 0xe0, 0x02, 0xe2, 0x00, 0x00, 0x00, 0x00, 0x00,
  0x00, 0x00, 0x00, 0x04, 0x08, 0x06, 0x06, 0x86, 0xf0, 0x00, 0x37, 0x10, 0x00, 0x00, 0x00, 0x00,
  0x00, 0x00, 0x00, 0x00, 0x0c, 0x14, 0x0e, 0x0a, 0x18, 0x00, 0x3c, 0x01, 0x00, 0x00, 0x00, 0x00,
  0x02, 0x04, 0x00, 0x00, 0x09, 0x2e, 0x0f, 0x04, 0x38, 0x7c, 0x1e, 0x00, 0x00, 0x00, 0x21, 0x00,
  0x00, 0x00, 0x00, 0x00, 0x4d, 0xfe, 0x0f, 0x0e, 0x18, 0xfe, 0x0c, 0x20, 0x00, 0x00, 0x00, 0x04,
  0x00, 0x00, 0x00, 0x00, 0x0f, 0xa6, 0x1b, 0x04, 0x30, 0xc6, 0x9c, 0x18, 0x03, 0x00, 0x00, 0x00,
  0x00, 0x00, 0x00, 0x01, 0x0c, 0x06, 0x5d, 0x87, 0xf0, 0xc6, 0x08, 0x1a, 0x06, 0x00, 0x08, 0x04,
  0x00, 0x00, 0x00, 0x20, 0x0c, 0x06, 0x7f, 0x87, 0xa0, 0x66, 0x1c, 0x0c, 0x06, 0x00, 0x20, 0x20,
  0x00, 0x00, 0x20, 0x00, 0x18, 0x06, 0x35, 0x82, 0x80, 0xee, 0x18, 0x0e, 0x14, 0x00, 0x00, 0x00,
  0x00, 0x00, 0x00, 0x00, 0x1c, 0x14, 0x31, 0x86, 0x00, 0x7a, 0x18, 0x07, 0x0e, 0x00, 0x00, 0x00,
  0x00, 0x00, 0x00, 0x00, 0x08, 0x06, 0x00, 0xc3, 0x00, 0xe0, 0x32, 0x03, 0x0a, 0x00, 0x00, 0x00,
  0x00, 0x40, 0x00, 0x02, 0x1c, 0x06, 0x00, 0xc6, 0x00, 0x40, 0x74, 0x01, 0x8c, 0x80, 0x00, 0x00,
  0x00, 0x00, 0x00, 0x00, 0x18, 0x06, 0x00, 0x03, 0x00, 0xe0, 0x30, 0x01, 0xdc, 0x00, 0x00, 0x00,
  0x00, 0x48, 0x02, 0x00, 0x14, 0x04, 0x00, 0x00, 0x00, 0x00, 0xa0, 0x60, 0xd8, 0x00, 0x08, 0x10,
  0x00, 0x00, 0x00, 0x00, 0x18, 0x00, 0x00, 0x02, 0x00, 0x22, 0x00, 0xe0, 0x78, 0x00, 0x00, 0x00,
  0x00, 0x00, 0x04, 0x00, 0x80, 0x00, 0x01, 0xfe, 0x00, 0x00, 0x00, 0xf0, 0x38, 0x00, 0x00, 0x00,
  0x00, 0x00, 0x00, 0x05, 0x40, 0x60, 0x08, 0xf8, 0x60, 0x40, 0x00, 0xb0, 0x30, 0x00, 0x00, 0x00,
  0x00, 0x00, 0x00, 0x07, 0xe0, 0x04, 0xf8, 0x20, 0x40, 0x80, 0x09, 0xd8, 0x18, 0x00, 0x00, 0x00,
  0x00, 0x00, 0x00, 0x0d, 0x70, 0x00, 0x6e, 0x30, 0x60, 0xc1, 0x07, 0xf8, 0x30, 0x02, 0x00, 0x00,
  0x00, 0x00, 0x00, 0x06, 0x30, 0x00, 0x4c, 0x30, 0x60, 0xc0, 0x07, 0xb8, 0x30, 0x00, 0x00, 0x00,
  0x00, 0x00, 0x00, 0x06, 0x60, 0x60, 0x6e, 0x30, 0x77, 0xc7, 0x83, 0x18, 0x60, 0x00, 0x00, 0x00,
  0x00, 0x00, 0x00, 0x06, 0xf8, 0x60, 0xf8, 0x30, 0xfe, 0xcb, 0xc2, 0x0c, 0x20, 0x00, 0x01, 0x00,
  0x00, 0x00, 0x00, 0x07, 0xfe, 0x60, 0xf8, 0x20, 0x40, 0xc6, 0x70, 0x0c, 0x60, 0x00, 0x01, 0x00,
  0x00, 0x00, 0x00, 0x0f, 0x06, 0x60, 0x7c, 0x30, 0x60, 0xce, 0x70, 0x4c, 0xe0, 0x00, 0x08, 0x10,
  0x00, 0x00, 0x00, 0x06, 0x06, 0x40, 0xcf, 0x30, 0xe0, 0x84, 0x30, 0x00, 0x40, 0x04, 0x00, 0x00,
  0x00, 0x00, 0x00, 0x06, 0x06, 0x60, 0xc3, 0x30, 0x61, 0xce, 0x30, 0x00, 0xc0, 0x00, 0x00, 0x00,
  0x00, 0x00, 0x00, 0x06, 0x4e, 0x60, 0x01, 0x30, 0xc0, 0x8d, 0x70, 0x00, 0xc0, 0x00, 0x00, 0x00,
  0x00, 0x00, 0x00, 0x06, 0x0a, 0x60, 0x00, 0x30, 0x40, 0x0e, 0x60, 0x80, 0x80, 0x00, 0x00, 0x00,
  0x00, 0x00, 0x00, 0x06, 0x1c, 0x20, 0x00, 0x00, 0x00, 0x15, 0xe0, 0x00, 0x84, 0x00, 0x00, 0x00,
  0x00, 0x01, 0x00, 0x06, 0x38, 0x00, 0x02, 0x00, 0x00, 0x0f, 0x82, 0x00, 0x00, 0x00, 0x00, 0x00,
  0x00, 0x00, 0x00, 0x06, 0x70, 0x00, 0x00, 0x00, 0x00, 0x06, 0x80, 0x00, 0x00, 0x00, 0x00, 0x00,
  0x00, 0x00, 0x00, 0x07, 0xe0, 0x00, 0x20, 0x00, 0x00, 0x00, 0x10, 0x00, 0x00, 0x10, 0x00, 0x00,
  0x00, 0x00, 0x00, 0x07, 0x90, 0x00, 0x00, 0x00, 0x00, 0x00, 0x00, 0x00, 0x00, 0x00, 0x00, 0x00,
  0x00, 0x02, 0x10, 0x02, 0x80, 0x04, 0x00, 0x00, 0x00, 0x00, 0x00, 0x00, 0x00, 0x00, 0x00, 0x00,
  0x00, 0x00, 0x00, 0x00, 0x00, 0x00, 0x60, 0x10, 0x00, 0x00, 0x00, 0x40, 0x10, 0x40, 0x00, 0x00,
  0x00, 0x00, 0x00, 0x00, 0x00, 0x02, 0x40, 0x10, 0x00, 0x00, 0x01, 0x00, 0x00, 0x00, 0x01, 0x00,
  0x00, 0x00, 0x00, 0x00, 0x20, 0x00, 0x00, 0x00, 0x00, 0x00, 0x00, 0x00, 0x80, 0x40, 0x00, 0x00,
  0x00, 0x00, 0x00, 0x10, 0x00, 0x06, 0x00, 0x06, 0x00, 0x00, 0x00, 0x00, 0x00, 0x00, 0x00, 0x00,
  0x00, 0x02, 0x00, 0x40, 0x00, 0x03, 0x80, 0x0e, 0x00, 0x00, 0x00, 0x00, 0x00, 0x00, 0x00, 0x00,
  0x00, 0x00, 0x00, 0x00, 0x20, 0x01, 0xc0, 0x78, 0x00, 0x00, 0x00, 0x20, 0x04, 0x00, 0x00, 0x02,
  0x00, 0x80, 0x00, 0x84, 0x00, 0x80, 0xbf, 0xd4, 0x00, 0x00, 0x00, 0x40, 0x00, 0x00, 0x00, 0x00,
  0x08, 0x04, 0x00, 0x20, 0x04, 0x00, 0x3f, 0xa0, 0x00, 0x00, 0x00, 0x00, 0x08, 0x00, 0x10, 0x00,
  0x00, 0x00, 0x00, 0x80, 0x41, 0x00, 0x00, 0x00, 0x00, 0x00, 0x00, 0x01, 0x40, 0x00, 0x00, 0x00
};

const uint8_t PROGMEM frame112[1024] = {
  0x00, 0x00, 0x00, 0x00, 0x00, 0x00, 0x00, 0x00, 0x00, 0x00, 0x00, 0x00, 0x00, 0x00, 0x00, 0x00,
  0x01, 0x00, 0x00, 0x00, 0x00, 0x00, 0x40, 0x00, 0x00, 0x18, 0x00, 0x00, 0x00, 0x00, 0x00, 0x00,
  0x00, 0x00, 0x00, 0x00, 0x00, 0x00, 0x10, 0x00, 0x00, 0x18, 0x00, 0x00, 0x00, 0x00, 0x00, 0x00,
  0x00, 0x00, 0x00, 0x00, 0x00, 0x00, 0x00, 0x00, 0x10, 0x38, 0x00, 0x00, 0x00, 0x00, 0x00, 0x00,
  0x00, 0x00, 0x00, 0x00, 0x00, 0x00, 0x00, 0x00, 0x18, 0x30, 0x00, 0x00, 0x00, 0x00, 0x00, 0x00,
  0x00, 0x04, 0x00, 0x00, 0x00, 0x00, 0x00, 0x00, 0x0c, 0x00, 0x00, 0x00, 0x00, 0x00, 0x01, 0x00,
  0x00, 0x00, 0x00, 0x00, 0x00, 0x00, 0x24, 0x00, 0x00, 0x00, 0x00, 0x00, 0x00, 0x00, 0x00, 0x00,
  0x00, 0x00, 0x00, 0x00, 0x20, 0x00, 0x00, 0x00, 0x01, 0xe0, 0x10, 0x00, 0x00, 0x00, 0x00, 0x00,
  0x00, 0x00, 0x40, 0x00, 0x02, 0x00, 0x00, 0x00, 0x03, 0xf9, 0xf0, 0x00, 0x00, 0x08, 0x00, 0x00,
  0x00, 0x00, 0x00, 0x00, 0x08, 0x00, 0x00, 0x00, 0x07, 0xf1, 0xf0, 0x00, 0x02, 0x00, 0x00, 0x00,
  0x00, 0x00, 0x00, 0x00, 0x00, 0x08, 0x00, 0x00, 0x07, 0xf8, 0x00, 0x00, 0x00, 0x00, 0x02, 0x00,
  0x00, 0x00, 0x00, 0x00, 0x00, 0x02, 0x40, 0x01, 0xe7, 0xf8, 0x00, 0x00, 0x00, 0x28, 0x08, 0x80,
  0x00, 0x00, 0x40, 0x00, 0x00, 0x00, 0x00, 0x03, 0xa3, 0xf0, 0x00, 0x00, 0x40, 0x00, 0x00, 0x00,
  0x00, 0x00, 0x00, 0x00, 0x00, 0x20, 0x40, 0x00, 0x01, 0xa2, 0x10, 0x01, 0x00, 0x00, 0x00, 0x08,
  0x00, 0x40, 0x00, 0x00, 0x00, 0x00, 0x00, 0x00, 0x00, 0x03, 0x00, 0x00, 0x00, 0x00, 0x00, 0x00,
  0x00, 0x00, 0x00, 0x00, 0x00, 0x00, 0x00, 0x00, 0x02, 0x03, 0xc0, 0x00, 0x00, 0x20, 0x00, 0x00,
  0x04, 0x02, 0x80, 0x00, 0x02, 0x00, 0x00, 0x00, 0x07, 0x00, 0xc0, 0x20, 0x20, 0x00, 0x00, 0x08,
  0x00, 0x00, 0x00, 0x00, 0x00, 0x42, 0x00, 0x00, 0x06, 0x00, 0x01, 0x00, 0x00, 0x80, 0x08, 0x00,
  0x02, 0x10, 0x00, 0x00, 0x0c, 0x06, 0x00, 0x00, 0x0e, 0x11, 0x23, 0x01, 0x04, 0x00, 0x00, 0x00,
  0x00, 0x00, 0x00, 0x00, 0x0c, 0x04, 0x00, 0x00, 0x00, 0x03, 0x83, 0x00, 0x00, 0x00, 0x00, 0x00,
  0x00, 0x00, 0x02, 0x00, 0x18, 0x06, 0x00, 0x00, 0x00, 0x40, 0xcb, 0x00, 0x08, 0x00, 0x80, 0x00,
  0x00, 0x00, 0x00, 0x00, 0x2c, 0x06, 0x00, 0x07, 0xe0, 0x02, 0xe2, 0x00, 0x00, 0x00, 0x00, 0x00,
  0x00, 0x00, 0x00, 0x04, 0x08, 0x06, 0x06, 0x86, 0xf0, 0x00, 0x37, 0x10, 0x00, 0x00, 0x00, 0x00,
  0x00, 0x00, 0x00, 0x00, 0x0c, 0x14, 0x0e, 0x0a, 0x18, 0x00, 0x3c, 0x01, 0x00, 0x00, 0x00, 0x00,
  0x02, 0x04, 0x00, 0x00, 0x09, 0x2e, 0x0f, 0x04, 0x38, 0x7c, 0x1e, 0x00, 0x00, 0x00, 0x21, 0x00,
  0x00, 0x00, 0x00, 0x00, 0x4d, 0xfe, 0x0f, 0x0e, 0x18, 0xfe, 0x0c, 0x20, 0x00, 0x00, 0x00, 0x04,
  0x00, 0x00, 0x00, 0x00, 0x0f, 0xa6, 0x1b, 0x04, 0x30, 0xc6, 0x9c, 0x18, 0x03, 0x00, 0x00, 0x00,
  0x00, 0x00, 0x00, 0x01, 0x0c, 0x06, 0x5d, 0x87, 0xf0, 0xc6, 0x08, 0x1a, 0x06, 0x00, 0x08, 0x04,
  0x00, 0x00, 0x00, 0x20, 0x0c, 0x06, 0x7f, 0x87, 0xa0, 0x66, 0x1c, 0x0c, 0x06, 0x00, 0x20, 0x20,
  0x00, 0x00, 0x20, 0x00, 0x18, 0x06, 0x35, 0x82, 0x80, 0xee, 0x18, 0x0e, 0x14, 0x00, 0x00, 0x00,
  0x00, 0x00, 0x00, 0x00, 0x1c, 0x14, 0x31, 0x86, 0x00, 0x7a, 0x18, 0x07, 0x0e, 0x00, 0x00, 0x00,
  0x00, 0x00, 0x00, 0x00, 0x08, 0x06, 0x00, 0xc3, 0x00, 0xe0, 0x32, 0x03, 0x0a, 0x00, 0x00, 0x00,
  0x00, 0x40, 0x00, 0x02, 0x1c, 0x06, 0x00, 0xc6, 0x00, 0x40, 0x74, 0x01, 0x8c, 0x80, 0x00, 0x00,
  0x00, 0x00, 0x00, 0x00, 0x18, 0x06, 0x00, 0x03, 0x00, 0xe0, 0x30, 0x01, 0xdc, 0x00, 0x00, 0x00,
  0x00, 0x48, 0x02, 0x00, 0x14, 0x04, 0x00, 0x00, 0x00, 0x00, 0xa0, 0x60, 0xd8, 0x00, 0x08, 0x10,
  0x00, 0x00, 0x00, 0x00, 0x18, 0x00, 0x00, 0x02, 0x00, 0x22, 0x00, 0xe0, 0x78, 0x00, 0x00, 0x00,
  0x00, 0x00, 0x04, 0x00, 0x80, 0x00, 0x01, 0xfe, 0x00, 0x00, 0x00, 0xf0, 0x38, 0x00, 0x00, 0x00,
  0x00, 0x00, 0x00, 0x05, 0x40, 0x60, 0x08, 0xf8, 0x60, 0x40, 0x00, 0xb0, 0x30, 0x00, 0x00, 0x00,
  0x00, 0x00, 0x00, 0x07, 0xe0, 0x04, 0xf8, 0x20, 0x40, 0x80, 0x09, 0xd8, 0x18, 0x00, 0x00, 0x00,
  0x00, 0x00, 0x00, 0x0d, 0x70, 0x00, 0x6e, 0x30, 0x60, 0xc1, 0x07, 0xf8, 0x30, 0x02, 0x00, 0x00,
  0x00, 0x00, 0x00, 0x06, 0x30, 0x00, 0x4c, 0x30, 0x60, 0xc0, 0x07, 0xb8, 0x30, 0x00, 0x00, 0x00,
  0x00, 0x00, 0x00, 0x06, 0x60, 0x60, 0x6e, 0x30, 0x77, 0xc7, 0x83, 0x18, 0x60, 0x00, 0x00, 0x00,
  0x00, 0x00, 0x00, 0x06, 0xf8, 0x60, 0xf8, 0x30, 0xfe, 0xcb, 0xc2, 0x0c, 0x20, 0x00, 0x01, 0x00,
  0x00, 0x00, 0x00, 0x07, 0xfe, 0x60, 0xf8, 0x20, 0x40, 0xc6, 0x70, 0x0c, 0x60, 0x00, 0x01, 0x00,
  0x00, 0x00, 0x00, 0x0f, 0x06, 0x60, 0x7c, 0x30, 0x60, 0xce, 0x70, 0x4c, 0xe0, 0x00, 0x08, 0x10,
  0x00, 0x00, 0x00, 0x06, 0x06, 0x40, 0xcf, 0x30, 0xe0, 0x84, 0x30, 0x00, 0x40, 0x04, 0x00, 0x00,
  0x00, 0x00, 0x00, 0x06, 0x06, 0x60, 0xc3, 0x30, 0x61, 0xce, 0x30, 0x00, 0xc0, 0x00, 0x00, 0x00,
  0x00, 0x00, 0x00, 0x06, 0x4e, 0x60, 0x01, 0x30, 0xc0, 0x8d, 0x70, 0x00, 0xc0, 0x00, 0x00, 0x00,
  0x00, 0x00, 0x00, 0x06, 0x0a, 0x60, 0x00, 0x30, 0x40, 0x0e, 0x60, 0x80, 0x80, 0x00, 0x00, 0x00,
  0x00, 0x00, 0x00, 0x06, 0x1c, 0x20, 0x00, 0x00, 0x00, 0x15, 0xe0, 0x00, 0x84, 0x00, 0x00, 0x00,
  0x00, 0x01, 0x00, 0x06, 0x38, 0x00, 0x02, 0x00, 0x00, 0x0f, 0x82, 0x00, 0x00, 0x00, 0x00, 0x00,
  0x00, 0x00, 0x00, 0x06, 0x70, 0x00, 0x00, 0x00, 0x00, 0x06, 0x80, 0x00, 0x00, 0x00, 0x00, 0x00,
  0x00, 0x00, 0x00, 0x07, 0xe0, 0x00, 0x20, 0x00, 0x00, 0x00, 0x10, 0x00, 0x00, 0x10, 0x00, 0x00,
  0x00, 0x00, 0x00, 0x07, 0x90, 0x00, 0x00, 0x00, 0x00, 0x00, 0x00, 0x00, 0x00, 0x00, 0x00, 0x00,
  0x00, 0x02, 0x10, 0x02, 0x80, 0x04, 0x00, 0x00, 0x00, 0x00, 0x00, 0x00, 0x00, 0x00, 0x00, 0x00,
  0x00, 0x00, 0x00, 0x00, 0x00, 0x00, 0x60, 0x10, 0x00, 0x00, 0x00, 0x40, 0x10, 0x40, 0x00, 0x00,
  0x00, 0x00, 0x00, 0x00, 0x00, 0x02, 0x40, 0x10, 0x00, 0x00, 0x01, 0x00, 0x00, 0x00, 0x01, 0x00,
  0x00, 0x00, 0x00, 0x00, 0x20, 0x00, 0x00, 0x00, 0x00, 0x00, 0x00, 0x00, 0x80, 0x40, 0x00, 0x00,
  0x00, 0x00, 0x00, 0x10, 0x00, 0x06, 0x00, 0x06, 0x00, 0x00, 0x00, 0x00, 0x00, 0x00, 0x00, 0x00,
  0x00, 0x02, 0x00, 0x40, 0x00, 0x03, 0x80, 0x0e, 0x00, 0x00, 0x00, 0x00, 0x00, 0x00, 0x00, 0x00,
  0x00, 0x00, 0x00, 0x00, 0x20, 0x01, 0xc0, 0x78, 0x00, 0x00, 0x00, 0x20, 0x04, 0x00, 0x00, 0x02,
  0x00, 0x80, 0x00, 0x84, 0x00, 0x80, 0xbf, 0xd4, 0x00, 0x00, 0x00, 0x40, 0x00, 0x00, 0x00, 0x00,
  0x08, 0x04, 0x00, 0x20, 0x04, 0x00, 0x3f, 0xa0, 0x00, 0x00, 0x00, 0x00, 0x08, 0x00, 0x10, 0x00,
  0x00, 0x00, 0x00, 0x80, 0x41, 0x00, 0x00, 0x00, 0x00, 0x00, 0x00, 0x01, 0x40, 0x00, 0x00, 0x00
};

const uint8_t PROGMEM frame113[1024] = {
  0x00, 0x00, 0x00, 0x00, 0x00, 0x00, 0x00, 0x00, 0x00, 0x00, 0x00, 0x00, 0x00, 0x00, 0x00, 0x00,
  0x01, 0x00, 0x00, 0x00, 0x00, 0x00, 0x40, 0x00, 0x00, 0x18, 0x00, 0x00, 0x00, 0x00, 0x00, 0x00,
  0x00, 0x00, 0x00, 0x00, 0x00, 0x00, 0x10, 0x00, 0x00, 0x18, 0x00, 0x00, 0x00, 0x00, 0x00, 0x00,
  0x00, 0x00, 0x00, 0x00, 0x00, 0x00, 0x00, 0x00, 0x10, 0x38, 0x00, 0x00, 0x00, 0x00, 0x00, 0x00,
  0x00, 0x00, 0x00, 0x00, 0x00, 0x00, 0x00, 0x00, 0x18, 0x30, 0x00, 0x00, 0x00, 0x00, 0x00, 0x00,
  0x00, 0x04, 0x00, 0x00, 0x00, 0x00, 0x00, 0x00, 0x0c, 0x00, 0x00, 0x00, 0x00, 0x00, 0x01, 0x00,
  0x00, 0x00, 0x00, 0x00, 0x00, 0x00, 0x24, 0x00, 0x00, 0x00, 0x00, 0x00, 0x00, 0x00, 0x00, 0x00,
  0x00, 0x00, 0x00, 0x00, 0x20, 0x00, 0x00, 0x00, 0x01, 0xe0, 0x10, 0x00, 0x00, 0x00, 0x00, 0x00,
  0x00, 0x00, 0x40, 0x00, 0x02, 0x00, 0x00, 0x00, 0x03, 0xf9, 0xf0, 0x00, 0x00, 0x08, 0x00, 0x00,
  0x00, 0x00, 0x00, 0x00, 0x08, 0x00, 0x00, 0x00, 0x07, 0xf1, 0xf0, 0x00, 0x02, 0x00, 0x00, 0x00,
  0x00, 0x00, 0x00, 0x00, 0x00, 0x08, 0x00, 0x00, 0x07, 0xf8, 0x00, 0x00, 0x00, 0x00, 0x02, 0x00,
  0x00, 0x00, 0x00, 0x00, 0x00, 0x02, 0x40, 0x01, 0xe7, 0xf8, 0x00, 0x00, 0x00, 0x28, 0x08, 0x80,
  0x00, 0x00, 0x40, 0x00, 0x00, 0x00, 0x00, 0x03, 0xa3, 0xf0, 0x00, 0x00, 0x40, 0x00, 0x00, 0x00,
  0x00, 0x00, 0x00, 0x00, 0x00, 0x20, 0x40, 0x00, 0x01, 0xa2, 0x10, 0x01, 0x00, 0x00, 0x00, 0x08,
  0x00, 0x40, 0x00, 0x00, 0x00, 0x00, 0x00, 0x00, 0x00, 0x03, 0x00, 0x00, 0x00, 0x00, 0x00, 0x00,
  0x00, 0x00, 0x00, 0x00, 0x00, 0x00, 0x00, 0x00, 0x02, 0x03, 0xc0, 0x00, 0x00, 0x20, 0x00, 0x00,
  0x04, 0x02, 0x80, 0x00, 0x02, 0x00, 0x00, 0x00, 0x07, 0x00, 0xc0, 0x20, 0x20, 0x00, 0x00, 0x08,
  0x00, 0x00, 0x00, 0x00, 0x00, 0x42, 0x00, 0x00, 0x06, 0x00, 0x01, 0x00, 0x00, 0x80, 0x08, 0x00,
  0x02, 0x10, 0x00, 0x00, 0x0c, 0x06, 0x00, 0x00, 0x0e, 0x11, 0x23, 0x01, 0x04, 0x00, 0x00, 0x00,
  0x00, 0x00, 0x00, 0x00, 0x0c, 0x04, 0x00, 0x00, 0x00, 0x03, 0x83, 0x00, 0x00, 0x00, 0x00, 0x00,
  0x00, 0x00, 0x02, 0x00, 0x18, 0x06, 0x00, 0x00, 0x00, 0x40, 0xcb, 0x00, 0x08, 0x00, 0x80, 0x00,
  0x00, 0x00, 0x00, 0x00, 0x2c, 0x06, 0x00, 0x07, 0xe0, 0x02, 0xe2, 0x00, 0x00, 0x00, 0x00, 0x00,
  0x00, 0x00, 0x00, 0x04, 0x08, 0x06, 0x06, 0x86, 0xf0, 0x00, 0x37, 0x10, 0x00, 0x00, 0x00, 0x00,
  0x00, 0x00, 0x00, 0x00, 0x0c, 0x14, 0x0e, 0x0a, 0x18, 0x00, 0x3c, 0x01, 0x00, 0x00, 0x00, 0x00,
  0x02, 0x04, 0x00, 0x00, 0x09, 0x2e, 0x0f, 0x04, 0x38, 0x7c, 0x1e, 0x00, 0x00, 0x00, 0x21, 0x00,
  0x00, 0x00, 0x00, 0x00, 0x4d, 0xfe, 0x0f, 0x0e, 0x18, 0xfe, 0x0c, 0x20, 0x00, 0x00, 0x00, 0x04,
  0x00, 0x00, 0x00, 0x00, 0x0f, 0xa6, 0x1b, 0x04, 0x30, 0xc6, 0x9c, 0x18, 0x03, 0x00, 0x00, 0x00,
  0x00, 0x00, 0x00, 0x01, 0x0c, 0x06, 0x5d, 0x87, 0xf0, 0xc6, 0x08, 0x1a, 0x06, 0x00, 0x08, 0x04,
  0x00, 0x00, 0x00, 0x20, 0x0c, 0x06, 0x7f, 0x87, 0xa0, 0x66, 0x1c, 0x0c, 0x06, 0x00, 0x20, 0x20,
  0x00, 0x00, 0x20, 0x00, 0x18, 0x06, 0x35, 0x82, 0x80, 0xee, 0x18, 0x0e, 0x14, 0x00, 0x00, 0x00,
  0x00, 0x00, 0x00, 0x00, 0x1c, 0x14, 0x31, 0x86, 0x00, 0x7a, 0x18, 0x07, 0x0e, 0x00, 0x00, 0x00,
  0x00, 0x00, 0x00, 0x00, 0x08, 0x06, 0x00, 0xc3, 0x00, 0xe0, 0x32, 0x03, 0x0a, 0x00, 0x00, 0x00,
  0x00, 0x40, 0x00, 0x02, 0x1c, 0x06, 0x00, 0xc6, 0x00, 0x40, 0x74, 0x01, 0x8c, 0x80, 0x00, 0x00,
  0x00, 0x00, 0x00, 0x00, 0x18, 0x06, 0x00, 0x03, 0x00, 0xe0, 0x30, 0x01, 0xdc, 0x00, 0x00, 0x00,
  0x00, 0x48, 0x02, 0x00, 0x14, 0x04, 0x00, 0x00, 0x00, 0x00, 0xa0, 0x60, 0xd8, 0x00, 0x08, 0x10,
  0x00, 0x00, 0x00, 0x00, 0x18, 0x00, 0x00, 0x02, 0x00, 0x22, 0x00, 0xe0, 0x78, 0x00, 0x00, 0x00,
  0x00, 0x00, 0x04, 0x00, 0x80, 0x00, 0x01, 0xfe, 0x00, 0x00, 0x00, 0xf0, 0x38, 0x00, 0x00, 0x00,
  0x00, 0x00, 0x00, 0x05, 0x40, 0x60, 0x08, 0xf8, 0x60, 0x40, 0x00, 0xb0, 0x30, 0x00, 0x00, 0x00,
  0x00, 0x00, 0x00, 0x07, 0xe0, 0x04, 0xf8, 0x20, 0x40, 0x80, 0x09, 0xd8, 0x18, 0x00, 0x00, 0x00,
  0x00, 0x00, 0x00, 0x0d, 0x70, 0x00, 0x6e, 0x30, 0x60, 0xc1, 0x07, 0xf8, 0x30, 0x02, 0x00, 0x00,
  0x00, 0x00, 0x00, 0x06, 0x30, 0x00, 0x4c, 0x30, 0x60, 0xc0, 0x07, 0xb8, 0x30, 0x00, 0x00, 0x00,
  0x00, 0x00, 0x00, 0x06, 0x60, 0x60, 0x6e, 0x30, 0x77, 0xc7, 0x83, 0x18, 0x60, 0x00, 0x00, 0x00,
  0x00, 0x00, 0x00, 0x06, 0xf8, 0x60, 0xf8, 0x30, 0xfe, 0xcb, 0xc2, 0x0c, 0x20, 0x00, 0x01, 0x00,
  0x00, 0x00, 0x00, 0x07, 0xfe, 0x60, 0xf8, 0x20, 0x40, 0xc6, 0x70, 0x0c, 0x60, 0x00, 0x01, 0x00,
  0x00, 0x00, 0x00, 0x0f, 0x06, 0x60, 0x7c, 0x30, 0x60, 0xce, 0x70, 0x4c, 0xe0, 0x00, 0x08, 0x10,
  0x00, 0x00, 0x00, 0x06, 0x06, 0x40, 0xcf, 0x30, 0xe0, 0x84, 0x30, 0x00, 0x40, 0x04, 0x00, 0x00,
  0x00, 0x00, 0x00, 0x06, 0x06, 0x60, 0xc3, 0x30, 0x61, 0xce, 0x30, 0x00, 0xc0, 0x00, 0x00, 0x00,
  0x00, 0x00, 0x00, 0x06, 0x4e, 0x60, 0x01, 0x30, 0xc0, 0x8d, 0x70, 0x00, 0xc0, 0x00, 0x00, 0x00,
  0x00, 0x00, 0x00, 0x06, 0x0a, 0x60, 0x00, 0x30, 0x40, 0x0e, 0x60, 0x80, 0x80, 0x00, 0x00, 0x00,
  0x00, 0x00, 0x00, 0x06, 0x1c, 0x20, 0x00, 0x00, 0x00, 0x15, 0xe0, 0x00, 0x84, 0x00, 0x00, 0x00,
  0x00, 0x01, 0x00, 0x06, 0x38, 0x00, 0x02, 0x00, 0x00, 0x0f, 0x82, 0x00, 0x00, 0x00, 0x00, 0x00,
  0x00, 0x00, 0x00, 0x06, 0x70, 0x00, 0x00, 0x00, 0x00, 0x06, 0x80, 0x00, 0x00, 0x00, 0x00, 0x00,
  0x00, 0x00, 0x00, 0x07, 0xe0, 0x00, 0x20, 0x00, 0x00, 0x00, 0x10, 0x00, 0x00, 0x10, 0x00, 0x00,
  0x00, 0x00, 0x00, 0x07, 0x90, 0x00, 0x00, 0x00, 0x00, 0x00, 0x00, 0x00, 0x00, 0x00, 0x00, 0x00,
  0x00, 0x02, 0x10, 0x02, 0x80, 0x04, 0x00, 0x00, 0x00, 0x00, 0x00, 0x00, 0x00, 0x00, 0x00, 0x00,
  0x00, 0x00, 0x00, 0x00, 0x00, 0x00, 0x60, 0x10, 0x00, 0x00, 0x00, 0x40, 0x10, 0x40, 0x00, 0x00,
  0x00, 0x00, 0x00, 0x00, 0x00, 0x02, 0x40, 0x10, 0x00, 0x00, 0x01, 0x00, 0x00, 0x00, 0x01, 0x00,
  0x00, 0x00, 0x00, 0x00, 0x20, 0x00, 0x00, 0x00, 0x00, 0x00, 0x00, 0x00, 0x80, 0x40, 0x00, 0x00,
  0x00, 0x00, 0x00, 0x10, 0x00, 0x06, 0x00, 0x06, 0x00, 0x00, 0x00, 0x00, 0x00, 0x00, 0x00, 0x00,
  0x00, 0x02, 0x00, 0x40, 0x00, 0x03, 0x80, 0x0e, 0x00, 0x00, 0x00, 0x00, 0x00, 0x00, 0x00, 0x00,
  0x00, 0x00, 0x00, 0x00, 0x20, 0x01, 0xc0, 0x78, 0x00, 0x00, 0x00, 0x20, 0x04, 0x00, 0x00, 0x02,
  0x00, 0x80, 0x00, 0x84, 0x00, 0x80, 0xbf, 0xd4, 0x00, 0x00, 0x00, 0x40, 0x00, 0x00, 0x00, 0x00,
  0x08, 0x04, 0x00, 0x20, 0x04, 0x00, 0x3f, 0xa0, 0x00, 0x00, 0x00, 0x00, 0x08, 0x00, 0x10, 0x00,
  0x00, 0x00, 0x00, 0x80, 0x41, 0x00, 0x00, 0x00, 0x00, 0x00, 0x00, 0x01, 0x40, 0x00, 0x00, 0x00
};

const uint8_t PROGMEM frame114[1024] = {
  0x00, 0x00, 0x00, 0x00, 0x00, 0x00, 0x00, 0x00, 0x00, 0x00, 0x00, 0x00, 0x00, 0x00, 0x00, 0x00,
  0x00, 0x00, 0x00, 0x00, 0x00, 0x00, 0x00, 0x00, 0x00, 0x18, 0x00, 0x00, 0x00, 0x00, 0x00, 0x00,
  0x00, 0x80, 0x00, 0x00, 0x00, 0x00, 0x00, 0x00, 0x00, 0x18, 0x00, 0x00, 0x00, 0x00, 0x00, 0x00,
  0x00, 0x00, 0x00, 0x00, 0x00, 0x00, 0x08, 0x00, 0x10, 0x38, 0x00, 0x00, 0x00, 0x00, 0x00, 0x00,
  0x00, 0x00, 0x00, 0x00, 0x00, 0x00, 0x00, 0x00, 0x18, 0x30, 0x00, 0x00, 0x00, 0x00, 0x00, 0x00,
  0x00, 0x00, 0x00, 0x00, 0x00, 0x00, 0x00, 0x00, 0x0c, 0x00, 0x00, 0x00, 0x00, 0x00, 0x00, 0x00,
  0x00, 0x02, 0x00, 0x00, 0x00, 0x00, 0x04, 0x00, 0x00, 0x00, 0x00, 0x00, 0x00, 0x00, 0x01, 0x00,
  0x00, 0x00, 0x00, 0x00, 0x00, 0x00, 0x00, 0x00, 0x01, 0xe0, 0x10, 0x00, 0x00, 0x00, 0x00, 0x00,
  0x00, 0x00, 0x00, 0x00, 0x44, 0x00, 0x00, 0x00, 0x03, 0xf9, 0xf0, 0x00, 0x00, 0x08, 0x00, 0x00,
  0x00, 0x00, 0x00, 0x00, 0x00, 0x00, 0x00, 0x00, 0x07, 0xf1, 0xf0, 0x00, 0x00, 0x00, 0x00, 0x00,
  0x00, 0x00, 0x00, 0x00, 0x04, 0x00, 0x00, 0x00, 0x07, 0xf8, 0x00, 0x00, 0x00, 0x00, 0x00, 0x00,
  0x00, 0x00, 0x00, 0x00, 0x00, 0x08, 0x40, 0x01, 0xe7, 0xf8, 0x00, 0x00, 0x00, 0x28, 0x05, 0x00,
  0x00, 0x00, 0x40, 0x00, 0x00, 0x01, 0x00, 0x03, 0xa3, 0xf0, 0x00, 0x00, 0x20, 0x00, 0x00, 0x00,
  0x00, 0x00, 0x00, 0x00, 0x00, 0x20, 0x20, 0x00, 0x01, 0xa2, 0x00, 0x00, 0x80, 0x00, 0x00, 0x00,
  0x00, 0x00, 0x00, 0x00, 0x00, 0x00, 0x00, 0x00, 0x00, 0x03, 0x04, 0x00, 0x00, 0x00, 0x00, 0x00,
  0x04, 0x00, 0x00, 0x00, 0x00, 0x00, 0x00, 0x00, 0x02, 0x03, 0xc0, 0x00, 0x00, 0x00, 0x00, 0x08,
  0x00, 0x00, 0x80, 0x00, 0x00, 0x00, 0x00, 0x00, 0x07, 0x00, 0xc0, 0x20, 0x00, 0x00, 0x00, 0x00,
  0x00, 0x00, 0x00, 0x00, 0x02, 0x02, 0x00, 0x00, 0x06, 0x00, 0x00, 0x00, 0x40, 0x00, 0x00, 0x00,
  0x02, 0x10, 0x00, 0x00, 0x0c, 0x06, 0x00, 0x00, 0x0e, 0x01, 0x13, 0x82, 0x04, 0x84, 0x00, 0x00,
  0x00, 0x00, 0x00, 0x00, 0x08, 0x04, 0x00, 0x00, 0x00, 0x13, 0x83, 0x00, 0x00, 0x00, 0x00, 0x00,
  0x00, 0x00, 0x00, 0x00, 0x0c, 0x06, 0x00, 0x00, 0x00, 0x40, 0xc2, 0x00, 0x08, 0x00, 0x00, 0x84,
  0x00, 0x00, 0x00, 0x00, 0x0c, 0x06, 0x00, 0x07, 0xe0, 0x00, 0xe7, 0x00, 0x00, 0x00, 0x00, 0x00,
  0x00, 0x00, 0x00, 0x02, 0x0c, 0x06, 0x06, 0x05, 0xf0, 0x00, 0x74, 0x00, 0x00, 0x00, 0x00, 0x00,
  0x00, 0x00, 0x00, 0x00, 0x08, 0x0c, 0x0e, 0x0c, 0x18, 0x00, 0x1e, 0x00, 0x00, 0x00, 0x00, 0x00,
  0x00, 0x00, 0x00, 0x00, 0x0c, 0x36, 0x0f, 0x06, 0x18, 0x7c, 0x1e, 0x01, 0x00, 0x00, 0x41, 0x00,
  0x00, 0x00, 0x00, 0x00, 0x2d, 0xfe, 0x0f, 0x0a, 0x38, 0xfe, 0x0c, 0x20, 0x00, 0x00, 0x10, 0x00,
  0x00, 0x00, 0x00, 0x00, 0x0f, 0xc6, 0x1b, 0x06, 0x30, 0xc6, 0x9c, 0x18, 0x03, 0x00, 0x00, 0x00,
  0x00, 0x00, 0x00, 0x00, 0x8c, 0x06, 0x3b, 0x86, 0xe0, 0xc6, 0x08, 0x1a, 0x06, 0x00, 0x04, 0x04,
  0x00, 0x00, 0x00, 0x20, 0x0c, 0x06, 0x7f, 0x07, 0xc0, 0xc6, 0x1c, 0x0c, 0x06, 0x00, 0x00, 0x00,
  0x00, 0x00, 0x20, 0x00, 0x18, 0x06, 0x35, 0x83, 0x00, 0x7e, 0x18, 0x0e, 0x04, 0x00, 0x00, 0x00,
  0x00, 0x00, 0x00, 0x00, 0x0c, 0x0a, 0x31, 0xc6, 0x00, 0xf8, 0x18, 0x07, 0x16, 0x00, 0x00, 0x00,
  0x00, 0x00, 0x00, 0x00, 0x18, 0x06, 0x00, 0xc3, 0x00, 0x64, 0x30, 0x03, 0x0c, 0x00, 0x00, 0x00,
  0x00, 0x40, 0x20, 0x00, 0x0c, 0x06, 0x00, 0xc6, 0x00, 0xc0, 0x74, 0x01, 0x8c, 0x80, 0x00, 0x00,
  0x00, 0x00, 0x00, 0x02, 0x18, 0x06, 0x00, 0x03, 0x00, 0xe0, 0x30, 0x01, 0xcc, 0x00, 0x00, 0x00,
  0x00, 0x40, 0x00, 0x00, 0x18, 0x04, 0x00, 0x00, 0x00, 0x00, 0x40, 0x60, 0xf8, 0x00, 0x08, 0x00,
  0x00, 0x00, 0x00, 0x00, 0x14, 0x00, 0x00, 0x02, 0x00, 0x00, 0x00, 0xe0, 0x58, 0x00, 0x00, 0x00,
  0x00, 0x00, 0x00, 0x00, 0x80, 0x00, 0x01, 0xfc, 0x00, 0x80, 0x00, 0xf0, 0x38, 0x00, 0x00, 0x00,
  0x00, 0x00, 0x00, 0x0a, 0x88, 0x60, 0x00, 0xfc, 0x60, 0x00, 0x00, 0xf0, 0x30, 0x00, 0x00, 0x00,
  0x00, 0x00, 0x00, 0x07, 0xe0, 0x04, 0x7c, 0x10, 0x60, 0xc2, 0x11, 0xb0, 0x18, 0x00, 0x00, 0x00,
  0x00, 0x00, 0x00, 0x0d, 0x70, 0x00, 0x7e, 0x30, 0x60, 0xc0, 0x07, 0xf8, 0x30, 0x02, 0x00, 0x00,
  0x00, 0x00, 0x00, 0x06, 0x60, 0x00, 0xc4, 0x30, 0x60, 0xc0, 0x07, 0xf8, 0x70, 0x00, 0x00, 0x00,
  0x00, 0x00, 0x00, 0x04, 0x70, 0x60, 0x6e, 0x30, 0x6f, 0x87, 0x83, 0x0c, 0x20, 0x00, 0x00, 0x00,
  0x00, 0x00, 0x00, 0x0f, 0xf4, 0x60, 0xf8, 0x10, 0x7a, 0xd6, 0xe2, 0x1c, 0x60, 0x00, 0x01, 0x00,
  0x00, 0x00, 0x00, 0x07, 0xdc, 0x60, 0x78, 0x30, 0x60, 0xc6, 0xe8, 0x0c, 0x60, 0x00, 0x00, 0x00,
  0x00, 0x00, 0x00, 0x07, 0x06, 0x60, 0xfc, 0x30, 0xc0, 0xcc, 0x70, 0x04, 0x40, 0x00, 0x01, 0x00,
  0x00, 0x00, 0x00, 0x06, 0x0e, 0x60, 0x8e, 0x30, 0x61, 0x86, 0x20, 0x00, 0xc0, 0x04, 0x00, 0x00,
  0x00, 0x00, 0x00, 0x06, 0x06, 0x60, 0xe3, 0xb0, 0xe0, 0xce, 0x30, 0x00, 0xc0, 0x40, 0x00, 0x00,
  0x00, 0x00, 0x00, 0x06, 0x06, 0x60, 0x02, 0x30, 0x40, 0x84, 0x70, 0x00, 0x80, 0x00, 0x00, 0x00,
  0x00, 0x00, 0x00, 0x06, 0x0c, 0x60, 0x00, 0x30, 0xc0, 0x0e, 0xe0, 0x00, 0xc0, 0x00, 0x00, 0x00,
  0x00, 0x00, 0x00, 0x06, 0x1c, 0x40, 0x00, 0x00, 0x00, 0x16, 0xc1, 0x00, 0x04, 0x00, 0x00, 0x00,
  0x00, 0x00, 0x00, 0x06, 0x38, 0x00, 0x00, 0x00, 0x00, 0x0f, 0xc0, 0x00, 0x00, 0x00, 0x00, 0x00,
  0x00, 0x00, 0x80, 0x06, 0xf0, 0x00, 0x00, 0x00, 0x00, 0x07, 0x08, 0x00, 0x00, 0x00, 0x00, 0x00,
  0x00, 0x00, 0x00, 0x07, 0x60, 0x00, 0x00, 0x00, 0x00, 0x00, 0x00, 0x00, 0x00, 0x00, 0x00, 0x00,
  0x00, 0x00, 0x00, 0x07, 0xc8, 0x00, 0x20, 0x00, 0x00, 0x00, 0x00, 0x00, 0x00, 0x00, 0x00, 0x00,
  0x00, 0x00, 0x00, 0x03, 0x00, 0x04, 0x00, 0x00, 0x00, 0x00, 0x00, 0x00, 0x00, 0x00, 0x00, 0x00,
  0x00, 0x00, 0x00, 0x00, 0x00, 0x00, 0x40, 0x28, 0x00, 0x00, 0x00, 0x41, 0x10, 0x40, 0x00, 0x00,
  0x00, 0x00, 0x00, 0x00, 0x00, 0x00, 0x60, 0x10, 0x00, 0x00, 0x01, 0x00, 0x00, 0x00, 0x00, 0x00,
  0x00, 0x00, 0x00, 0x00, 0x00, 0x02, 0x00, 0x00, 0x00, 0x00, 0x00, 0x00, 0x00, 0x00, 0x00, 0x00,
  0x00, 0x00, 0x00, 0x00, 0x20, 0x06, 0x00, 0x06, 0x00, 0x00, 0x02, 0x00, 0x00, 0x00, 0x00, 0x00,
  0x00, 0x00, 0x00, 0x50, 0x00, 0x03, 0x00, 0x0e, 0x00, 0x00, 0x00, 0x00, 0x80, 0x00, 0x00, 0x00,
  0x00, 0x00, 0x00, 0x00, 0x00, 0x01, 0xc0, 0x78, 0x00, 0x00, 0x00, 0x00, 0x02, 0x00, 0x00, 0x00,
  0x00, 0x00, 0x80, 0x04, 0x00, 0x40, 0xff, 0xd0, 0x00, 0x00, 0x00, 0x00, 0x00, 0x00, 0x00, 0x02,
  0x00, 0x00, 0x00, 0x80, 0x02, 0x00, 0x3f, 0xa0, 0x00, 0x00, 0x00, 0x00, 0x08, 0x00, 0x00, 0x00,
  0x00, 0x00, 0x00, 0x00, 0x20, 0x00, 0x00, 0x00, 0x00, 0x00, 0x00, 0x08, 0x00, 0x00, 0x00, 0x00
};

const uint8_t PROGMEM frame115[1024] = {
  0x00, 0x00, 0x00, 0x00, 0x00, 0x00, 0x00, 0x00, 0x00, 0x00, 0x00, 0x00, 0x00, 0x00, 0x00, 0x00,
  0x00, 0x00, 0x00, 0x00, 0x00, 0x00, 0x00, 0x00, 0x00, 0x18, 0x00, 0x00, 0x00, 0x00, 0x00, 0x00,
  0x00, 0x80, 0x00, 0x00, 0x00, 0x00, 0x00, 0x00, 0x00, 0x18, 0x00, 0x00, 0x00, 0x00, 0x00, 0x00,
  0x00, 0x00, 0x00, 0x00, 0x00, 0x00, 0x08, 0x00, 0x10, 0x38, 0x00, 0x00, 0x00, 0x00, 0x00, 0x00,
  0x00, 0x00, 0x00, 0x00, 0x00, 0x00, 0x00, 0x00, 0x18, 0x30, 0x00, 0x00, 0x00, 0x00, 0x00, 0x00,
  0x00, 0x00, 0x00, 0x00, 0x00, 0x00, 0x00, 0x00, 0x0c, 0x00, 0x00, 0x00, 0x00, 0x00, 0x00, 0x00,
  0x00, 0x02, 0x00, 0x00, 0x00, 0x00, 0x04, 0x00, 0x00, 0x00, 0x00, 0x00, 0x00, 0x00, 0x01, 0x00,
  0x00, 0x00, 0x00, 0x00, 0x00, 0x00, 0x00, 0x00, 0x01, 0xe0, 0x10, 0x00, 0x00, 0x00, 0x00, 0x00,
  0x00, 0x00, 0x00, 0x00, 0x44, 0x00, 0x00, 0x00, 0x03, 0xf9, 0xf0, 0x00, 0x00, 0x08, 0x00, 0x00,
  0x00, 0x00, 0x00, 0x00, 0x00, 0x00, 0x00, 0x00, 0x07, 0xf1, 0xf0, 0x00, 0x00, 0x00, 0x00, 0x00,
  0x00, 0x00, 0x00, 0x00, 0x04, 0x00, 0x00, 0x00, 0x07, 0xf8, 0x00, 0x00, 0x00, 0x00, 0x00, 0x00,
  0x00, 0x00, 0x00, 0x00, 0x00, 0x08, 0x40, 0x01, 0xe7, 0xf8, 0x00, 0x00, 0x00, 0x28, 0x05, 0x00,
  0x00, 0x00, 0x40, 0x00, 0x00, 0x01, 0x00, 0x03, 0xa3, 0xf0, 0x00, 0x00, 0x20, 0x00, 0x00, 0x00,
  0x00, 0x00, 0x00, 0x00, 0x00, 0x20, 0x20, 0x00, 0x01, 0xa2, 0x00, 0x00, 0x80, 0x00, 0x00, 0x00,
  0x00, 0x00, 0x00, 0x00, 0x00, 0x00, 0x00, 0x00, 0x00, 0x03, 0x04, 0x00, 0x00, 0x00, 0x00, 0x00,
  0x04, 0x00, 0x00, 0x00, 0x00, 0x00, 0x00, 0x00, 0x02, 0x03, 0xc0, 0x00, 0x00, 0x00, 0x00, 0x08,
  0x00, 0x00, 0x80, 0x00, 0x00, 0x00, 0x00, 0x00, 0x07, 0x00, 0xc0, 0x20, 0x00, 0x00, 0x00, 0x00,
  0x00, 0x00, 0x00, 0x00, 0x02, 0x02, 0x00, 0x00, 0x06, 0x00, 0x00, 0x00, 0x40, 0x00, 0x00, 0x00,
  0x02, 0x10, 0x00, 0x00, 0x0c, 0x06, 0x00, 0x00, 0x0e, 0x01, 0x13, 0x82, 0x04, 0x84, 0x00, 0x00,
  0x00, 0x00, 0x00, 0x00, 0x08, 0x04, 0x00, 0x00, 0x00, 0x13, 0x83, 0x00, 0x00, 0x00, 0x00, 0x00,
  0x00, 0x00, 0x00, 0x00, 0x0c, 0x06, 0x00, 0x00, 0x00, 0x40, 0xc2, 0x00, 0x08, 0x00, 0x00, 0x84,
  0x00, 0x00, 0x00, 0x00, 0x0c, 0x06, 0x00, 0x07, 0xe0, 0x00, 0xe7, 0x00, 0x00, 0x00, 0x00, 0x00,
  0x00, 0x00, 0x00, 0x02, 0x0c, 0x06, 0x06, 0x05, 0xf0, 0x00, 0x74, 0x00, 0x00, 0x00, 0x00, 0x00,
  0x00, 0x00, 0x00, 0x00, 0x08, 0x0c, 0x0e, 0x0c, 0x18, 0x00, 0x1e, 0x00, 0x00, 0x00, 0x00, 0x00,
  0x00, 0x00, 0x00, 0x00, 0x0c, 0x36, 0x0f, 0x06, 0x18, 0x7c, 0x1e, 0x01, 0x00, 0x00, 0x41, 0x00,
  0x00, 0x00, 0x00, 0x00, 0x2d, 0xfe, 0x0f, 0x0a, 0x38, 0xfe, 0x0c, 0x20, 0x00, 0x00, 0x10, 0x00,
  0x00, 0x00, 0x00, 0x00, 0x0f, 0xc6, 0x1b, 0x06, 0x30, 0xc6, 0x9c, 0x18, 0x03, 0x00, 0x00, 0x00,
  0x00, 0x00, 0x00, 0x00, 0x8c, 0x06, 0x3b, 0x86, 0xe0, 0xc6, 0x08, 0x1a, 0x06, 0x00, 0x04, 0x04,
  0x00, 0x00, 0x00, 0x20, 0x0c, 0x06, 0x7f, 0x07, 0xc0, 0xc6, 0x1c, 0x0c, 0x06, 0x00, 0x00, 0x00,
  0x00, 0x00, 0x20, 0x00, 0x18, 0x06, 0x35, 0x83, 0x00, 0x7e, 0x18, 0x0e, 0x04, 0x00, 0x00, 0x00,
  0x00, 0x00, 0x00, 0x00, 0x0c, 0x0a, 0x31, 0xc6, 0x00, 0xf8, 0x18, 0x07, 0x16, 0x00, 0x00, 0x00,
  0x00, 0x00, 0x00, 0x00, 0x18, 0x06, 0x00, 0xc3, 0x00, 0x64, 0x30, 0x03, 0x0c, 0x00, 0x00, 0x00,
  0x00, 0x40, 0x20, 0x00, 0x0c, 0x06, 0x00, 0xc6, 0x00, 0xc0, 0x74, 0x01, 0x8c, 0x80, 0x00, 0x00,
  0x00, 0x00, 0x00, 0x02, 0x18, 0x06, 0x00, 0x03, 0x00, 0xe0, 0x30, 0x01, 0xcc, 0x00, 0x00, 0x00,
  0x00, 0x40, 0x00, 0x00, 0x18, 0x04, 0x00, 0x00, 0x00, 0x00, 0x40, 0x60, 0xf8, 0x00, 0x08, 0x00,
  0x00, 0x00, 0x00, 0x00, 0x14, 0x00, 0x00, 0x02, 0x00, 0x00, 0x00, 0xe0, 0x58, 0x00, 0x00, 0x00,
  0x00, 0x00, 0x00, 0x00, 0x80, 0x00, 0x01, 0xfc, 0x00, 0x80, 0x00, 0xf0, 0x38, 0x00, 0x00, 0x00,
  0x00, 0x00, 0x00, 0x0a, 0x88, 0x60, 0x00, 0xfc, 0x60, 0x00, 0x00, 0xf0, 0x30, 0x00, 0x00, 0x00,
  0x00, 0x00, 0x00, 0x07, 0xe0, 0x04, 0x7c, 0x10, 0x60, 0xc2, 0x11, 0xb0, 0x18, 0x00, 0x00, 0x00,
  0x00, 0x00, 0x00, 0x0d, 0x70, 0x00, 0x7e, 0x30, 0x60, 0xc0, 0x07, 0xf8, 0x30, 0x02, 0x00, 0x00,
  0x00, 0x00, 0x00, 0x06, 0x60, 0x00, 0xc4, 0x30, 0x60, 0xc0, 0x07, 0xf8, 0x70, 0x00, 0x00, 0x00,
  0x00, 0x00, 0x00, 0x04, 0x70, 0x60, 0x6e, 0x30, 0x6f, 0x87, 0x83, 0x0c, 0x20, 0x00, 0x00, 0x00,
  0x00, 0x00, 0x00, 0x0f, 0xf4, 0x60, 0xf8, 0x10, 0x7a, 0xd6, 0xe2, 0x1c, 0x60, 0x00, 0x01, 0x00,
  0x00, 0x00, 0x00, 0x07, 0xdc, 0x60, 0x78, 0x30, 0x60, 0xc6, 0xe8, 0x0c, 0x60, 0x00, 0x00, 0x00,
  0x00, 0x00, 0x00, 0x07, 0x06, 0x60, 0xfc, 0x30, 0xc0, 0xcc, 0x70, 0x04, 0x40, 0x00, 0x01, 0x00,
  0x00, 0x00, 0x00, 0x06, 0x0e, 0x60, 0x8e, 0x30, 0x61, 0x86, 0x20, 0x00, 0xc0, 0x04, 0x00, 0x00,
  0x00, 0x00, 0x00, 0x06, 0x06, 0x60, 0xe3, 0xb0, 0xe0, 0xce, 0x30, 0x00, 0xc0, 0x40, 0x00, 0x00,
  0x00, 0x00, 0x00, 0x06, 0x06, 0x60, 0x02, 0x30, 0x40, 0x84, 0x70, 0x00, 0x80, 0x00, 0x00, 0x00,
  0x00, 0x00, 0x00, 0x06, 0x0c, 0x60, 0x00, 0x30, 0xc0, 0x0e, 0xe0, 0x00, 0xc0, 0x00, 0x00, 0x00,
  0x00, 0x00, 0x00, 0x06, 0x1c, 0x40, 0x00, 0x00, 0x00, 0x16, 0xc1, 0x00, 0x04, 0x00, 0x00, 0x00,
  0x00, 0x00, 0x00, 0x06, 0x38, 0x00, 0x00, 0x00, 0x00, 0x0f, 0xc0, 0x00, 0x00, 0x00, 0x00, 0x00,
  0x00, 0x00, 0x80, 0x06, 0xf0, 0x00, 0x00, 0x00, 0x00, 0x07, 0x08, 0x00, 0x00, 0x00, 0x00, 0x00,
  0x00, 0x00, 0x00, 0x07, 0x60, 0x00, 0x00, 0x00, 0x00, 0x00, 0x00, 0x00, 0x00, 0x00, 0x00, 0x00,
  0x00, 0x00, 0x00, 0x07, 0xc8, 0x00, 0x20, 0x00, 0x00, 0x00, 0x00, 0x00, 0x00, 0x00, 0x00, 0x00,
  0x00, 0x00, 0x00, 0x03, 0x00, 0x04, 0x00, 0x00, 0x00, 0x00, 0x00, 0x00, 0x00, 0x00, 0x00, 0x00,
  0x00, 0x00, 0x00, 0x00, 0x00, 0x00, 0x40, 0x28, 0x00, 0x00, 0x00, 0x41, 0x10, 0x40, 0x00, 0x00,
  0x00, 0x00, 0x00, 0x00, 0x00, 0x00, 0x60, 0x10, 0x00, 0x00, 0x01, 0x00, 0x00, 0x00, 0x00, 0x00,
  0x00, 0x00, 0x00, 0x00, 0x00, 0x02, 0x00, 0x00, 0x00, 0x00, 0x00, 0x00, 0x00, 0x00, 0x00, 0x00,
  0x00, 0x00, 0x00, 0x00, 0x20, 0x06, 0x00, 0x06, 0x00, 0x00, 0x02, 0x00, 0x00, 0x00, 0x00, 0x00,
  0x00, 0x00, 0x00, 0x50, 0x00, 0x03, 0x00, 0x0e, 0x00, 0x00, 0x00, 0x00, 0x80, 0x00, 0x00, 0x00,
  0x00, 0x00, 0x00, 0x00, 0x00, 0x01, 0xc0, 0x78, 0x00, 0x00, 0x00, 0x00, 0x02, 0x00, 0x00, 0x00,
  0x00, 0x00, 0x80, 0x04, 0x00, 0x40, 0xff, 0xd0, 0x00, 0x00, 0x00, 0x00, 0x00, 0x00, 0x00, 0x02,
  0x00, 0x00, 0x00, 0x80, 0x02, 0x00, 0x3f, 0xa0, 0x00, 0x00, 0x00, 0x00, 0x08, 0x00, 0x00, 0x00,
  0x00, 0x00, 0x00, 0x00, 0x20, 0x00, 0x00, 0x00, 0x00, 0x00, 0x00, 0x08, 0x00, 0x00, 0x00, 0x00
};

const uint8_t PROGMEM frame116[1024] = {
  0x00, 0x00, 0x00, 0x00, 0x00, 0x00, 0x00, 0x00, 0x00, 0x00, 0x00, 0x00, 0x00, 0x00, 0x00, 0x00,
  0x00, 0x00, 0x00, 0x00, 0x00, 0x00, 0x00, 0x00, 0x00, 0x18, 0x00, 0x00, 0x00, 0x00, 0x00, 0x00,
  0x00, 0x80, 0x00, 0x00, 0x00, 0x00, 0x00, 0x00, 0x00, 0x18, 0x00, 0x00, 0x00, 0x00, 0x00, 0x00,
  0x00, 0x00, 0x00, 0x00, 0x00, 0x00, 0x08, 0x00, 0x10, 0x38, 0x00, 0x00, 0x00, 0x00, 0x00, 0x00,
  0x00, 0x00, 0x00, 0x00, 0x00, 0x00, 0x00, 0x00, 0x18, 0x30, 0x00, 0x00, 0x00, 0x00, 0x00, 0x00,
  0x00, 0x00, 0x00, 0x00, 0x00, 0x00, 0x00, 0x00, 0x0c, 0x00, 0x00, 0x00, 0x00, 0x00, 0x00, 0x00,
  0x00, 0x02, 0x00, 0x00, 0x00, 0x00, 0x04, 0x00, 0x00, 0x00, 0x00, 0x00, 0x00, 0x00, 0x01, 0x00,
  0x00, 0x00, 0x00, 0x00, 0x00, 0x00, 0x00, 0x00, 0x01, 0xe0, 0x10, 0x00, 0x00, 0x00, 0x00, 0x00,
  0x00, 0x00, 0x00, 0x00, 0x44, 0x00, 0x00, 0x00, 0x03, 0xf9, 0xf0, 0x00, 0x00, 0x08, 0x00, 0x00,
  0x00, 0x00, 0x00, 0x00, 0x00, 0x00, 0x00, 0x00, 0x07, 0xf1, 0xf0, 0x00, 0x00, 0x00, 0x00, 0x00,
  0x00, 0x00, 0x00, 0x00, 0x04, 0x00, 0x00, 0x00, 0x07, 0xf8, 0x00, 0x00, 0x00, 0x00, 0x00, 0x00,
  0x00, 0x00, 0x00, 0x00, 0x00, 0x08, 0x40, 0x01, 0xe7, 0xf8, 0x00, 0x00, 0x00, 0x28, 0x05, 0x00,
  0x00, 0x00, 0x40, 0x00, 0x00, 0x01, 0x00, 0x03, 0xa3, 0xf0, 0x00, 0x00, 0x20, 0x00, 0x00, 0x00,
  0x00, 0x00, 0x00, 0x00, 0x00, 0x20, 0x20, 0x00, 0x01, 0xa2, 0x00, 0x00, 0x80, 0x00, 0x00, 0x00,
  0x00, 0x00, 0x00, 0x00, 0x00, 0x00, 0x00, 0x00, 0x00, 0x03, 0x04, 0x00, 0x00, 0x00, 0x00, 0x00,
  0x04, 0x00, 0x00, 0x00, 0x00, 0x00, 0x00, 0x00, 0x02, 0x03, 0xc0, 0x00, 0x00, 0x00, 0x00, 0x08,
  0x00, 0x00, 0x80, 0x00, 0x00, 0x00, 0x00, 0x00, 0x07, 0x00, 0xc0, 0x20, 0x00, 0x00, 0x00, 0x00,
  0x00, 0x00, 0x00, 0x00, 0x02, 0x00, 0x00, 0x00, 0x06, 0x00, 0x01, 0x00, 0x40, 0x00, 0x00, 0x00,
  0x02, 0x10, 0x00, 0x00, 0x08, 0x04, 0x00, 0x00, 0x0e, 0x01, 0x13, 0x02, 0x04, 0x84, 0x00, 0x00,
  0x00, 0x00, 0x00, 0x00, 0x0c, 0x06, 0x00, 0x00, 0x00, 0x13, 0x83, 0x00, 0x00, 0x00, 0x00, 0x00,
  0x00, 0x00, 0x00, 0x00, 0x08, 0x06, 0x00, 0x00, 0x00, 0x40, 0xe3, 0x00, 0x08, 0x00, 0x00, 0x84,
  0x00, 0x00, 0x00, 0x00, 0x0c, 0x04, 0x06, 0x03, 0xf0, 0x00, 0xe6, 0x00, 0x00, 0x00, 0x00, 0x00,
  0x00, 0x00, 0x00, 0x02, 0x0c, 0x06, 0x07, 0x03, 0x70, 0x00, 0x36, 0x00, 0x00, 0x00, 0x00, 0x00,
  0x00, 0x00, 0x00, 0x00, 0x08, 0x06, 0x0e, 0x06, 0x1c, 0x00, 0x3c, 0x00, 0x00, 0x00, 0x00, 0x00,
  0x00, 0x00, 0x00, 0x00, 0x0c, 0x0e, 0x0f, 0x85, 0x0c, 0x10, 0x1e, 0x01, 0x00, 0x00, 0x41, 0x00,
  0x00, 0x00, 0x00, 0x00, 0x0c, 0xbe, 0x0b, 0x02, 0x18, 0x7d, 0x0c, 0x20, 0x00, 0x00, 0x10, 0x00,
  0x00, 0x00, 0x00, 0x00, 0x0f, 0xfa, 0x1d, 0x87, 0x18, 0xfe, 0x18, 0x00, 0x00, 0x00, 0x00, 0x00,
  0x00, 0x00, 0x00, 0x00, 0x8f, 0x06, 0x7f, 0x83, 0x70, 0xc6, 0x0c, 0x02, 0x02, 0x00, 0x04, 0x04,
  0x00, 0x00, 0x00, 0x20, 0x0c, 0x06, 0x35, 0x83, 0xe0, 0xc2, 0x18, 0x1c, 0x03, 0x00, 0x00, 0x00,
  0x00, 0x00, 0x20, 0x00, 0x18, 0x06, 0x11, 0xc3, 0x00, 0xe6, 0x38, 0x1a, 0x06, 0x00, 0x00, 0x00,
  0x00, 0x00, 0x00, 0x00, 0x1c, 0x14, 0x00, 0xc1, 0x80, 0x7e, 0x10, 0x0c, 0x06, 0x00, 0x00, 0x00,
  0x00, 0x00, 0x00, 0x00, 0x08, 0x06, 0x00, 0xc3, 0x00, 0xf8, 0x38, 0x07, 0x14, 0x00, 0x00, 0x00,
  0x00, 0x40, 0x20, 0x00, 0x1c, 0x06, 0x00, 0x01, 0x80, 0x40, 0x72, 0x03, 0x06, 0x80, 0x00, 0x00,
  0x00, 0x00, 0x00, 0x02, 0x08, 0x06, 0x00, 0x03, 0x00, 0xe0, 0x60, 0x03, 0x8c, 0x00, 0x00, 0x00,
  0x00, 0x40, 0x00, 0x00, 0x18, 0x04, 0x00, 0x00, 0x00, 0xc0, 0x10, 0x01, 0x4c, 0x20, 0x08, 0x00,
  0x00, 0x00, 0x00, 0x00, 0x18, 0x02, 0x00, 0x00, 0x00, 0x20, 0x00, 0x60, 0xcc, 0x00, 0x00, 0x00,
  0x00, 0x00, 0x00, 0x00, 0x94, 0x00, 0x00, 0x00, 0x10, 0x80, 0x00, 0xe0, 0xe8, 0x00, 0x00, 0x00,
  0x00, 0x00, 0x00, 0x08, 0x00, 0x50, 0x71, 0xfe, 0x60, 0x40, 0x01, 0xe0, 0x7c, 0x00, 0x00, 0x00,
  0x00, 0x00, 0x00, 0x07, 0xe0, 0x41, 0xf8, 0xf4, 0x30, 0x40, 0x09, 0xb0, 0x38, 0x00, 0x00, 0x00,
  0x00, 0x00, 0x00, 0x0f, 0xe0, 0x00, 0x8c, 0x10, 0x30, 0xe1, 0x01, 0xb0, 0x10, 0x00, 0x00, 0x00,
  0x00, 0x00, 0x00, 0x08, 0x60, 0x01, 0xdc, 0x30, 0x70, 0xc0, 0x07, 0xf0, 0x18, 0x00, 0x00, 0x00,
  0x00, 0x00, 0x00, 0x0c, 0x60, 0x01, 0xb8, 0x30, 0x3f, 0xe0, 0x4f, 0xb8, 0x30, 0x00, 0x00, 0x00,
  0x00, 0x00, 0x00, 0x07, 0xf0, 0x70, 0xe8, 0x30, 0x75, 0x4f, 0x82, 0x18, 0x30, 0x00, 0x21, 0x00,
  0x00, 0x00, 0x00, 0x0f, 0xfc, 0x61, 0xf0, 0x30, 0x60, 0xe7, 0xe6, 0x18, 0x60, 0x00, 0x00, 0x00,
  0x00, 0x00, 0x00, 0x0f, 0x0c, 0x31, 0x58, 0x30, 0x60, 0x4c, 0x60, 0x4c, 0x20, 0x00, 0x00, 0x00,
  0x00, 0x00, 0x00, 0x06, 0x06, 0x61, 0x9e, 0x10, 0x20, 0xe4, 0x70, 0x0c, 0x60, 0x00, 0x00, 0x80,
  0x00, 0x00, 0x00, 0x0c, 0x06, 0x31, 0x47, 0x38, 0x70, 0x4e, 0x30, 0x00, 0x60, 0x00, 0x00, 0x00,
  0x00, 0x00, 0x00, 0x06, 0x8e, 0x60, 0x00, 0x30, 0x60, 0x0c, 0x70, 0x00, 0xc0, 0x00, 0x00, 0x00,
  0x00, 0x00, 0x00, 0x0e, 0x0c, 0x30, 0x00, 0x30, 0x00, 0x06, 0xa0, 0x00, 0x40, 0x00, 0x00, 0x00,
  0x00, 0x00, 0x00, 0x06, 0x1c, 0x60, 0x00, 0x38, 0x00, 0x1c, 0xe1, 0x00, 0xc4, 0x02, 0x00, 0x00,
  0x00, 0x00, 0x00, 0x06, 0x38, 0x20, 0x00, 0x10, 0x00, 0x07, 0xc0, 0x00, 0x80, 0x00, 0x00, 0x00,
  0x00, 0x00, 0x80, 0x0c, 0x70, 0x00, 0x01, 0x00, 0x00, 0x0f, 0x48, 0x00, 0x00, 0x00, 0x00, 0x00,
  0x00, 0x00, 0x00, 0x06, 0xe0, 0x00, 0x00, 0x00, 0x00, 0x05, 0x00, 0x00, 0x00, 0x08, 0x00, 0x00,
  0x00, 0x00, 0x00, 0x07, 0xc0, 0x00, 0x00, 0x00, 0x00, 0x00, 0x00, 0x00, 0x00, 0x00, 0x00, 0x00,
  0x00, 0x00, 0x00, 0x07, 0x08, 0x00, 0x00, 0x00, 0x00, 0x00, 0x00, 0x00, 0x00, 0x00, 0x00, 0x00,
  0x00, 0x00, 0x00, 0x00, 0x00, 0x00, 0x60, 0x10, 0x00, 0x00, 0x00, 0x40, 0x10, 0x40, 0x00, 0x00,
  0x00, 0x00, 0x00, 0x00, 0x00, 0x02, 0x40, 0x10, 0x00, 0x00, 0x01, 0x00, 0x00, 0x00, 0x00, 0x00,
  0x00, 0x00, 0x00, 0x00, 0x20, 0x00, 0x00, 0x00, 0x00, 0x00, 0x00, 0x00, 0x80, 0x00, 0x00, 0x00,
  0x00, 0x00, 0x00, 0x00, 0x00, 0x06, 0x00, 0x06, 0x00, 0x00, 0x02, 0x00, 0x00, 0x00, 0x00, 0x00,
  0x00, 0x00, 0x00, 0x50, 0x20, 0x03, 0x80, 0x0e, 0x00, 0x00, 0x00, 0x00, 0x02, 0x00, 0x00, 0x00,
  0x00, 0x00, 0x00, 0x00, 0x00, 0x01, 0xc0, 0x78, 0x00, 0x00, 0x00, 0x00, 0x00, 0x00, 0x00, 0x00,
  0x00, 0x00, 0x80, 0x04, 0x00, 0x00, 0xff, 0xd0, 0x00, 0x00, 0x00, 0x00, 0x08, 0x00, 0x00, 0x00,
  0x00, 0x00, 0x00, 0x80, 0x00, 0x00, 0x1f, 0xc0, 0x00, 0x00, 0x00, 0x00, 0x00, 0x00, 0x00, 0x00,
  0x00, 0x00, 0x00, 0x00, 0x21, 0x00, 0x00, 0x00, 0x00, 0x00, 0x00, 0x08, 0x40, 0x00, 0x00, 0x00
};

const uint8_t PROGMEM frame117[1024] = {
  0x00, 0x00, 0x00, 0x00, 0x00, 0x00, 0x00, 0x00, 0x00, 0x00, 0x00, 0x00, 0x00, 0x00, 0x00, 0x00,
  0x00, 0x00, 0x00, 0x00, 0x00, 0x00, 0x20, 0x00, 0x00, 0x18, 0x00, 0x00, 0x00, 0x00, 0x00, 0x00,
  0x00, 0x00, 0x00, 0x00, 0x00, 0x00, 0x00, 0x00, 0x00, 0x18, 0x00, 0x00, 0x00, 0x00, 0x00, 0x00,
  0x00, 0x00, 0x00, 0x00, 0x00, 0x00, 0x04, 0x00, 0x10, 0x38, 0x00, 0x00, 0x00, 0x00, 0x00, 0x00,
  0x00, 0x00, 0x00, 0x00, 0x00, 0x00, 0x00, 0x00, 0x18, 0x30, 0x00, 0x00, 0x00, 0x00, 0x00, 0x00,
  0x00, 0x00, 0x00, 0x00, 0x00, 0x00, 0x00, 0x00, 0x0c, 0x00, 0x00, 0x00, 0x00, 0x00, 0x00, 0x00,
  0x00, 0x00, 0x00, 0x00, 0x00, 0x00, 0x00, 0x00, 0x00, 0x00, 0x00, 0x00, 0x00, 0x00, 0x00, 0x00,
  0x00, 0x00, 0x00, 0x00, 0x00, 0x00, 0x02, 0x00, 0x01, 0xe0, 0x10, 0x00, 0x00, 0x00, 0x00, 0x00,
  0x00, 0x00, 0x00, 0x00, 0x00, 0x00, 0x00, 0x00, 0x03, 0xf9, 0xf0, 0x00, 0x00, 0x00, 0x00, 0x00,
  0x00, 0x00, 0x00, 0x00, 0x10, 0x00, 0x00, 0x00, 0x07, 0xf1, 0xf0, 0x00, 0x00, 0x00, 0x00, 0x00,
  0x00, 0x00, 0x00, 0x00, 0x00, 0x00, 0x00, 0x00, 0x07, 0xf8, 0x00, 0x00, 0x00, 0x00, 0x00, 0x00,
  0x00, 0x00, 0x00, 0x00, 0x04, 0x00, 0x40, 0x01, 0xe7, 0xf8, 0x00, 0x00, 0x00, 0x10, 0x00, 0x00,
  0x00, 0x00, 0x40, 0x00, 0x00, 0x01, 0x00, 0x03, 0xa3, 0xf0, 0x00, 0x00, 0x00, 0x00, 0x02, 0x00,
  0x00, 0x00, 0x00, 0x00, 0x00, 0x00, 0x00, 0x00, 0x01, 0xa2, 0x08, 0x00, 0x00, 0x00, 0x00, 0x00,
  0x00, 0x00, 0x00, 0x00, 0x00, 0x00, 0x00, 0x00, 0x00, 0x03, 0x00, 0x00, 0x00, 0x00, 0x00, 0x10,
  0x00, 0x00, 0x00, 0x00, 0x00, 0x00, 0x00, 0x00, 0x02, 0x03, 0xc0, 0x00, 0x00, 0x00, 0x00, 0x00,
  0x00, 0x00, 0x00, 0x00, 0x00, 0x00, 0x00, 0x00, 0x07, 0x00, 0xc0, 0x00, 0x08, 0x00, 0x00, 0x00,
  0x00, 0x01, 0x00, 0x00, 0x00, 0x00, 0x00, 0x00, 0x06, 0x00, 0x03, 0x00, 0x40, 0x00, 0x00, 0x00,
  0x00, 0x00, 0x00, 0x00, 0x08, 0x26, 0x00, 0x00, 0x0e, 0x09, 0x11, 0x02, 0x00, 0x00, 0x00, 0x00,
  0x00, 0x00, 0x00, 0x00, 0x0c, 0x04, 0x00, 0x00, 0x00, 0x23, 0x83, 0x00, 0x00, 0x00, 0x00, 0x00,
  0x00, 0x00, 0x00, 0x00, 0x08, 0x06, 0x00, 0x00, 0x00, 0x40, 0xe3, 0x08, 0x04, 0x00, 0x41, 0x00,
  0x00, 0x00, 0x00, 0x00, 0x0c, 0x06, 0x06, 0x01, 0xe0, 0x00, 0xc6, 0x00, 0x00, 0x00, 0x00, 0x00,
  0x00, 0x00, 0x00, 0x00, 0x08, 0x04, 0x07, 0x07, 0x78, 0x00, 0x76, 0x00, 0x00, 0x00, 0x00, 0x00,
  0x00, 0x00, 0x00, 0x00, 0x0c, 0x06, 0x0f, 0x02, 0x18, 0x00, 0x1e, 0x00, 0x00, 0x00, 0x00, 0x00,
  0x00, 0x08, 0x00, 0x00, 0x0c, 0x0e, 0x0f, 0x06, 0x0c, 0x00, 0x1c, 0x00, 0x80, 0x00, 0x00, 0x00,
  0x02, 0x00, 0x00, 0x00, 0x4c, 0xbe, 0x0d, 0x03, 0x1c, 0x7c, 0x0c, 0x00, 0x00, 0x00, 0x10, 0x00,
  0x00, 0x00, 0x00, 0x00, 0x0f, 0xfc, 0x3b, 0x86, 0x38, 0xfe, 0x9c, 0x00, 0x00, 0x00, 0x00, 0x00,
  0x00, 0x00, 0x00, 0x00, 0x8e, 0x86, 0x5f, 0x83, 0xe0, 0xc6, 0x08, 0x08, 0x02, 0x00, 0x00, 0x04,
  0x00, 0x00, 0x00, 0x10, 0x0c, 0x06, 0x3a, 0xc3, 0xa0, 0xc6, 0x38, 0x1a, 0x03, 0x00, 0x20, 0x00,
  0x00, 0x00, 0x00, 0x00, 0x08, 0x06, 0x11, 0x83, 0x40, 0xe6, 0x18, 0x1c, 0x06, 0x00, 0x00, 0x00,
  0x00, 0x00, 0x10, 0x00, 0x1c, 0x04, 0x00, 0xc1, 0x00, 0x7c, 0x30, 0x0c, 0x02, 0x00, 0x00, 0x00,
  0x00, 0x00, 0x00, 0x00, 0x08, 0x06, 0x00, 0xc3, 0x80, 0xf4, 0x32, 0x07, 0x06, 0x00, 0x00, 0x00,
  0x00, 0x00, 0x20, 0x00, 0x1c, 0x06, 0x00, 0x03, 0x00, 0x40, 0x70, 0x03, 0x0e, 0x00, 0x00, 0x00,
  0x00, 0x40, 0x00, 0x00, 0x08, 0x06, 0x00, 0x01, 0x00, 0xe0, 0x28, 0x03, 0x84, 0x80, 0x00, 0x00,
  0x00, 0x00, 0x00, 0x00, 0x18, 0x04, 0x00, 0x01, 0x00, 0xc0, 0x20, 0x01, 0x4c, 0x00, 0x08, 0x10,
  0x00, 0x00, 0x00, 0x00, 0x18, 0x02, 0x00, 0x00, 0x00, 0x00, 0x00, 0x60, 0xdc, 0x00, 0x00, 0x00,
  0x00, 0x00, 0x00, 0x04, 0x90, 0x00, 0x00, 0x00, 0x10, 0x00, 0x00, 0xe0, 0xe8, 0x00, 0x00, 0x00,
  0x00, 0x00, 0x00, 0x00, 0x00, 0x50, 0x71, 0xfe, 0x30, 0xc2, 0x01, 0xe0, 0x38, 0x00, 0x00, 0x00,
  0x00, 0x00, 0x00, 0x0b, 0xe0, 0x40, 0xf8, 0xfa, 0x60, 0x60, 0x01, 0xb0, 0x38, 0x00, 0x00, 0x00,
  0x00, 0x00, 0x00, 0x0f, 0xe0, 0x01, 0x9c, 0x20, 0x30, 0xc0, 0x01, 0xb0, 0x18, 0x02, 0x00, 0x00,
  0x00, 0x00, 0x00, 0x0c, 0x60, 0x01, 0xc8, 0x30, 0x30, 0xe0, 0x0f, 0xf0, 0x30, 0x00, 0x00, 0x10,
  0x00, 0x00, 0x00, 0x04, 0x60, 0x20, 0xbc, 0x30, 0x7f, 0xc1, 0x07, 0xf8, 0x30, 0x00, 0x00, 0x00,
  0x00, 0x00, 0x00, 0x0e, 0xf0, 0x61, 0xf0, 0x30, 0x35, 0x67, 0x86, 0x18, 0x30, 0x00, 0x00, 0x00,
  0x00, 0x00, 0x00, 0x0f, 0xfc, 0x70, 0xf0, 0x30, 0x60, 0x67, 0xe2, 0x18, 0x60, 0x00, 0x01, 0x00,
  0x00, 0x00, 0x00, 0x07, 0x8e, 0x21, 0xb8, 0x10, 0x60, 0xcc, 0x60, 0x0c, 0x20, 0x00, 0x00, 0x00,
  0x00, 0x00, 0x00, 0x0e, 0x04, 0x71, 0x8e, 0x30, 0x60, 0x64, 0x70, 0x08, 0x60, 0x00, 0x00, 0x00,
  0x00, 0x00, 0x00, 0x0c, 0x06, 0x21, 0x4e, 0xb8, 0x60, 0x8e, 0x30, 0x00, 0x60, 0x00, 0x00, 0x00,
  0x00, 0x00, 0x00, 0x06, 0x0e, 0x70, 0x00, 0x10, 0x20, 0x44, 0x70, 0x00, 0xc0, 0x00, 0x00, 0x00,
  0x00, 0x00, 0x00, 0x0e, 0x0c, 0x20, 0x00, 0x38, 0x00, 0x0e, 0x60, 0x00, 0xc0, 0x00, 0x00, 0x00,
  0x00, 0x00, 0x00, 0x04, 0x1c, 0x60, 0x00, 0x30, 0x00, 0x0c, 0xe1, 0x00, 0xc0, 0x00, 0x00, 0x00,
  0x00, 0x00, 0x00, 0x06, 0x38, 0x20, 0x00, 0x10, 0x00, 0x0f, 0xc0, 0x00, 0x80, 0x00, 0x00, 0x00,
  0x00, 0x00, 0x00, 0x0e, 0x70, 0x00, 0x00, 0x00, 0x00, 0x07, 0x40, 0x00, 0x00, 0x00, 0x00, 0x00,
  0x00, 0x00, 0x00, 0x06, 0xe0, 0x00, 0x00, 0x00, 0x00, 0x05, 0x00, 0x00, 0x00, 0x00, 0x00, 0x00,
  0x00, 0x00, 0x00, 0x07, 0xc8, 0x00, 0x00, 0x00, 0x00, 0x00, 0x00, 0x00, 0x00, 0x00, 0x00, 0x00,
  0x00, 0x00, 0x00, 0x07, 0x00, 0x00, 0x00, 0x00, 0x00, 0x00, 0x00, 0x00, 0x00, 0x00, 0x00, 0x00,
  0x00, 0x00, 0x00, 0x00, 0x00, 0x04, 0x60, 0x10, 0x00, 0x00, 0x00, 0x40, 0x10, 0x00, 0x00, 0x00,
  0x00, 0x00, 0x00, 0x00, 0x00, 0x00, 0x40, 0x10, 0x00, 0x00, 0x00, 0x00, 0x00, 0x20, 0x00, 0x00,
  0x00, 0x00, 0x00, 0x00, 0x00, 0x00, 0x00, 0x00, 0x00, 0x00, 0x02, 0x00, 0x00, 0x00, 0x01, 0x00,
  0x00, 0x00, 0x00, 0x00, 0x00, 0x06, 0x00, 0x06, 0x00, 0x00, 0x00, 0x00, 0x80, 0x40, 0x00, 0x00,
  0x00, 0x00, 0x00, 0x08, 0x20, 0x03, 0x80, 0x0e, 0x00, 0x00, 0x00, 0x00, 0x00, 0x00, 0x00, 0x00,
  0x00, 0x00, 0x00, 0x40, 0x00, 0x01, 0xc0, 0x7c, 0x00, 0x00, 0x00, 0x00, 0x02, 0x00, 0x00, 0x00,
  0x00, 0x00, 0x00, 0x00, 0x00, 0x40, 0xff, 0xe8, 0x00, 0x00, 0x00, 0x20, 0x00, 0x00, 0x00, 0x00,
  0x00, 0x00, 0x00, 0x04, 0x00, 0x00, 0x1f, 0xa0, 0x00, 0x00, 0x00, 0x00, 0x00, 0x00, 0x00, 0x00,
  0x00, 0x00, 0x00, 0x80, 0x00, 0x80, 0x00, 0x00, 0x00, 0x00, 0x00, 0x00, 0x00, 0x00, 0x00, 0x00
};

const uint8_t PROGMEM frame118[1024] = {
  0x00, 0x00, 0x00, 0x00, 0x00, 0x00, 0x00, 0x00, 0x00, 0x00, 0x00, 0x00, 0x00, 0x00, 0x00, 0x00,
  0x00, 0x00, 0x00, 0x00, 0x00, 0x00, 0x20, 0x00, 0x00, 0x18, 0x00, 0x00, 0x00, 0x00, 0x00, 0x00,
  0x00, 0x00, 0x00, 0x00, 0x00, 0x00, 0x00, 0x00, 0x00, 0x18, 0x00, 0x00, 0x00, 0x00, 0x00, 0x00,
  0x00, 0x00, 0x00, 0x00, 0x00, 0x00, 0x04, 0x00, 0x10, 0x38, 0x00, 0x00, 0x00, 0x00, 0x00, 0x00,
  0x00, 0x00, 0x00, 0x00, 0x00, 0x00, 0x00, 0x00, 0x18, 0x30, 0x00, 0x00, 0x00, 0x00, 0x00, 0x00,
  0x00, 0x00, 0x00, 0x00, 0x00, 0x00, 0x00, 0x00, 0x0c, 0x00, 0x00, 0x00, 0x00, 0x00, 0x00, 0x00,
  0x00, 0x00, 0x00, 0x00, 0x00, 0x00, 0x00, 0x00, 0x00, 0x00, 0x00, 0x00, 0x00, 0x00, 0x00, 0x00,
  0x00, 0x00, 0x00, 0x00, 0x00, 0x00, 0x02, 0x00, 0x01, 0xe0, 0x10, 0x00, 0x00, 0x00, 0x00, 0x00,
  0x00, 0x00, 0x00, 0x00, 0x00, 0x00, 0x00, 0x00, 0x03, 0xf9, 0xf0, 0x00, 0x00, 0x00, 0x00, 0x00,
  0x00, 0x00, 0x00, 0x00, 0x10, 0x00, 0x00, 0x00, 0x07, 0xf1, 0xf0, 0x00, 0x00, 0x00, 0x00, 0x00,
  0x00, 0x00, 0x00, 0x00, 0x00, 0x00, 0x00, 0x00, 0x07, 0xf8, 0x00, 0x00, 0x00, 0x00, 0x00, 0x00,
  0x00, 0x00, 0x00, 0x00, 0x04, 0x00, 0x40, 0x01, 0xe7, 0xf8, 0x00, 0x00, 0x00, 0x10, 0x00, 0x00,
  0x00, 0x00, 0x40, 0x00, 0x00, 0x01, 0x00, 0x03, 0xa3, 0xf0, 0x00, 0x00, 0x00, 0x00, 0x02, 0x00,
  0x00, 0x00, 0x00, 0x00, 0x00, 0x00, 0x00, 0x00, 0x01, 0xa2, 0x08, 0x00, 0x00, 0x00, 0x00, 0x00,
  0x00, 0x00, 0x00, 0x00, 0x00, 0x00, 0x00, 0x00, 0x00, 0x03, 0x00, 0x00, 0x00, 0x00, 0x00, 0x10,
  0x00, 0x00, 0x00, 0x00, 0x00, 0x00, 0x00, 0x00, 0x02, 0x03, 0xc0, 0x00, 0x00, 0x00, 0x00, 0x00,
  0x00, 0x00, 0x00, 0x00, 0x00, 0x00, 0x00, 0x00, 0x07, 0x00, 0xc0, 0x00, 0x08, 0x00, 0x00, 0x00,
  0x00, 0x01, 0x00, 0x00, 0x00, 0x00, 0x00, 0x00, 0x06, 0x00, 0x03, 0x00, 0x40, 0x00, 0x00, 0x00,
  0x00, 0x00, 0x00, 0x00, 0x08, 0x26, 0x00, 0x00, 0x0e, 0x09, 0x11, 0x02, 0x00, 0x00, 0x00, 0x00,
  0x00, 0x00, 0x00, 0x00, 0x0c, 0x04, 0x00, 0x00, 0x00, 0x23, 0x83, 0x00, 0x00, 0x00, 0x00, 0x00,
  0x00, 0x00, 0x00, 0x00, 0x08, 0x06, 0x00, 0x00, 0x00, 0x40, 0xe3, 0x08, 0x04, 0x00, 0x41, 0x00,
  0x00, 0x00, 0x00, 0x00, 0x0c, 0x06, 0x06, 0x01, 0xe0, 0x00, 0xc6, 0x00, 0x00, 0x00, 0x00, 0x00,
  0x00, 0x00, 0x00, 0x00, 0x08, 0x04, 0x07, 0x07, 0x78, 0x00, 0x76, 0x00, 0x00, 0x00, 0x00, 0x00,
  0x00, 0x00, 0x00, 0x00, 0x0c, 0x06, 0x0f, 0x02, 0x18, 0x00, 0x1e, 0x00, 0x00, 0x00, 0x00, 0x00,
  0x00, 0x08, 0x00, 0x00, 0x0c, 0x0e, 0x0f, 0x06, 0x0c, 0x00, 0x1c, 0x00, 0x80, 0x00, 0x00, 0x00,
  0x02, 0x00, 0x00, 0x00, 0x4c, 0xbe, 0x0d, 0x03, 0x1c, 0x7c, 0x0c, 0x00, 0x00, 0x00, 0x10, 0x00,
  0x00, 0x00, 0x00, 0x00, 0x0f, 0xfc, 0x3b, 0x86, 0x38, 0xfe, 0x9c, 0x00, 0x00, 0x00, 0x00, 0x00,
  0x00, 0x00, 0x00, 0x00, 0x8e, 0x86, 0x5f, 0x83, 0xe0, 0xc6, 0x08, 0x08, 0x02, 0x00, 0x00, 0x04,
  0x00, 0x00, 0x00, 0x10, 0x0c, 0x06, 0x3a, 0xc3, 0xa0, 0xc6, 0x38, 0x1a, 0x03, 0x00, 0x20, 0x00,
  0x00, 0x00, 0x00, 0x00, 0x08, 0x06, 0x11, 0x83, 0x40, 0xe6, 0x18, 0x1c, 0x06, 0x00, 0x00, 0x00,
  0x00, 0x00, 0x10, 0x00, 0x1c, 0x04, 0x00, 0xc1, 0x00, 0x7c, 0x30, 0x0c, 0x02, 0x00, 0x00, 0x00,
  0x00, 0x00, 0x00, 0x00, 0x08, 0x06, 0x00, 0xc3, 0x80, 0xf4, 0x32, 0x07, 0x06, 0x00, 0x00, 0x00,
  0x00, 0x00, 0x20, 0x00, 0x1c, 0x06, 0x00, 0x03, 0x00, 0x40, 0x70, 0x03, 0x0e, 0x00, 0x00, 0x00,
  0x00, 0x40, 0x00, 0x00, 0x08, 0x06, 0x00, 0x01, 0x00, 0xe0, 0x28, 0x03, 0x84, 0x80, 0x00, 0x00,
  0x00, 0x00, 0x00, 0x00, 0x18, 0x04, 0x00, 0x01, 0x00, 0xc0, 0x20, 0x01, 0x4c, 0x00, 0x08, 0x10,
  0x00, 0x00, 0x00, 0x00, 0x18, 0x02, 0x00, 0x00, 0x00, 0x00, 0x00, 0x60, 0xdc, 0x00, 0x00, 0x00,
  0x00, 0x00, 0x00, 0x04, 0x90, 0x00, 0x00, 0x00, 0x10, 0x00, 0x00, 0xe0, 0xe8, 0x00, 0x00, 0x00,
  0x00, 0x00, 0x00, 0x00, 0x00, 0x50, 0x71, 0xfe, 0x30, 0xc2, 0x01, 0xe0, 0x38, 0x00, 0x00, 0x00,
  0x00, 0x00, 0x00, 0x0b, 0xe0, 0x40, 0xf8, 0xfa, 0x60, 0x60, 0x01, 0xb0, 0x38, 0x00, 0x00, 0x00,
  0x00, 0x00, 0x00, 0x0f, 0xe0, 0x01, 0x9c, 0x20, 0x30, 0xc0, 0x01, 0xb0, 0x18, 0x02, 0x00, 0x00,
  0x00, 0x00, 0x00, 0x0c, 0x60, 0x01, 0xc8, 0x30, 0x30, 0xe0, 0x0f, 0xf0, 0x30, 0x00, 0x00, 0x10,
  0x00, 0x00, 0x00, 0x04, 0x60, 0x20, 0xbc, 0x30, 0x7f, 0xc1, 0x07, 0xf8, 0x30, 0x00, 0x00, 0x00,
  0x00, 0x00, 0x00, 0x0e, 0xf0, 0x61, 0xf0, 0x30, 0x35, 0x67, 0x86, 0x18, 0x30, 0x00, 0x00, 0x00,
  0x00, 0x00, 0x00, 0x0f, 0xfc, 0x70, 0xf0, 0x30, 0x60, 0x67, 0xe2, 0x18, 0x60, 0x00, 0x01, 0x00,
  0x00, 0x00, 0x00, 0x07, 0x8e, 0x21, 0xb8, 0x10, 0x60, 0xcc, 0x60, 0x0c, 0x20, 0x00, 0x00, 0x00,
  0x00, 0x00, 0x00, 0x0e, 0x04, 0x71, 0x8e, 0x30, 0x60, 0x64, 0x70, 0x08, 0x60, 0x00, 0x00, 0x00,
  0x00, 0x00, 0x00, 0x0c, 0x06, 0x21, 0x4e, 0xb8, 0x60, 0x8e, 0x30, 0x00, 0x60, 0x00, 0x00, 0x00,
  0x00, 0x00, 0x00, 0x06, 0x0e, 0x70, 0x00, 0x10, 0x20, 0x44, 0x70, 0x00, 0xc0, 0x00, 0x00, 0x00,
  0x00, 0x00, 0x00, 0x0e, 0x0c, 0x20, 0x00, 0x38, 0x00, 0x0e, 0x60, 0x00, 0xc0, 0x00, 0x00, 0x00,
  0x00, 0x00, 0x00, 0x04, 0x1c, 0x60, 0x00, 0x30, 0x00, 0x0c, 0xe1, 0x00, 0xc0, 0x00, 0x00, 0x00,
  0x00, 0x00, 0x00, 0x06, 0x38, 0x20, 0x00, 0x10, 0x00, 0x0f, 0xc0, 0x00, 0x80, 0x00, 0x00, 0x00,
  0x00, 0x00, 0x00, 0x0e, 0x70, 0x00, 0x00, 0x00, 0x00, 0x07, 0x40, 0x00, 0x00, 0x00, 0x00, 0x00,
  0x00, 0x00, 0x00, 0x06, 0xe0, 0x00, 0x00, 0x00, 0x00, 0x05, 0x00, 0x00, 0x00, 0x00, 0x00, 0x00,
  0x00, 0x00, 0x00, 0x07, 0xc8, 0x00, 0x00, 0x00, 0x00, 0x00, 0x00, 0x00, 0x00, 0x00, 0x00, 0x00,
  0x00, 0x00, 0x00, 0x07, 0x00, 0x00, 0x00, 0x00, 0x00, 0x00, 0x00, 0x00, 0x00, 0x00, 0x00, 0x00,
  0x00, 0x00, 0x00, 0x00, 0x00, 0x04, 0x60, 0x10, 0x00, 0x00, 0x00, 0x40, 0x10, 0x00, 0x00, 0x00,
  0x00, 0x00, 0x00, 0x00, 0x00, 0x00, 0x40, 0x10, 0x00, 0x00, 0x00, 0x00, 0x00, 0x20, 0x00, 0x00,
  0x00, 0x00, 0x00, 0x00, 0x00, 0x00, 0x00, 0x00, 0x00, 0x00, 0x02, 0x00, 0x00, 0x00, 0x01, 0x00,
  0x00, 0x00, 0x00, 0x00, 0x00, 0x06, 0x00, 0x06, 0x00, 0x00, 0x00, 0x00, 0x80, 0x40, 0x00, 0x00,
  0x00, 0x00, 0x00, 0x08, 0x20, 0x03, 0x80, 0x0e, 0x00, 0x00, 0x00, 0x00, 0x00, 0x00, 0x00, 0x00,
  0x00, 0x00, 0x00, 0x40, 0x00, 0x01, 0xc0, 0x7c, 0x00, 0x00, 0x00, 0x00, 0x02, 0x00, 0x00, 0x00,
  0x00, 0x00, 0x00, 0x00, 0x00, 0x40, 0xff, 0xe8, 0x00, 0x00, 0x00, 0x20, 0x00, 0x00, 0x00, 0x00,
  0x00, 0x00, 0x00, 0x04, 0x00, 0x00, 0x1f, 0xa0, 0x00, 0x00, 0x00, 0x00, 0x00, 0x00, 0x00, 0x00,
  0x00, 0x00, 0x00, 0x80, 0x00, 0x80, 0x00, 0x00, 0x00, 0x00, 0x00, 0x00, 0x00, 0x00, 0x00, 0x00
};

const uint8_t PROGMEM frame119[1024] = {
  0x00, 0x00, 0x00, 0x00, 0x00, 0x00, 0x00, 0x00, 0x00, 0x00, 0x00, 0x00, 0x00, 0x00, 0x00, 0x00,
  0x00, 0x00, 0x00, 0x00, 0x00, 0x00, 0x20, 0x00, 0x00, 0x18, 0x00, 0x00, 0x00, 0x00, 0x00, 0x00,
  0x00, 0x00, 0x00, 0x00, 0x00, 0x00, 0x00, 0x00, 0x00, 0x18, 0x00, 0x00, 0x00, 0x00, 0x00, 0x00,
  0x00, 0x00, 0x00, 0x00, 0x00, 0x00, 0x04, 0x00, 0x10, 0x38, 0x00, 0x00, 0x00, 0x00, 0x00, 0x00,
  0x00, 0x00, 0x00, 0x00, 0x00, 0x00, 0x00, 0x00, 0x18, 0x30, 0x00, 0x00, 0x00, 0x00, 0x00, 0x00,
  0x00, 0x00, 0x00, 0x00, 0x00, 0x00, 0x00, 0x00, 0x0c, 0x00, 0x00, 0x00, 0x00, 0x00, 0x00, 0x00,
  0x00, 0x00, 0x00, 0x00, 0x00, 0x00, 0x00, 0x00, 0x00, 0x00, 0x00, 0x00, 0x00, 0x00, 0x00, 0x00,
  0x00, 0x00, 0x00, 0x00, 0x00, 0x00, 0x02, 0x00, 0x01, 0xe0, 0x10, 0x00, 0x00, 0x00, 0x00, 0x00,
  0x00, 0x00, 0x00, 0x00, 0x00, 0x00, 0x00, 0x00, 0x03, 0xf9, 0xf0, 0x00, 0x00, 0x00, 0x00, 0x00,
  0x00, 0x00, 0x00, 0x00, 0x10, 0x00, 0x00, 0x00, 0x07, 0xf1, 0xf0, 0x00, 0x00, 0x00, 0x00, 0x00,
  0x00, 0x00, 0x00, 0x00, 0x00, 0x00, 0x00, 0x00, 0x07, 0xf8, 0x00, 0x00, 0x00, 0x00, 0x00, 0x00,
  0x00, 0x00, 0x00, 0x00, 0x04, 0x00, 0x40, 0x01, 0xe7, 0xf8, 0x00, 0x00, 0x00, 0x10, 0x00, 0x00,
  0x00, 0x00, 0x40, 0x00, 0x00, 0x01, 0x00, 0x03, 0xa3, 0xf0, 0x00, 0x00, 0x00, 0x00, 0x02, 0x00,
  0x00, 0x00, 0x00, 0x00, 0x00, 0x00, 0x00, 0x00, 0x01, 0xa2, 0x08, 0x00, 0x00, 0x00, 0x00, 0x00,
  0x00, 0x00, 0x00, 0x00, 0x00, 0x00, 0x00, 0x00, 0x00, 0x03, 0x00, 0x00, 0x00, 0x00, 0x00, 0x10,
  0x00, 0x00, 0x00, 0x00, 0x00, 0x00, 0x00, 0x00, 0x02, 0x03, 0xc0, 0x00, 0x00, 0x00, 0x00, 0x00,
  0x00, 0x00, 0x00, 0x00, 0x00, 0x00, 0x00, 0x00, 0x07, 0x00, 0xc0, 0x00, 0x08, 0x00, 0x00, 0x00,
  0x00, 0x01, 0x00, 0x00, 0x00, 0x00, 0x00, 0x00, 0x06, 0x00, 0x03, 0x00, 0x40, 0x00, 0x00, 0x00,
  0x00, 0x00, 0x00, 0x00, 0x08, 0x26, 0x00, 0x00, 0x0e, 0x09, 0x11, 0x02, 0x00, 0x00, 0x00, 0x00,
  0x00, 0x00, 0x00, 0x00, 0x0c, 0x04, 0x00, 0x00, 0x00, 0x23, 0x83, 0x00, 0x00, 0x00, 0x00, 0x00,
  0x00, 0x00, 0x00, 0x00, 0x08, 0x06, 0x00, 0x00, 0x00, 0x40, 0xe3, 0x08, 0x04, 0x00, 0x41, 0x00,
  0x00, 0x00, 0x00, 0x00, 0x0c, 0x06, 0x06, 0x01, 0xe0, 0x00, 0xc6, 0x00, 0x00, 0x00, 0x00, 0x00,
  0x00, 0x00, 0x00, 0x00, 0x08, 0x04, 0x07, 0x07, 0x78, 0x00, 0x76, 0x00, 0x00, 0x00, 0x00, 0x00,
  0x00, 0x00, 0x00, 0x00, 0x0c, 0x06, 0x0f, 0x02, 0x18, 0x00, 0x1e, 0x00, 0x00, 0x00, 0x00, 0x00,
  0x00, 0x08, 0x00, 0x00, 0x0c, 0x0e, 0x0f, 0x06, 0x0c, 0x00, 0x1c, 0x00, 0x80, 0x00, 0x00, 0x00,
  0x02, 0x00, 0x00, 0x00, 0x4c, 0xbe, 0x0d, 0x03, 0x1c, 0x7c, 0x0c, 0x00, 0x00, 0x00, 0x10, 0x00,
  0x00, 0x00, 0x00, 0x00, 0x0f, 0xfc, 0x3b, 0x86, 0x38, 0xfe, 0x9c, 0x00, 0x00, 0x00, 0x00, 0x00,
  0x00, 0x00, 0x00, 0x00, 0x8e, 0x86, 0x5f, 0x83, 0xe0, 0xc6, 0x08, 0x08, 0x02, 0x00, 0x00, 0x04,
  0x00, 0x00, 0x00, 0x10, 0x0c, 0x06, 0x3a, 0xc3, 0xa0, 0xc6, 0x38, 0x1a, 0x03, 0x00, 0x20, 0x00,
  0x00, 0x00, 0x00, 0x00, 0x08, 0x06, 0x11, 0x83, 0x40, 0xe6, 0x18, 0x1c, 0x06, 0x00, 0x00, 0x00,
  0x00, 0x00, 0x10, 0x00, 0x1c, 0x04, 0x00, 0xc1, 0x00, 0x7c, 0x30, 0x0c, 0x02, 0x00, 0x00, 0x00,
  0x00, 0x00, 0x00, 0x00, 0x08, 0x06, 0x00, 0xc3, 0x80, 0xf4, 0x32, 0x07, 0x06, 0x00, 0x00, 0x00,
  0x00, 0x00, 0x20, 0x00, 0x1c, 0x06, 0x00, 0x03, 0x00, 0x40, 0x70, 0x03, 0x0e, 0x00, 0x00, 0x00,
  0x00, 0x40, 0x00, 0x00, 0x08, 0x06, 0x00, 0x01, 0x00, 0xe0, 0x28, 0x03, 0x84, 0x80, 0x00, 0x00,
  0x00, 0x00, 0x00, 0x00, 0x18, 0x04, 0x00, 0x01, 0x00, 0xc0, 0x20, 0x01, 0x4c, 0x00, 0x08, 0x10,
  0x00, 0x00, 0x00, 0x00, 0x18, 0x02, 0x00, 0x00, 0x00, 0x00, 0x00, 0x60, 0xdc, 0x00, 0x00, 0x00,
  0x00, 0x00, 0x00, 0x04, 0x90, 0x00, 0x00, 0x00, 0x10, 0x00, 0x00, 0xe0, 0xe8, 0x00, 0x00, 0x00,
  0x00, 0x00, 0x00, 0x00, 0x00, 0x50, 0x71, 0xfe, 0x30, 0xc2, 0x01, 0xe0, 0x38, 0x00, 0x00, 0x00,
  0x00, 0x00, 0x00, 0x0b, 0xe0, 0x40, 0xf8, 0xfa, 0x60, 0x60, 0x01, 0xb0, 0x38, 0x00, 0x00, 0x00,
  0x00, 0x00, 0x00, 0x0f, 0xe0, 0x01, 0x9c, 0x20, 0x30, 0xc0, 0x01, 0xb0, 0x18, 0x02, 0x00, 0x00,
  0x00, 0x00, 0x00, 0x0c, 0x60, 0x01, 0xc8, 0x30, 0x30, 0xe0, 0x0f, 0xf0, 0x30, 0x00, 0x00, 0x10,
  0x00, 0x00, 0x00, 0x04, 0x60, 0x20, 0xbc, 0x30, 0x7f, 0xc1, 0x07, 0xf8, 0x30, 0x00, 0x00, 0x00,
  0x00, 0x00, 0x00, 0x0e, 0xf0, 0x61, 0xf0, 0x30, 0x35, 0x67, 0x86, 0x18, 0x30, 0x00, 0x00, 0x00,
  0x00, 0x00, 0x00, 0x0f, 0xfc, 0x70, 0xf0, 0x30, 0x60, 0x67, 0xe2, 0x18, 0x60, 0x00, 0x01, 0x00,
  0x00, 0x00, 0x00, 0x07, 0x8e, 0x21, 0xb8, 0x10, 0x60, 0xcc, 0x60, 0x0c, 0x20, 0x00, 0x00, 0x00,
  0x00, 0x00, 0x00, 0x0e, 0x04, 0x71, 0x8e, 0x30, 0x60, 0x64, 0x70, 0x08, 0x60, 0x00, 0x00, 0x00,
  0x00, 0x00, 0x00, 0x0c, 0x06, 0x21, 0x4e, 0xb8, 0x60, 0x8e, 0x30, 0x00, 0x60, 0x00, 0x00, 0x00,
  0x00, 0x00, 0x00, 0x06, 0x0e, 0x70, 0x00, 0x10, 0x20, 0x44, 0x70, 0x00, 0xc0, 0x00, 0x00, 0x00,
  0x00, 0x00, 0x00, 0x0e, 0x0c, 0x20, 0x00, 0x38, 0x00, 0x0e, 0x60, 0x00, 0xc0, 0x00, 0x00, 0x00,
  0x00, 0x00, 0x00, 0x04, 0x1c, 0x60, 0x00, 0x30, 0x00, 0x0c, 0xe1, 0x00, 0xc0, 0x00, 0x00, 0x00,
  0x00, 0x00, 0x00, 0x06, 0x38, 0x20, 0x00, 0x10, 0x00, 0x0f, 0xc0, 0x00, 0x80, 0x00, 0x00, 0x00,
  0x00, 0x00, 0x00, 0x0e, 0x70, 0x00, 0x00, 0x00, 0x00, 0x07, 0x40, 0x00, 0x00, 0x00, 0x00, 0x00,
  0x00, 0x00, 0x00, 0x06, 0xe0, 0x00, 0x00, 0x00, 0x00, 0x05, 0x00, 0x00, 0x00, 0x00, 0x00, 0x00,
  0x00, 0x00, 0x00, 0x07, 0xc8, 0x00, 0x00, 0x00, 0x00, 0x00, 0x00, 0x00, 0x00, 0x00, 0x00, 0x00,
  0x00, 0x00, 0x00, 0x07, 0x00, 0x00, 0x00, 0x00, 0x00, 0x00, 0x00, 0x00, 0x00, 0x00, 0x00, 0x00,
  0x00, 0x00, 0x00, 0x00, 0x00, 0x04, 0x60, 0x10, 0x00, 0x00, 0x00, 0x40, 0x10, 0x00, 0x00, 0x00,
  0x00, 0x00, 0x00, 0x00, 0x00, 0x00, 0x40, 0x10, 0x00, 0x00, 0x00, 0x00, 0x00, 0x20, 0x00, 0x00,
  0x00, 0x00, 0x00, 0x00, 0x00, 0x00, 0x00, 0x00, 0x00, 0x00, 0x02, 0x00, 0x00, 0x00, 0x01, 0x00,
  0x00, 0x00, 0x00, 0x00, 0x00, 0x06, 0x00, 0x06, 0x00, 0x00, 0x00, 0x00, 0x80, 0x40, 0x00, 0x00,
  0x00, 0x00, 0x00, 0x08, 0x20, 0x03, 0x80, 0x0e, 0x00, 0x00, 0x00, 0x00, 0x00, 0x00, 0x00, 0x00,
  0x00, 0x00, 0x00, 0x40, 0x00, 0x01, 0xc0, 0x7c, 0x00, 0x00, 0x00, 0x00, 0x02, 0x00, 0x00, 0x00,
  0x00, 0x00, 0x00, 0x00, 0x00, 0x40, 0xff, 0xe8, 0x00, 0x00, 0x00, 0x20, 0x00, 0x00, 0x00, 0x00,
  0x00, 0x00, 0x00, 0x04, 0x00, 0x00, 0x1f, 0xa0, 0x00, 0x00, 0x00, 0x00, 0x00, 0x00, 0x00, 0x00,
  0x00, 0x00, 0x00, 0x80, 0x00, 0x80, 0x00, 0x00, 0x00, 0x00, 0x00, 0x00, 0x00, 0x00, 0x00, 0x00
};

const uint8_t PROGMEM frame120[1024] = {
  0x00, 0x00, 0x00, 0x00, 0x00, 0x00, 0x00, 0x00, 0x00, 0x00, 0x00, 0x00, 0x00, 0x00, 0x00, 0x00,
  0x00, 0x00, 0x00, 0x00, 0x00, 0x00, 0x20, 0x00, 0x00, 0x18, 0x00, 0x00, 0x00, 0x00, 0x00, 0x00,
  0x00, 0x00, 0x00, 0x00, 0x00, 0x00, 0x00, 0x00, 0x00, 0x18, 0x00, 0x00, 0x00, 0x00, 0x00, 0x00,
  0x00, 0x00, 0x00, 0x00, 0x00, 0x00, 0x00, 0x00, 0x10, 0x38, 0x00, 0x00, 0x00, 0x00, 0x00, 0x00,
  0x00, 0x00, 0x00, 0x00, 0x00, 0x00, 0x00, 0x00, 0x18, 0x30, 0x00, 0x00, 0x00, 0x00, 0x00, 0x00,
  0x00, 0x00, 0x00, 0x00, 0x00, 0x00, 0x00, 0x00, 0x0c, 0x00, 0x00, 0x00, 0x00, 0x00, 0x00, 0x00,
  0x00, 0x00, 0x00, 0x00, 0x00, 0x00, 0x02, 0x00, 0x00, 0x00, 0x00, 0x00, 0x00, 0x00, 0x00, 0x00,
  0x00, 0x00, 0x00, 0x00, 0x00, 0x00, 0x00, 0x00, 0x01, 0xe0, 0x10, 0x00, 0x00, 0x00, 0x00, 0x00,
  0x00, 0x00, 0x00, 0x00, 0x00, 0x00, 0x00, 0x00, 0x03, 0xf9, 0xf0, 0x00, 0x00, 0x00, 0x00, 0x00,
  0x00, 0x00, 0x00, 0x00, 0x00, 0x00, 0x00, 0x00, 0x07, 0xf1, 0xf0, 0x00, 0x00, 0x00, 0x00, 0x00,
  0x00, 0x00, 0x00, 0x00, 0x00, 0x00, 0x00, 0x00, 0x07, 0xf8, 0x00, 0x00, 0x00, 0x00, 0x00, 0x00,
  0x00, 0x00, 0x00, 0x00, 0x00, 0x00, 0x00, 0x01, 0xe7, 0xf8, 0x00, 0x00, 0x00, 0x00, 0x00, 0x00,
  0x00, 0x00, 0x00, 0x00, 0x00, 0x00, 0x40, 0x03, 0xa3, 0xf0, 0x00, 0x00, 0x00, 0x10, 0x00, 0x00,
  0x00, 0x00, 0x00, 0x00, 0x00, 0x00, 0x00, 0x00, 0x01, 0xa2, 0x08, 0x00, 0x00, 0x00, 0x00, 0x00,
  0x00, 0x00, 0x00, 0x00, 0x00, 0x00, 0x00, 0x00, 0x00, 0x03, 0x00, 0x00, 0x00, 0x00, 0x00, 0x10,
  0x00, 0x00, 0x00, 0x00, 0x00, 0x00, 0x00, 0x00, 0x02, 0x03, 0xc0, 0x00, 0x00, 0x00, 0x00, 0x00,
  0x00, 0x00, 0x00, 0x00, 0x00, 0x00, 0x00, 0x00, 0x07, 0x00, 0xc0, 0x00, 0x00, 0x00, 0x00, 0x00,
  0x00, 0x00, 0x00, 0x00, 0x00, 0x02, 0x00, 0x00, 0x06, 0x00, 0x03, 0x00, 0x00, 0x00, 0x00, 0x00,
  0x00, 0x00, 0x00, 0x00, 0x0c, 0x24, 0x00, 0x00, 0x0e, 0x13, 0x03, 0x02, 0x00, 0x00, 0x00, 0x00,
  0x00, 0x00, 0x00, 0x00, 0x0a, 0x06, 0x00, 0x00, 0x00, 0x03, 0xa6, 0x00, 0x00, 0x00, 0x00, 0x00,
  0x00, 0x00, 0x00, 0x00, 0x0c, 0x02, 0x00, 0x00, 0xc0, 0x40, 0xc6, 0x00, 0x08, 0x00, 0x00, 0x80,
  0x00, 0x00, 0x00, 0x00, 0x0c, 0x07, 0x02, 0x07, 0xf0, 0x00, 0xea, 0x00, 0x00, 0x00, 0x00, 0x00,
  0x00, 0x00, 0x00, 0x00, 0x0c, 0x06, 0x0e, 0x05, 0x30, 0x00, 0x36, 0x00, 0x00, 0x00, 0x00, 0x00,
  0x00, 0x00, 0x00, 0x00, 0x0a, 0x02, 0x0e, 0x06, 0x18, 0x00, 0x3c, 0x00, 0x00, 0x00, 0x00, 0x00,
  0x00, 0x00, 0x00, 0x00, 0x0c, 0x0e, 0x0f, 0x04, 0x18, 0x38, 0x1c, 0x00, 0x80, 0x00, 0x00, 0x00,
  0x00, 0x00, 0x00, 0x00, 0x0d, 0x7f, 0x1b, 0x06, 0x18, 0xfe, 0x0c, 0x00, 0x00, 0x00, 0x10, 0x00,
  0x00, 0x00, 0x00, 0x00, 0x0f, 0xf6, 0x1b, 0x03, 0x70, 0x47, 0x18, 0x00, 0x00, 0x00, 0x00, 0x00,
  0x00, 0x00, 0x00, 0x00, 0x4e, 0x06, 0x7f, 0x87, 0xd0, 0xe6, 0x38, 0x18, 0x03, 0x00, 0x00, 0x00,
  0x00, 0x00, 0x00, 0x00, 0x0c, 0x03, 0x3f, 0x83, 0x40, 0x43, 0x18, 0x0c, 0x03, 0x00, 0x00, 0x00,
  0x00, 0x00, 0x00, 0x20, 0x0c, 0x06, 0x31, 0x83, 0x00, 0x6e, 0x30, 0x0e, 0x02, 0x00, 0x10, 0x00,
  0x00, 0x00, 0x10, 0x00, 0x0c, 0x06, 0x00, 0x83, 0x00, 0x7e, 0x30, 0x0e, 0x06, 0x00, 0x00, 0x00,
  0x00, 0x00, 0x00, 0x00, 0x0c, 0x02, 0x01, 0xc3, 0x00, 0x70, 0x60, 0x03, 0x06, 0x00, 0x00, 0x00,
  0x00, 0x00, 0x20, 0x00, 0x0c, 0x06, 0x00, 0x83, 0x00, 0xc0, 0x68, 0x03, 0x86, 0x40, 0x00, 0x00,
  0x00, 0x40, 0x00, 0x00, 0x08, 0x06, 0x00, 0x01, 0x00, 0x60, 0x40, 0x01, 0x8c, 0x00, 0x00, 0x00,
  0x00, 0x00, 0x00, 0x00, 0x1c, 0x02, 0x00, 0x00, 0x00, 0x40, 0x00, 0x40, 0xcc, 0x00, 0x00, 0x00,
  0x00, 0x00, 0x00, 0x00, 0x08, 0x00, 0x00, 0x00, 0x00, 0x00, 0x00, 0xe0, 0xec, 0x00, 0x00, 0x10,
  0x00, 0x00, 0x00, 0x00, 0x08, 0x00, 0x00, 0x14, 0x60, 0x80, 0x00, 0xe0, 0x78, 0x00, 0x00, 0x00,
  0x00, 0x00, 0x00, 0x00, 0x80, 0x60, 0x71, 0xff, 0x20, 0xc0, 0x01, 0xb0, 0x3c, 0x00, 0x00, 0x00,
  0x00, 0x00, 0x00, 0x0f, 0x80, 0x08, 0xfc, 0x74, 0x70, 0xc0, 0x11, 0xf0, 0x18, 0x00, 0x00, 0x00,
  0x00, 0x00, 0x00, 0x0e, 0xe0, 0x00, 0xcc, 0x18, 0x60, 0xc0, 0x01, 0xb0, 0x18, 0x00, 0x00, 0x00,
  0x00, 0x00, 0x00, 0x18, 0xe0, 0x00, 0xcc, 0x30, 0x2b, 0xc1, 0x07, 0xf8, 0x30, 0x00, 0x00, 0x00,
  0x00, 0x00, 0x00, 0x0c, 0xc0, 0x30, 0xdc, 0x18, 0x7e, 0xc5, 0x07, 0x58, 0x10, 0x00, 0x00, 0x00,
  0x00, 0x00, 0x00, 0x19, 0xd0, 0x60, 0xf8, 0x30, 0x68, 0xcf, 0xc3, 0x18, 0x30, 0x00, 0x01, 0x00,
  0x00, 0x00, 0x00, 0x0f, 0xf0, 0x31, 0xf0, 0x18, 0x60, 0xc4, 0xe2, 0x0c, 0x70, 0x00, 0x00, 0x00,
  0x00, 0x00, 0x00, 0x0f, 0x3c, 0x20, 0xbc, 0x30, 0x60, 0xce, 0x60, 0x0c, 0x20, 0x00, 0x00, 0x00,
  0x00, 0x00, 0x00, 0x0e, 0x0c, 0x31, 0x8e, 0x18, 0x60, 0xa4, 0x30, 0x08, 0x60, 0x00, 0x00, 0x00,
  0x00, 0x00, 0x00, 0x0c, 0x0c, 0x30, 0xc7, 0x30, 0x40, 0x8c, 0x60, 0x00, 0x60, 0x00, 0x00, 0x00,
  0x00, 0x00, 0x00, 0x0c, 0x0c, 0x30, 0x00, 0x18, 0x60, 0x0c, 0x70, 0x00, 0xc0, 0x00, 0x00, 0x00,
  0x00, 0x00, 0x00, 0x0c, 0x1a, 0x30, 0x00, 0x30, 0x00, 0x06, 0x60, 0x00, 0x40, 0x00, 0x00, 0x00,
  0x00, 0x00, 0x00, 0x0c, 0x18, 0x30, 0x00, 0x18, 0x00, 0x0d, 0xc0, 0x00, 0xc0, 0x00, 0x00, 0x00,
  0x00, 0x00, 0x00, 0x0c, 0x38, 0x00, 0x00, 0x00, 0x00, 0x0f, 0xc0, 0x00, 0x80, 0x00, 0x00, 0x00,
  0x00, 0x00, 0x00, 0x0c, 0x70, 0x00, 0x00, 0x00, 0x00, 0x0d, 0x00, 0x00, 0x00, 0x00, 0x00, 0x00,
  0x00, 0x00, 0x00, 0x0e, 0xe0, 0x00, 0x00, 0x00, 0x00, 0x02, 0x00, 0x00, 0x00, 0x00, 0x00, 0x00,
  0x00, 0x00, 0x00, 0x0f, 0x80, 0x00, 0x00, 0x00, 0x00, 0x00, 0x00, 0x00, 0x00, 0x00, 0x00, 0x00,
  0x00, 0x00, 0x00, 0x07, 0x00, 0x00, 0x00, 0x00, 0x00, 0x00, 0x00, 0x00, 0x00, 0x00, 0x00, 0x00,
  0x00, 0x00, 0x00, 0x04, 0x00, 0x00, 0x60, 0x10, 0x00, 0x00, 0x00, 0x40, 0x00, 0x00, 0x00, 0x00,
  0x00, 0x00, 0x00, 0x00, 0x04, 0x00, 0x40, 0x10, 0x00, 0x00, 0x00, 0x00, 0x00, 0x20, 0x00, 0x00,
  0x00, 0x00, 0x00, 0x00, 0x20, 0x00, 0x00, 0x00, 0x00, 0x00, 0x00, 0x00, 0x00, 0x00, 0x00, 0x00,
  0x00, 0x00, 0x00, 0x00, 0x00, 0x07, 0x00, 0x06, 0x00, 0x00, 0x01, 0x00, 0x00, 0x40, 0x00, 0x00,
  0x00, 0x00, 0x00, 0x00, 0x00, 0x03, 0x00, 0x0e, 0x00, 0x00, 0x00, 0x00, 0x80, 0x00, 0x00, 0x00,
  0x00, 0x00, 0x00, 0x10, 0x00, 0x01, 0xc0, 0x78, 0x00, 0x00, 0x00, 0x00, 0x02, 0x00, 0x00, 0x00,
  0x00, 0x00, 0x00, 0x00, 0x00, 0x00, 0xff, 0xe8, 0x00, 0x00, 0x00, 0x00, 0x00, 0x00, 0x00, 0x00,
  0x00, 0x00, 0x00, 0x40, 0x00, 0x20, 0x3f, 0xa0, 0x00, 0x00, 0x00, 0x00, 0x00, 0x00, 0x00, 0x00,
  0x00, 0x00, 0x00, 0x00, 0x00, 0x00, 0x00, 0x00, 0x00, 0x00, 0x00, 0x00, 0x00, 0x00, 0x00, 0x00
};

const uint8_t PROGMEM frame121[1024] = {
  0x00, 0x00, 0x00, 0x00, 0x00, 0x00, 0x00, 0x00, 0x00, 0x00, 0x00, 0x00, 0x00, 0x00, 0x00, 0x00,
  0x00, 0x00, 0x00, 0x00, 0x00, 0x00, 0x20, 0x00, 0x00, 0x18, 0x00, 0x00, 0x00, 0x00, 0x00, 0x00,
  0x00, 0x00, 0x00, 0x00, 0x00, 0x00, 0x00, 0x00, 0x00, 0x18, 0x00, 0x00, 0x00, 0x00, 0x00, 0x00,
  0x00, 0x00, 0x00, 0x00, 0x00, 0x00, 0x00, 0x00, 0x10, 0x38, 0x00, 0x00, 0x00, 0x00, 0x00, 0x00,
  0x00, 0x00, 0x00, 0x00, 0x00, 0x00, 0x00, 0x00, 0x18, 0x30, 0x00, 0x00, 0x00, 0x00, 0x00, 0x00,
  0x00, 0x00, 0x00, 0x00, 0x00, 0x00, 0x00, 0x00, 0x0c, 0x00, 0x00, 0x00, 0x00, 0x00, 0x00, 0x00,
  0x00, 0x00, 0x00, 0x00, 0x00, 0x00, 0x02, 0x00, 0x00, 0x00, 0x00, 0x00, 0x00, 0x00, 0x00, 0x00,
  0x00, 0x00, 0x00, 0x00, 0x00, 0x00, 0x00, 0x00, 0x01, 0xe0, 0x10, 0x00, 0x00, 0x00, 0x00, 0x00,
  0x00, 0x00, 0x00, 0x00, 0x00, 0x00, 0x00, 0x00, 0x03, 0xf9, 0xf0, 0x00, 0x00, 0x00, 0x00, 0x00,
  0x00, 0x00, 0x00, 0x00, 0x00, 0x00, 0x00, 0x00, 0x07, 0xf1, 0xf0, 0x00, 0x00, 0x00, 0x00, 0x00,
  0x00, 0x00, 0x00, 0x00, 0x00, 0x00, 0x00, 0x00, 0x07, 0xf8, 0x00, 0x00, 0x00, 0x00, 0x00, 0x00,
  0x00, 0x00, 0x00, 0x00, 0x00, 0x00, 0x00, 0x01, 0xe7, 0xf8, 0x00, 0x00, 0x00, 0x00, 0x00, 0x00,
  0x00, 0x00, 0x00, 0x00, 0x00, 0x00, 0x40, 0x03, 0xa3, 0xf0, 0x00, 0x00, 0x00, 0x10, 0x00, 0x00,
  0x00, 0x00, 0x00, 0x00, 0x00, 0x00, 0x00, 0x00, 0x01, 0xa2, 0x08, 0x00, 0x00, 0x00, 0x00, 0x00,
  0x00, 0x00, 0x00, 0x00, 0x00, 0x00, 0x00, 0x00, 0x00, 0x03, 0x00, 0x00, 0x00, 0x00, 0x00, 0x10,
  0x00, 0x00, 0x00, 0x00, 0x00, 0x00, 0x00, 0x00, 0x02, 0x03, 0xc0, 0x00, 0x00, 0x00, 0x00, 0x00,
  0x00, 0x00, 0x00, 0x00, 0x00, 0x00, 0x00, 0x00, 0x07, 0x00, 0xc0, 0x00, 0x00, 0x00, 0x00, 0x00,
  0x00, 0x00, 0x00, 0x00, 0x00, 0x02, 0x00, 0x00, 0x06, 0x00, 0x03, 0x00, 0x00, 0x00, 0x00, 0x00,
  0x00, 0x00, 0x00, 0x00, 0x0c, 0x24, 0x00, 0x00, 0x0e, 0x13, 0x03, 0x02, 0x00, 0x00, 0x00, 0x00,
  0x00, 0x00, 0x00, 0x00, 0x0a, 0x06, 0x00, 0x00, 0x00, 0x03, 0xa6, 0x00, 0x00, 0x00, 0x00, 0x00,
  0x00, 0x00, 0x00, 0x00, 0x0c, 0x02, 0x00, 0x00, 0xc0, 0x40, 0xc6, 0x00, 0x08, 0x00, 0x00, 0x80,
  0x00, 0x00, 0x00, 0x00, 0x0c, 0x07, 0x02, 0x07, 0xf0, 0x00, 0xea, 0x00, 0x00, 0x00, 0x00, 0x00,
  0x00, 0x00, 0x00, 0x00, 0x0c, 0x06, 0x0e, 0x05, 0x30, 0x00, 0x36, 0x00, 0x00, 0x00, 0x00, 0x00,
  0x00, 0x00, 0x00, 0x00, 0x0a, 0x02, 0x0e, 0x06, 0x18, 0x00, 0x3c, 0x00, 0x00, 0x00, 0x00, 0x00,
  0x00, 0x00, 0x00, 0x00, 0x0c, 0x0e, 0x0f, 0x04, 0x18, 0x38, 0x1c, 0x00, 0x80, 0x00, 0x00, 0x00,
  0x00, 0x00, 0x00, 0x00, 0x0d, 0x7f, 0x1b, 0x06, 0x18, 0xfe, 0x0c, 0x00, 0x00, 0x00, 0x10, 0x00,
  0x00, 0x00, 0x00, 0x00, 0x0f, 0xf6, 0x1b, 0x03, 0x70, 0x47, 0x18, 0x00, 0x00, 0x00, 0x00, 0x00,
  0x00, 0x00, 0x00, 0x00, 0x4e, 0x06, 0x7f, 0x87, 0xd0, 0xe6, 0x38, 0x18, 0x03, 0x00, 0x00, 0x00,
  0x00, 0x00, 0x00, 0x00, 0x0c, 0x03, 0x3f, 0x83, 0x40, 0x43, 0x18, 0x0c, 0x03, 0x00, 0x00, 0x00,
  0x00, 0x00, 0x00, 0x20, 0x0c, 0x06, 0x31, 0x83, 0x00, 0x6e, 0x30, 0x0e, 0x02, 0x00, 0x10, 0x00,
  0x00, 0x00, 0x10, 0x00, 0x0c, 0x06, 0x00, 0x83, 0x00, 0x7e, 0x30, 0x0e, 0x06, 0x00, 0x00, 0x00,
  0x00, 0x00, 0x00, 0x00, 0x0c, 0x02, 0x01, 0xc3, 0x00, 0x70, 0x60, 0x03, 0x06, 0x00, 0x00, 0x00,
  0x00, 0x00, 0x20, 0x00, 0x0c, 0x06, 0x00, 0x83, 0x00, 0xc0, 0x68, 0x03, 0x86, 0x40, 0x00, 0x00,
  0x00, 0x40, 0x00, 0x00, 0x08, 0x06, 0x00, 0x01, 0x00, 0x60, 0x40, 0x01, 0x8c, 0x00, 0x00, 0x00,
  0x00, 0x00, 0x00, 0x00, 0x1c, 0x02, 0x00, 0x00, 0x00, 0x40, 0x00, 0x40, 0xcc, 0x00, 0x00, 0x00,
  0x00, 0x00, 0x00, 0x00, 0x08, 0x00, 0x00, 0x00, 0x00, 0x00, 0x00, 0xe0, 0xec, 0x00, 0x00, 0x10,
  0x00, 0x00, 0x00, 0x00, 0x08, 0x00, 0x00, 0x14, 0x60, 0x80, 0x00, 0xe0, 0x78, 0x00, 0x00, 0x00,
  0x00, 0x00, 0x00, 0x00, 0x80, 0x60, 0x71, 0xff, 0x20, 0xc0, 0x01, 0xb0, 0x3c, 0x00, 0x00, 0x00,
  0x00, 0x00, 0x00, 0x0f, 0x80, 0x08, 0xfc, 0x74, 0x70, 0xc0, 0x11, 0xf0, 0x18, 0x00, 0x00, 0x00,
  0x00, 0x00, 0x00, 0x0e, 0xe0, 0x00, 0xcc, 0x18, 0x60, 0xc0, 0x01, 0xb0, 0x18, 0x00, 0x00, 0x00,
  0x00, 0x00, 0x00, 0x18, 0xe0, 0x00, 0xcc, 0x30, 0x2b, 0xc1, 0x07, 0xf8, 0x30, 0x00, 0x00, 0x00,
  0x00, 0x00, 0x00, 0x0c, 0xc0, 0x30, 0xdc, 0x18, 0x7e, 0xc5, 0x07, 0x58, 0x10, 0x00, 0x00, 0x00,
  0x00, 0x00, 0x00, 0x19, 0xd0, 0x60, 0xf8, 0x30, 0x68, 0xcf, 0xc3, 0x18, 0x30, 0x00, 0x01, 0x00,
  0x00, 0x00, 0x00, 0x0f, 0xf0, 0x31, 0xf0, 0x18, 0x60, 0xc4, 0xe2, 0x0c, 0x70, 0x00, 0x00, 0x00,
  0x00, 0x00, 0x00, 0x0f, 0x3c, 0x20, 0xbc, 0x30, 0x60, 0xce, 0x60, 0x0c, 0x20, 0x00, 0x00, 0x00,
  0x00, 0x00, 0x00, 0x0e, 0x0c, 0x31, 0x8e, 0x18, 0x60, 0xa4, 0x30, 0x08, 0x60, 0x00, 0x00, 0x00,
  0x00, 0x00, 0x00, 0x0c, 0x0c, 0x30, 0xc7, 0x30, 0x40, 0x8c, 0x60, 0x00, 0x60, 0x00, 0x00, 0x00,
  0x00, 0x00, 0x00, 0x0c, 0x0c, 0x30, 0x00, 0x18, 0x60, 0x0c, 0x70, 0x00, 0xc0, 0x00, 0x00, 0x00,
  0x00, 0x00, 0x00, 0x0c, 0x1a, 0x30, 0x00, 0x30, 0x00, 0x06, 0x60, 0x00, 0x40, 0x00, 0x00, 0x00,
  0x00, 0x00, 0x00, 0x0c, 0x18, 0x30, 0x00, 0x18, 0x00, 0x0d, 0xc0, 0x00, 0xc0, 0x00, 0x00, 0x00,
  0x00, 0x00, 0x00, 0x0c, 0x38, 0x00, 0x00, 0x00, 0x00, 0x0f, 0xc0, 0x00, 0x80, 0x00, 0x00, 0x00,
  0x00, 0x00, 0x00, 0x0c, 0x70, 0x00, 0x00, 0x00, 0x00, 0x0d, 0x00, 0x00, 0x00, 0x00, 0x00, 0x00,
  0x00, 0x00, 0x00, 0x0e, 0xe0, 0x00, 0x00, 0x00, 0x00, 0x02, 0x00, 0x00, 0x00, 0x00, 0x00, 0x00,
  0x00, 0x00, 0x00, 0x0f, 0x80, 0x00, 0x00, 0x00, 0x00, 0x00, 0x00, 0x00, 0x00, 0x00, 0x00, 0x00,
  0x00, 0x00, 0x00, 0x07, 0x00, 0x00, 0x00, 0x00, 0x00, 0x00, 0x00, 0x00, 0x00, 0x00, 0x00, 0x00,
  0x00, 0x00, 0x00, 0x04, 0x00, 0x00, 0x60, 0x10, 0x00, 0x00, 0x00, 0x40, 0x00, 0x00, 0x00, 0x00,
  0x00, 0x00, 0x00, 0x00, 0x04, 0x00, 0x40, 0x10, 0x00, 0x00, 0x00, 0x00, 0x00, 0x20, 0x00, 0x00,
  0x00, 0x00, 0x00, 0x00, 0x20, 0x00, 0x00, 0x00, 0x00, 0x00, 0x00, 0x00, 0x00, 0x00, 0x00, 0x00,
  0x00, 0x00, 0x00, 0x00, 0x00, 0x07, 0x00, 0x06, 0x00, 0x00, 0x01, 0x00, 0x00, 0x40, 0x00, 0x00,
  0x00, 0x00, 0x00, 0x00, 0x00, 0x03, 0x00, 0x0e, 0x00, 0x00, 0x00, 0x00, 0x80, 0x00, 0x00, 0x00,
  0x00, 0x00, 0x00, 0x10, 0x00, 0x01, 0xc0, 0x78, 0x00, 0x00, 0x00, 0x00, 0x02, 0x00, 0x00, 0x00,
  0x00, 0x00, 0x00, 0x00, 0x00, 0x00, 0xff, 0xe8, 0x00, 0x00, 0x00, 0x00, 0x00, 0x00, 0x00, 0x00,
  0x00, 0x00, 0x00, 0x40, 0x00, 0x20, 0x3f, 0xa0, 0x00, 0x00, 0x00, 0x00, 0x00, 0x00, 0x00, 0x00,
  0x00, 0x00, 0x00, 0x00, 0x00, 0x00, 0x00, 0x00, 0x00, 0x00, 0x00, 0x00, 0x00, 0x00, 0x00, 0x00
};
#endif
